Song,Artist,Compound,Negative,Neutral,Positive,popularity,explicit,danceability,energy,key,loudness,mode,speechiness,acousticness,instrumentalness,liveness,valence,tempo,track_genre
"Andante, Andante",ABBA,0.9877,0.0,0.85,0.15,58,False,0.523,0.361,10,-10.718,1,0.0238,0.684,0.000348,0.0671,0.38,101.887,swedish
Bang,ABBA,0.9971,0.025,0.647,0.327,13,False,0.726,0.943,0,-4.48,1,0.0671,0.00234,0.0839,0.196,0.51,128.025,breakbeat
Cassandra,ABBA,-0.9956,0.222,0.712,0.067,22,False,0.144,0.987,0,-4.283,1,0.179,9.11e-05,0.28,0.348,0.399,177.502,goth
Chiquitita,ABBA,-0.964,0.161,0.743,0.096,46,False,0.715,0.556,9,-6.102,1,0.0453,0.667,0.0,0.132,0.902,87.973,afrobeat
Crying Over You,ABBA,0.6904,0.032,0.89,0.078,13,False,0.672,0.559,2,-12.426,0,0.0349,0.0462,0.000466,0.102,0.512,109.99,chicago-house
Dance,ABBA,-0.938,0.12,0.801,0.079,7,False,0.866,0.715,10,-11.844,0,0.0806,0.00472,0.00381,0.0449,0.807,120.353,chicago-house
Dancing Queen,ABBA,0.836,0.026,0.906,0.068,0,True,0.908,0.559,11,-6.329,1,0.333,0.00656,0.0,0.234,0.616,143.993,alternative
Does Your Mother Know,ABBA,0.9974,0.027,0.731,0.242,60,False,0.703,0.824,7,-5.17,1,0.0364,0.0504,9.19e-05,0.097,0.971,135.24,swedish
Fernando,ABBA,0.9493,0.098,0.753,0.149,68,False,0.354,0.535,9,-8.876,1,0.0303,0.627,2.9e-06,0.0808,0.434,110.821,swedish
Happy New Year,ABBA,0.9962,0.072,0.664,0.263,47,False,0.691,0.935,2,-2.791,1,0.431,0.284,0.0,0.132,0.71,118.694,k-pop
Head Over Heels,ABBA,0.8853,0.065,0.828,0.107,1,False,0.602,0.839,4,-4.251,0,0.0255,0.502,0.00118,0.095,0.653,95.16,synth-pop
"Honey, Honey",ABBA,0.9199,0.066,0.805,0.13,64,False,0.474,0.804,5,-7.763,1,0.0473,0.309,1.81e-06,0.552,0.757,140.507,swedish
I Have A Dream,ABBA,0.9623,0.047,0.772,0.181,64,False,0.549,0.374,10,-12.049,1,0.0244,0.6,0.0,0.178,0.439,104.311,swedish
Just A Notion,ABBA,0.8305,0.032,0.846,0.122,58,False,0.584,0.795,0,-5.705,1,0.0287,0.259,0.000361,0.302,0.83,131.997,swedish
Lay All Your Love On Me,ABBA,0.9958,0.095,0.614,0.291,74,False,0.678,0.727,2,-7.844,0,0.0258,0.117,0.00396,0.354,0.71,133.481,swedish
Lovelight,ABBA,0.9882,0.059,0.788,0.154,8,False,0.73,0.691,8,-12.89,1,0.0378,0.0872,0.0278,0.122,0.93,124.196,detroit-techno
Lovers,ABBA,0.9977,0.023,0.66,0.317,59,False,0.554,0.486,8,-8.856,1,0.0403,0.458,0.00737,0.136,0.422,94.984,electro
Mamma Mia,ABBA,-0.9511,0.148,0.802,0.05,1,False,0.739,0.806,2,-5.723,1,0.0309,0.255,0.000176,0.442,0.807,137.524,swedish
Merry-Go-Round,ABBA,0.9989,0.072,0.556,0.372,56,False,0.591,0.914,5,-5.617,0,0.0737,0.00267,0.0,0.0801,0.451,119.971,anime
Move On,ABBA,0.987,0.02,0.888,0.092,50,False,0.778,0.502,4,-10.358,0,0.0285,0.383,0.000506,0.0944,0.319,97.04,deep-house
One Of Us,ABBA,-0.6661,0.146,0.706,0.148,0,False,0.223,0.557,9,-5.133,1,0.0332,0.0233,1e-06,0.149,0.335,175.926,singer-songwriter
Our Last Summer,ABBA,0.9916,0.072,0.721,0.207,61,False,0.504,0.528,2,-7.889,1,0.0244,0.72,6.28e-05,0.432,0.414,98.341,swedish
Slipping Through My Fingers,ABBA,0.9863,0.037,0.785,0.178,70,False,0.475,0.26,5,-15.997,1,0.0322,0.796,0.0016,0.109,0.339,137.212,swedish
So Long,ABBA,-0.827,0.056,0.931,0.013,51,True,0.781,0.563,5,-6.106,0,0.0641,0.0687,0.0,0.113,0.581,113.276,sad
Soldiers,ABBA,0.9335,0.033,0.882,0.085,64,False,0.592,0.877,2,-4.05,0,0.0502,0.0095,0.000171,0.131,0.712,117.106,grunge
SOS,ABBA,-0.9791,0.194,0.783,0.023,0,False,0.802,0.645,5,-6.181,0,0.0714,0.272,0.0,0.119,0.376,100.001,dance
Take A Chance On Me,ABBA,0.9988,0.052,0.699,0.249,74,False,0.684,0.675,11,-8.123,1,0.0257,0.163,0.0,0.242,0.924,107.064,swedish
Thank You For The Music,ABBA,0.999,0.009,0.653,0.338,63,False,0.283,0.417,4,-9.124,1,0.0404,0.835,0.0,0.102,0.373,201.145,swedish
That's Me,ABBA,0.9739,0.075,0.737,0.188,8,False,0.902,0.879,7,-10.577,0,0.0671,0.00885,0.836,0.118,0.61,122.084,detroit-techno
The Winner Takes It All,ABBA,0.9746,0.148,0.642,0.209,3,False,0.429,0.789,6,-6.446,1,0.0346,0.226,0.00568,0.0474,0.467,125.613,swedish
Tiger,ABBA,-0.828,0.105,0.811,0.083,20,True,0.45,0.906,4,-7.181,1,0.947,0.835,0.0,0.855,0.262,82.437,comedy
Waterloo,ABBA,0.9689,0.177,0.571,0.252,2,False,0.409,0.946,2,-2.878,1,0.0551,0.235,3.45e-05,0.353,0.707,147.094,swedish
We Wish You A Merry Christmas,ABBA,0.9979,0.0,0.582,0.418,0,False,0.387,0.786,11,-4.127,1,0.0436,0.0195,0.0,0.123,0.462,149.806,alt-rock
When I Kissed The Teacher,ABBA,0.9992,0.032,0.562,0.406,61,False,0.527,0.939,3,-5.795,1,0.0442,0.519,6.13e-05,0.06,0.714,153.755,swedish
Don't Stop,Ace Of Base,0.9952,0.057,0.709,0.234,5,False,0.568,0.907,2,-5.239,1,0.0398,0.000307,0.906,0.398,0.763,122.976,chicago-house
Perfect World,Ace Of Base,0.9885,0.039,0.736,0.225,5,False,0.806,0.838,1,-6.7,0,0.0477,0.00376,0.867,0.05,0.89,122.6,chicago-house
Who Am I,Ace Of Base,0.9815,0.053,0.764,0.183,65,False,0.545,0.472,11,-7.552,1,0.0279,0.434,0.0,0.0684,0.193,134.027,alt-rock
All I Ask,Adele,0.9829,0.096,0.711,0.193,74,False,0.591,0.28,4,-5.494,1,0.0283,0.889,0.0,0.124,0.348,141.916,british
Crazy For You,Adele,-0.8585,0.171,0.712,0.117,52,False,0.707,0.139,7,-12.3,1,0.0507,0.91,0.0,0.105,0.323,85.868,british
Daydreamer,Adele,0.967,0.02,0.849,0.132,54,False,0.807,0.105,9,-13.188,1,0.0412,0.964,0.0,0.103,0.372,109.014,british
Hello,Adele,-0.7298,0.083,0.879,0.038,74,False,0.578,0.43,5,-6.134,0,0.0305,0.33,0.0,0.0854,0.288,78.991,british
I Miss You,Adele,-0.9657,0.128,0.807,0.066,60,False,0.382,0.578,5,-4.246,1,0.047,0.00982,1.44e-05,0.433,0.156,113.072,british
Melt My Heart To Stone,Adele,0.9934,0.066,0.715,0.218,52,False,0.353,0.388,11,-7.091,0,0.0366,0.346,0.0,0.215,0.19,80.67,british
Someone Like You,Adele,0.9647,0.173,0.61,0.217,57,False,0.439,0.207,1,-9.573,1,0.0297,0.608,0.0,0.186,0.264,136.514,acoustic
All Your Love,Aerosmith,0.9897,0.105,0.614,0.281,57,False,0.568,0.587,11,-8.814,0,0.127,0.293,0.329,0.137,0.491,174.682,garage
Falling In Love,Aerosmith,0.9327,0.21,0.558,0.232,68,False,0.472,0.27,7,-11.649,1,0.027,0.729,0.0158,0.125,0.373,140.673,ambient
Fever,Aerosmith,0.979,0.096,0.733,0.171,17,False,0.766,0.696,4,-7.859,0,0.128,0.0988,4.73e-05,0.557,0.521,107.977,afrobeat
I'm Ready,Aerosmith,0.9984,0.02,0.56,0.42,32,False,0.652,0.934,5,-3.89,1,0.0497,0.629,0.000377,0.327,0.971,85.845,blues
Lay It Down,Aerosmith,0.9877,0.051,0.783,0.165,50,False,0.413,0.537,7,-4.913,0,0.0311,0.316,4.52e-06,0.0771,0.118,77.661,dub
Love Me Two Times,Aerosmith,0.9987,0.023,0.556,0.421,65,False,0.684,0.698,9,-6.219,1,0.041,0.332,5.16e-06,0.122,0.839,132.846,psych-rock
Magic Touch,Aerosmith,0.9465,0.051,0.831,0.118,46,False,0.702,0.888,3,-4.946,0,0.0444,0.0256,4.25e-05,0.0927,0.644,123.955,trance
Make It,Aerosmith,0.2486,0.072,0.832,0.097,52,True,0.761,0.511,2,-8.373,1,0.158,0.085,0.0316,0.127,0.43,82.363,house
My Girl,Aerosmith,0.9925,0.034,0.773,0.193,79,False,0.572,0.418,0,-10.738,1,0.0349,0.635,0.0,0.0961,0.694,104.566,funk
On The Road Again,Aerosmith,0.9926,0.0,0.777,0.223,51,False,0.496,0.156,9,-17.059,1,0.0419,0.777,0.0,0.232,0.205,129.524,psych-rock
Pandora's Box,Aerosmith,0.9457,0.065,0.784,0.152,68,False,0.785,0.807,0,-3.877,1,0.178,0.198,0.0,0.326,0.228,96.981,k-pop
Pink,Aerosmith,0.9733,0.033,0.777,0.191,63,False,0.432,0.751,0,-5.124,1,0.0423,0.0134,4.58e-06,0.126,0.776,171.85,hard-rock
Red House,Aerosmith,-0.8902,0.146,0.785,0.07,58,False,0.277,0.479,5,-8.483,0,0.0495,0.585,0.0224,0.16,0.483,53.905,psych-rock
Remember,Aerosmith,0.9621,0.121,0.701,0.178,17,False,0.619,0.69,5,-6.106,0,0.0776,0.0539,0.814,0.101,0.152,110.007,club
Round And Round,Aerosmith,0.9667,0.012,0.852,0.137,59,False,0.604,0.687,0,-5.13,0,0.0327,0.757,0.234,0.0718,0.504,119.992,k-pop
Somebody,Aerosmith,0.9069,0.097,0.707,0.196,29,False,0.932,0.58,1,-11.198,1,0.0633,0.156,0.696,0.143,0.373,139.995,club
Something,Aerosmith,0.9105,0.009,0.899,0.092,21,False,0.695,0.714,8,-4.386,1,0.0611,0.00374,0.000302,0.177,0.77,116.035,afrobeat
Sunshine,Aerosmith,0.9984,0.05,0.557,0.393,0,False,0.59,0.8,1,-5.044,0,0.0441,0.000653,0.905,0.0512,0.21,127.996,dance
Sweet Emotion,Aerosmith,0.9963,0.085,0.539,0.376,74,False,0.38,0.76,9,-10.961,1,0.0378,0.00298,0.0294,0.104,0.491,99.437,hard-rock
Take It Easy,Aerosmith,0.998,0.032,0.7,0.268,0,False,0.633,0.876,7,-5.21,1,0.0276,0.0116,0.0,0.0537,0.738,140.971,country
Temperature,Aerosmith,0.9217,0.021,0.835,0.144,79,False,0.951,0.6,0,-4.675,0,0.0685,0.106,0.0,0.0712,0.822,125.04,dance
The Hand That Feeds,Aerosmith,0.9908,0.073,0.691,0.236,58,False,0.587,0.99,0,-4.496,1,0.0783,0.0172,0.000668,0.104,0.486,127.992,industrial
The Other Side,Aerosmith,0.9919,0.102,0.727,0.171,35,False,0.669,0.534,0,-8.791,1,0.221,0.146,0.0,0.14,0.704,153.857,anime
Think About It,Aerosmith,0.4767,0.029,0.91,0.061,11,False,0.286,0.959,11,-8.936,1,0.0603,7.11e-06,0.572,0.196,0.41,106.483,grindcore
Walk On Water,Aerosmith,0.9641,0.088,0.74,0.173,64,False,0.495,0.787,8,-6.89,1,0.0368,9.16e-05,0.0,0.167,0.388,140.003,grunge
After All,Air Supply,-0.7144,0.061,0.888,0.051,57,False,0.501,0.556,5,-5.628,1,0.0266,0.361,0.000133,0.115,0.165,82.017,piano
All By Myself,Air Supply,0.9182,0.051,0.82,0.128,76,False,0.662,0.848,0,-4.338,0,0.0346,0.0932,7.62e-06,0.241,0.773,123.041,electro
Always,Air Supply,0.5106,0.037,0.886,0.077,59,False,0.804,0.771,7,-3.836,1,0.059,0.0466,0.0,0.109,0.73,110.014,anime
Believer,Air Supply,0.886,0.072,0.81,0.118,48,False,0.49,0.894,7,-4.474,0,0.0431,0.0129,0.00276,0.0974,0.189,173.949,drum-and-bass
Can't Fight This Feeling,Air Supply,0.9387,0.081,0.775,0.144,73,False,0.408,0.48,9,-11.017,1,0.0266,0.155,1.82e-05,0.0877,0.19,156.344,hard-rock
Come To Me,Air Supply,0.8481,0.028,0.893,0.079,25,False,0.393,0.792,9,-7.37,0,0.0613,0.382,0.0403,0.0876,0.105,167.08,happy
Crazy Love,Air Supply,-0.9634,0.167,0.72,0.113,53,False,0.691,0.883,11,-1.326,0,0.0488,0.318,2.45e-05,0.0742,0.606,109.982,progressive-house
Daybreak,Air Supply,-0.8385,0.135,0.804,0.061,22,False,0.457,0.981,8,-4.11,1,0.104,9.08e-05,4.86e-05,0.401,0.191,132.01,death-metal
Do It Again,Air Supply,-0.7106,0.048,0.952,0.0,51,False,0.867,0.714,4,-5.144,1,0.0662,0.0224,0.704,0.104,0.623,123.974,breakbeat
Don't Be Afraid,Air Supply,0.8384,0.047,0.809,0.143,24,False,0.575,0.974,10,-4.148,0,0.0573,0.00106,0.000615,0.181,0.509,98.844,industrial
Don't Tell Me,Air Supply,0.9204,0.104,0.748,0.149,41,False,0.395,0.61,5,-6.827,1,0.0415,0.23,0.0,0.0824,0.236,158.069,dub
Don't Walk Away,Air Supply,0.5239,0.025,0.934,0.041,22,False,0.545,0.494,11,-4.595,1,0.0323,0.844,0.0,0.129,0.531,137.958,show-tunes
End Of The Line,Air Supply,0.981,0.012,0.867,0.121,73,False,0.578,0.836,2,-6.607,1,0.0512,0.163,1.36e-06,0.0583,0.932,167.026,blues
Faith,Air Supply,0.9849,0.03,0.765,0.205,45,False,0.558,0.608,8,-5.772,1,0.049,0.345,0.0,0.0853,0.371,130.941,dub
Here I Am,Air Supply,0.3526,0.066,0.842,0.092,29,False,0.722,0.317,5,-10.93,1,0.111,0.26,0.0,0.0558,0.582,72.38,dancehall
I Want You,Air Supply,0.9851,0.0,0.74,0.26,6,False,0.8,0.866,10,-9.256,0,0.0532,0.00028,0.21,0.0295,0.546,126.371,chicago-house
I'm Alive,Air Supply,0.9961,0.009,0.633,0.357,62,False,0.636,0.862,5,-2.386,0,0.0464,0.156,0.0,0.144,0.24,137.94,mandopop
It's Not Too Late,Air Supply,0.9955,0.091,0.657,0.252,45,False,0.479,0.659,1,-7.632,0,0.0351,0.264,0.0333,0.13,0.178,154.034,dubstep
Make It Right,Air Supply,0.3182,0.075,0.823,0.102,70,False,0.639,0.706,7,-7.874,1,0.448,0.0104,0.0,0.132,0.259,105.782,k-pop
Miracles,Air Supply,0.9248,0.052,0.819,0.129,45,False,0.536,0.9,5,-4.156,1,0.0392,0.0108,7.35e-06,0.157,0.671,147.969,hardstyle
My Best Friend,Air Supply,0.9876,0.032,0.661,0.307,36,False,0.57,0.838,2,-6.17,1,0.0257,0.000186,0.0,0.08,0.454,105.977,world-music
O Come All Ye Faithful,Air Supply,0.997,0.0,0.614,0.386,0,False,0.516,0.818,11,-6.076,1,0.0393,0.00701,0.0,0.337,0.769,121.907,alt-rock
One Step Closer,Air Supply,-0.5994,0.079,0.862,0.059,78,False,0.492,0.969,9,-4.419,1,0.0491,0.0014,1.32e-06,0.0787,0.538,95.136,alternative
Sleigh Ride,Air Supply,0.9956,0.036,0.751,0.213,0,False,0.593,0.287,1,-12.472,1,0.0469,0.764,0.0,0.153,0.639,77.117,blues
Sunset,Air Supply,0.9822,0.069,0.706,0.225,8,False,0.828,0.561,8,-14.628,0,0.0538,0.00215,0.913,0.0617,0.728,120.04,chicago-house
Sweet Dreams,Air Supply,0.9924,0.022,0.72,0.257,58,False,0.288,0.0938,11,-15.741,1,0.0365,0.742,0.0557,0.127,0.119,119.256,children
The First Noel,Air Supply,0.93,0.021,0.863,0.116,0,False,0.458,0.351,10,-6.049,1,0.0244,0.696,0.0,0.143,0.102,79.993,country
Winter Wonderland,Air Supply,0.899,0.044,0.855,0.101,0,False,0.62,0.309,5,-9.209,1,0.0495,0.788,0.0,0.146,0.664,145.363,acoustic
If,Aiza Seguerra,-0.0387,0.053,0.902,0.044,45,False,0.508,0.103,6,-21.981,0,0.0293,0.918,0.618,0.108,0.196,102.977,psych-rock
If We Try,Aiza Seguerra,0.9525,0.039,0.86,0.101,0,False,0.565,0.403,2,-12.425,1,0.0303,0.674,0.0,0.103,0.48,109.62,folk
Laughter In The Rain,Aiza Seguerra,0.9991,0.021,0.552,0.426,67,False,0.495,0.613,5,-9.463,1,0.0239,0.348,0.0058,0.0406,0.924,100.535,rockabilly
Open Arms,Aiza Seguerra,0.4174,0.049,0.863,0.088,70,False,0.405,0.21,2,-13.214,1,0.0279,0.584,0.0,0.139,0.174,100.577,hard-rock
Sorry,Aiza Seguerra,-0.9957,0.34,0.551,0.109,23,False,0.37,0.72,0,-6.303,1,0.038,0.609,0.532,0.112,0.716,160.09,bluegrass
Christmas Is Love,Alabama,0.9986,0.0,0.559,0.441,0,False,0.584,0.654,9,-5.902,0,0.0635,0.359,5.92e-06,0.0798,0.708,122.065,funk
Fantasy,Alabama,0.9872,0.0,0.714,0.286,11,False,0.601,0.75,9,-11.947,1,0.0419,0.0608,0.374,0.0639,0.222,132.004,breakbeat
Fire On Fire,Alabama,-0.9922,0.25,0.675,0.076,78,False,0.584,0.408,1,-7.356,0,0.0461,0.476,0.0,0.18,0.333,115.129,dance
Fireworks,Alabama,0.9519,0.034,0.88,0.087,49,False,0.492,0.501,2,-13.694,1,0.0489,0.28,0.893,0.121,0.0726,99.964,british
Goodbye,Alabama,0.994,0.08,0.618,0.302,60,False,0.484,0.457,1,-13.976,0,0.0456,0.406,0.646,0.297,0.187,87.159,ambient
Hey Baby,Alabama,0.8279,0.0,0.94,0.06,0,False,0.705,0.871,11,-3.557,0,0.123,0.0618,0.0,0.226,0.749,93.625,alt-rock
Hollywood,Alabama,-0.3466,0.06,0.882,0.058,26,True,0.628,0.933,6,-11.465,0,0.935,0.836,0.0,0.89,0.122,101.775,comedy
If I Had You,Alabama,0.9593,0.03,0.808,0.162,0,False,0.501,0.105,0,-14.701,1,0.0368,0.969,0.00364,0.106,0.152,136.885,jazz
Little Things,Alabama,0.9231,0.039,0.872,0.09,34,False,0.664,0.892,1,-3.238,1,0.0333,0.119,0.867,0.118,0.288,123.014,club
Reckless,Alabama,0.9652,0.11,0.739,0.152,57,False,0.461,0.467,0,-7.628,1,0.0586,0.00766,0.0,0.11,0.167,74.686,chill
The Boy,Alabama,0.9413,0.056,0.824,0.121,24,True,0.445,0.924,6,-12.445,1,0.926,0.77,0.0,0.975,0.0383,80.183,comedy
Games People Play,Alan Parsons Project,0.906,0.073,0.831,0.096,0,False,0.576,0.462,5,-9.962,1,0.0424,0.581,0.0,0.0884,0.881,119.718,jazz
Gemini,Alan Parsons Project,0.6597,0.04,0.854,0.106,21,False,0.378,0.991,7,-5.227,1,0.251,0.0108,1.18e-06,0.388,0.403,174.876,hardstyle
So Far Away,Alan Parsons Project,0.9861,0.056,0.79,0.154,66,False,0.286,0.703,4,-4.491,0,0.0348,0.00847,7.39e-05,0.142,0.259,151.297,alternative
Somebody Out There,Alan Parsons Project,-0.9334,0.138,0.78,0.083,58,False,0.405,0.409,7,-7.149,1,0.0305,0.343,0.0,0.197,0.233,119.954,emo
Take The Money And Run,Alan Parsons Project,-0.9611,0.134,0.785,0.081,68,False,0.565,0.645,0,-12.923,1,0.0484,0.0552,2.84e-06,0.151,0.836,99.3,psych-rock
The Raven,Alan Parsons Project,-0.2154,0.115,0.797,0.088,16,False,0.689,0.861,2,-3.333,1,0.0873,0.000883,0.713,0.276,0.0302,171.974,drum-and-bass
The Real World,Alan Parsons Project,-0.5921,0.111,0.792,0.096,22,False,0.537,0.548,5,-15.1,0,0.963,0.736,0.0,0.745,0.73,179.403,comedy
The Voice,Alan Parsons Project,-0.9593,0.149,0.83,0.021,25,False,0.892,0.594,8,-7.031,0,0.123,0.432,0.0,0.11,0.83,125.019,dub
Time,Alan Parsons Project,0.9866,0.0,0.775,0.225,10,False,0.75,0.619,3,-12.241,0,0.0511,0.0266,0.894,0.0269,0.741,120.984,chicago-house
Make Me A Channel Of Your Peace,Aled Jones,0.9959,0.081,0.638,0.281,39,False,0.191,0.226,0,-13.633,1,0.0378,0.919,6.86e-06,0.0763,0.154,82.297,opera
Be My Lover,Alice Cooper,0.9911,0.0,0.752,0.248,68,False,0.658,0.963,1,-3.283,0,0.0326,0.00283,2.38e-06,0.951,0.793,134.798,german
Crawlin',Alice Cooper,-0.7476,0.065,0.909,0.026,29,False,0.414,0.852,4,-5.811,1,0.0575,0.00447,0.0487,0.107,0.454,129.293,garage
Desperado,Alice Cooper,-0.9898,0.235,0.719,0.046,48,False,0.721,0.976,10,-2.326,0,0.11,0.0379,0.548,0.155,0.0665,128.034,dub
Die For You,Alice Cooper,-0.8861,0.168,0.72,0.112,88,False,0.582,0.525,1,-7.163,0,0.0627,0.111,0.0,0.134,0.51,133.249,pop
Give It Up,Alice Cooper,-0.6444,0.06,0.894,0.046,68,False,0.862,0.624,3,-11.63,1,0.0565,0.0192,0.000153,0.0465,0.882,124.896,disco
Headlines,Alice Cooper,0.9608,0.074,0.771,0.155,53,False,0.706,0.765,1,-3.042,1,0.047,0.163,0.00746,0.684,0.27,87.507,drum-and-bass
Killer,Alice Cooper,-0.4741,0.142,0.759,0.099,51,False,0.558,0.0578,8,-19.907,1,0.0337,0.921,0.961,0.0954,0.0575,80.021,anime
Lullaby,Alice Cooper,0.9408,0.061,0.82,0.119,50,False,0.495,0.0647,6,-13.052,1,0.0467,0.967,7.75e-05,0.135,0.249,118.967,ambient
Poison,Alice Cooper,-0.9915,0.247,0.544,0.209,48,True,0.56,0.95,11,-5.99,0,0.129,0.0498,0.0864,0.124,0.228,103.993,breakbeat
Love Song,Alice In Chains,0.9013,0.118,0.689,0.193,73,False,0.583,0.786,2,-3.142,0,0.0301,0.0208,0.0,0.188,0.573,123.055,acoustic
No Excuses,Alice In Chains,0.8672,0.146,0.651,0.202,64,False,0.527,0.838,3,-6.013,1,0.0323,0.0206,0.00062,0.07,0.721,117.454,grunge
Real Thing,Alice In Chains,0.9914,0.028,0.762,0.21,0,False,0.615,0.322,1,-10.408,1,0.0282,0.77,3.39e-05,0.11,0.256,113.064,chill
Rotten Apple,Alice In Chains,-0.9325,0.157,0.754,0.089,60,False,0.31,0.637,3,-8.595,0,0.037,0.215,0.116,0.0619,0.426,147.4,grunge
Sealed With A Kiss,Alice In Chains,0.9967,0.0,0.587,0.413,57,False,0.449,0.362,5,-10.38,0,0.0279,0.743,0.0,0.132,0.6,90.822,rock-n-roll
Stay,Alice In Chains,-0.5831,0.187,0.683,0.131,34,False,0.532,0.772,2,-7.622,0,0.0434,0.0168,0.0164,0.112,0.189,120.077,black-metal
Gravity,Alison Krauss,0.6597,0.069,0.818,0.113,67,False,0.27,0.275,0,-10.357,1,0.0356,0.834,0.0,0.146,0.231,168.964,acoustic
It's Over,Alison Krauss,0.8063,0.062,0.816,0.122,29,False,0.724,0.431,10,-12.046,0,0.0291,0.695,0.00252,0.0698,0.378,126.665,synth-pop
Lay Down Beside Me,Alison Krauss,0.946,0.064,0.781,0.155,43,False,0.345,0.251,5,-12.326,1,0.0277,0.623,0.000584,0.0847,0.268,74.761,bluegrass
Lord Don't Forsake Me,Alison Krauss,-0.6072,0.079,0.876,0.045,24,False,0.571,0.135,0,-18.046,0,0.0323,0.861,4.79e-05,0.186,0.588,131.633,bluegrass
Maybe,Alison Krauss,0.9081,0.054,0.799,0.147,47,False,0.571,0.551,9,-7.898,0,0.0399,0.581,1.31e-05,0.286,0.413,134.915,ambient
Demons,Allman Brothers Band,-0.837,0.142,0.74,0.118,63,False,0.678,0.351,0,-8.654,1,0.0266,0.747,0.0,0.355,0.569,90.032,acoustic
Midnight Blues,Allman Brothers Band,0.9246,0.0,0.828,0.172,49,False,0.477,0.251,4,-12.852,0,0.0592,0.782,0.0387,0.0842,0.114,131.876,british
Sail Away,Allman Brothers Band,0.9451,0.015,0.851,0.135,0,False,0.409,0.197,0,-13.803,1,0.0294,0.797,0.000319,0.267,0.0615,87.814,blues
Straight From The Heart,Allman Brothers Band,0.9601,0.05,0.76,0.19,64,False,0.584,0.233,0,-18.404,1,0.027,0.0814,0.0,0.141,0.356,84.775,singer-songwriter
The Weight,Allman Brothers Band,0.9206,0.069,0.819,0.112,41,False,0.699,0.476,9,-11.095,0,0.0395,0.215,0.611,0.218,0.457,96.019,minimal-techno
Apollo,Alphaville,0.9932,0.096,0.669,0.234,16,False,0.447,0.945,1,-3.79,1,0.0432,1.55e-05,0.73,0.562,0.101,174.025,drum-and-bass
Ariana,Alphaville,-0.5719,0.063,0.915,0.022,47,False,0.513,0.185,6,-24.03,1,0.0348,0.967,0.897,0.101,0.0341,92.992,ambient
Forever Young,Alphaville,0.9945,0.045,0.722,0.233,65,False,0.653,0.621,8,-6.045,1,0.0308,0.178,0.0,0.0952,0.584,121.98,edm
Wishful Thinking,Alphaville,-0.5647,0.134,0.76,0.106,21,False,0.58,0.408,9,-12.966,1,0.0372,0.573,0.819,0.143,0.471,139.047,guitar
Children,America,0.4588,0.013,0.946,0.041,49,False,0.467,0.942,1,-3.122,1,0.0401,2.47e-05,0.934,0.148,0.235,173.984,dub
Cinderella,America,0.9555,0.043,0.825,0.132,0,True,0.408,0.533,8,-6.871,0,0.0536,0.235,0.0,0.345,0.239,140.069,hip-hop
Don't Cry Baby,America,0.9752,0.056,0.775,0.169,39,False,0.623,0.353,7,-10.339,1,0.0317,0.889,0.012,0.109,0.236,105.908,j-pop
Foolin',America,0.9081,0.128,0.678,0.194,27,False,0.725,0.826,11,-4.279,1,0.0322,0.0119,0.000889,0.0684,0.566,120.007,british
Golden,America,0.8074,0.043,0.863,0.094,16,False,0.474,0.869,5,-5.331,0,0.0367,0.00101,0.885,0.108,0.195,86.999,drum-and-bass
Have Yourself A Merry Little Christmas,America,0.9876,0.035,0.719,0.246,1,False,0.609,0.247,7,-9.038,1,0.0425,0.961,2.41e-06,0.219,0.485,112.3,blues
Here,America,0.0,0.0,1.0,0.0,51,False,0.594,0.801,7,-4.14,1,0.0459,0.483,0.0,0.196,0.594,108.071,anime
Hope,America,0.9988,0.046,0.589,0.365,65,False,0.773,0.699,1,-5.982,0,0.0958,0.488,3.6e-06,0.0814,0.513,104.941,edm
International,America,0.9628,0.015,0.827,0.158,25,False,0.659,0.736,11,-8.119,0,0.202,0.00473,0.0,0.239,0.63,96.971,afrobeat
Let It Snow,America,0.9859,0.11,0.689,0.202,0,False,0.598,0.705,4,-6.621,1,0.0461,0.0923,0.0,0.254,0.943,149.999,alt-rock
Letter,America,0.9245,0.172,0.617,0.211,31,False,0.728,0.569,10,-9.173,0,0.0377,0.143,0.598,0.463,0.333,109.972,idm
Moon Song,America,0.4588,0.067,0.817,0.116,72,False,0.339,0.243,1,-12.512,1,0.056,0.869,0.00369,0.107,0.183,154.909,indie-pop
Riverside,America,0.8898,0.0,0.834,0.166,61,False,0.86,0.721,1,-5.004,0,0.0376,0.0205,1.96e-06,0.155,0.359,122.002,deep-house
Seasons,America,-0.4767,0.049,0.93,0.02,58,False,0.542,0.676,6,-7.363,1,0.0395,0.148,0.0,0.101,0.48,144.907,edm
Simple Life,America,0.8979,0.015,0.891,0.094,1,False,0.549,0.891,6,-4.044,1,0.0351,0.0141,0.00323,0.0661,0.508,111.996,blues
Slow Down,America,0.995,0.018,0.77,0.212,55,False,0.701,0.311,2,-15.148,1,0.132,0.644,0.928,0.0809,0.0624,150.021,chill
Valentine,America,0.9946,0.012,0.764,0.224,44,False,0.568,0.385,9,-8.495,1,0.0262,0.909,0.0,0.0632,0.372,144.58,folk
Christmas Lullaby,Amy Grant,0.9926,0.038,0.657,0.305,20,False,0.461,0.13,0,-14.684,1,0.048,0.955,0.0,0.0773,0.293,122.074,show-tunes
Father,Amy Grant,0.9493,0.074,0.744,0.182,67,False,0.47,0.904,0,-7.018,0,0.0535,0.0528,0.00151,0.226,0.373,77.021,swedish
Nobody Home,Amy Grant,-0.4854,0.092,0.831,0.077,54,False,0.251,0.148,0,-21.056,1,0.0432,0.713,0.432,0.106,0.0569,206.542,psych-rock
The Power,Amy Grant,-0.9455,0.201,0.648,0.151,1,False,0.626,0.829,5,-6.795,0,0.0537,0.00458,0.0601,0.227,0.191,121.945,edm
The Things We Do For Love,Amy Grant,0.9803,0.051,0.789,0.159,0,False,0.437,0.557,1,-8.487,1,0.102,0.33,0.0,0.248,0.683,161.412,blues
Days Of Wine And Roses,Andy Williams,0.8176,0.055,0.796,0.149,30,False,0.473,0.0504,7,-20.933,0,0.0371,0.985,0.901,0.0888,0.172,89.185,guitar
I'm So Lonesome I Could Cry,Andy Williams,-0.9845,0.363,0.637,0.0,50,False,0.678,0.218,4,-13.084,1,0.0288,0.874,0.000697,0.125,0.652,110.964,honky-tonk
Love Story,Andy Williams,0.9785,0.028,0.796,0.176,55,False,0.498,0.12,0,-17.721,1,0.0487,0.851,0.0,0.171,0.338,121.187,acoustic
Say It Isn't So,Andy Williams,-0.5994,0.09,0.844,0.066,1,False,0.454,0.805,7,-4.947,1,0.0313,0.0229,0.0,0.358,0.591,91.251,metal
Show Me,Andy Williams,0.9325,0.078,0.769,0.154,53,False,0.771,0.638,9,-6.473,0,0.0356,0.183,0.000203,0.141,0.167,105.005,deep-house
Heartbeat,Annie,0.9719,0.047,0.805,0.148,65,False,0.811,0.647,10,-7.916,0,0.0406,0.0174,0.349,0.0829,0.708,120.01,deep-house
Break Free,Ariana Grande,0.9858,0.058,0.735,0.206,39,False,0.586,0.608,0,-6.748,1,0.0247,0.132,5.16e-05,0.126,0.202,94.982,folk
Higher,Ariana Grande,-0.9442,0.135,0.817,0.049,19,False,0.765,0.888,9,-5.344,1,0.172,0.27,0.0,0.263,0.625,120.042,afrobeat
Jacob's Ladder,Arlo Guthrie,0.0,0.0,1.0,0.0,17,False,0.296,0.993,6,-6.452,1,0.147,1.34e-05,0.913,0.192,0.0702,94.312,grindcore
Lovesick Blues,Arlo Guthrie,0.9914,0.065,0.668,0.267,14,False,0.669,0.652,0,-10.602,1,0.0366,0.681,0.282,0.101,0.966,87.797,honky-tonk
Massachusetts,Arlo Guthrie,0.9917,0.006,0.837,0.157,60,False,0.215,0.459,7,-13.406,1,0.0544,0.00861,0.00934,0.0619,0.443,50.732,disco
Prologue,Arlo Guthrie,0.9835,0.058,0.774,0.168,19,False,0.276,0.179,0,-16.543,1,0.0326,0.859,0.0139,0.172,0.181,60.55,disney
Shenandoah,Arlo Guthrie,0.7845,0.031,0.904,0.065,21,False,0.443,0.112,2,-18.418,1,0.0474,0.968,0.786,0.125,0.219,123.839,bluegrass
Someday,Arlo Guthrie,0.7747,0.032,0.874,0.094,26,False,0.644,0.723,1,-4.954,1,0.0288,0.16,0.0,0.13,0.625,105.969,acoustic
Telephone,Arlo Guthrie,0.9427,0.039,0.84,0.121,44,False,0.729,0.804,5,-5.183,0,0.0329,0.00363,3.12e-06,0.11,0.749,122.021,club
You And Me,Arlo Guthrie,0.9931,0.02,0.722,0.258,1,False,0.459,0.427,7,-7.733,1,0.0267,0.112,0.0,0.168,0.357,139.898,alt-rock
17,Avril Lavigne,0.9894,0.061,0.766,0.173,63,False,0.558,0.364,5,-8.663,1,0.0502,0.169,9.94e-05,0.109,0.252,129.17,chill
Bad Reputation,Avril Lavigne,-0.987,0.241,0.648,0.111,68,False,0.378,0.974,6,-4.055,1,0.194,0.00192,0.0139,0.0588,0.824,203.715,punk-rock
Complicated,Avril Lavigne,-0.9294,0.183,0.656,0.161,71,False,0.657,0.355,7,-12.044,1,0.0714,0.694,0.000427,0.123,0.0808,74.99,electro
Destiny,Avril Lavigne,0.0,0.0,1.0,0.0,26,True,0.85,0.568,6,-3.453,1,0.111,0.5,0.0,0.124,0.617,102.055,dancehall
Eternity,Avril Lavigne,0.93,0.011,0.871,0.117,46,False,0.8,0.699,7,-8.639,1,0.0353,0.0714,0.902,0.0927,0.282,123.997,minimal-techno
Falling Down,Avril Lavigne,0.8522,0.095,0.801,0.104,49,False,0.481,0.87,9,-4.521,1,0.0362,0.00105,0.00634,0.304,0.0948,173.929,drum-and-bass
Fly,Avril Lavigne,0.9516,0.027,0.862,0.112,58,False,0.174,0.178,1,-18.717,0,0.0362,0.994,0.861,0.0737,0.0347,167.972,ambient
Forgotten,Avril Lavigne,0.1516,0.16,0.674,0.167,22,False,0.412,0.983,8,-4.296,1,0.0914,2.08e-05,0.213,0.255,0.307,150.009,death-metal
Hold,Avril Lavigne,-0.9661,0.185,0.78,0.036,53,False,0.512,0.643,5,-14.806,0,0.0495,0.154,0.823,0.0909,0.0521,194.002,chill
I Love You,Avril Lavigne,-0.9953,0.231,0.654,0.115,54,False,0.784,0.207,4,-12.478,0,0.047,0.832,0.0,0.117,0.548,112.266,children
I Won't Be Home For Christmas,Avril Lavigne,-0.9429,0.145,0.756,0.098,2,False,0.347,0.942,7,-5.517,1,0.0913,0.00196,0.0,0.338,0.66,200.025,punk-rock
In The End,Avril Lavigne,0.9615,0.064,0.762,0.174,71,False,0.442,0.939,8,-4.18,1,0.0941,0.000183,0.00589,0.0857,0.27,140.021,alt-rock
Kiss Me,Avril Lavigne,0.979,0.063,0.761,0.176,58,False,0.663,0.178,9,-12.252,1,0.0532,0.676,0.0,0.279,0.541,82.372,acoustic
Let Go,Avril Lavigne,-0.9876,0.186,0.786,0.028,13,False,0.601,0.849,4,-6.654,0,0.0338,0.00151,0.114,0.104,0.0781,126.99,breakbeat
Naked,Avril Lavigne,0.9848,0.048,0.753,0.199,41,False,0.719,0.837,2,-4.571,0,0.0349,0.0517,0.000509,0.108,0.251,123.989,deep-house
Not Enough,Avril Lavigne,0.8503,0.065,0.833,0.103,27,False,0.36,0.167,3,-11.568,1,0.0577,0.949,4.07e-06,0.11,0.329,179.149,british
Remember When,Avril Lavigne,-0.8942,0.14,0.747,0.113,75,False,0.504,0.708,11,-5.896,0,0.0343,0.00112,0.000424,0.788,0.51,82.009,indie-pop
Smile,Avril Lavigne,-0.8272,0.131,0.757,0.112,46,False,0.43,0.141,0,-16.376,1,0.0286,0.757,0.000499,0.127,0.143,93.577,blues
Sometimes,Avril Lavigne,0.935,0.066,0.758,0.176,51,False,0.185,0.0839,6,-26.019,0,0.0355,0.916,0.896,0.107,0.133,73.769,ambient
Take It,Avril Lavigne,-0.9577,0.147,0.803,0.051,63,False,0.851,0.742,0,-6.126,1,0.0377,0.0259,0.256,0.111,0.236,123.033,deep-house
The Scientist,Avril Lavigne,0.4523,0.091,0.822,0.087,47,False,0.453,0.295,7,-12.881,1,0.0291,0.518,0.00011,0.293,0.14,146.022,acoustic
Too Much To Ask,Avril Lavigne,0.973,0.095,0.739,0.167,64,False,0.724,0.757,9,-4.787,0,0.0274,0.00777,0.000154,0.215,0.878,109.98,garage
Touch The Sky,Avril Lavigne,0.9013,0.058,0.826,0.116,18,False,0.163,0.107,1,-18.477,1,0.0413,0.921,0.899,0.129,0.038,93.676,disney
Trust Me,Avril Lavigne,0.9967,0.03,0.703,0.267,18,False,0.654,0.978,7,-9.554,0,0.171,0.0111,0.896,0.712,0.926,169.879,breakbeat
Why,Avril Lavigne,0.9688,0.013,0.909,0.078,71,True,0.684,0.856,6,-2.676,1,0.0411,0.342,0.00728,0.109,0.343,117.027,alt-rock
Don't Leave Me,Backstreet Boys,0.9361,0.098,0.772,0.13,64,False,0.62,0.778,8,-4.622,0,0.0724,0.116,0.0,0.312,0.386,147.012,k-pop
Everybody,Backstreet Boys,0.9894,0.015,0.712,0.273,54,False,0.742,0.636,11,-6.744,1,0.0331,0.446,0.0,0.0817,0.48,95.002,acoustic
Figured You Out,Backstreet Boys,0.2263,0.025,0.95,0.025,61,False,0.544,0.867,10,-5.527,1,0.0517,2.63e-05,0.0165,0.266,0.726,93.925,grunge
Lift Me Up,Backstreet Boys,0.9839,0.066,0.782,0.151,43,False,0.375,0.13,4,-17.102,1,0.0366,0.986,0.0281,0.0936,0.0751,124.539,ambient
Lose It All,Backstreet Boys,-0.8377,0.137,0.802,0.06,51,False,0.362,0.752,0,-4.449,0,0.0384,0.161,0.0,0.135,0.282,149.548,hardstyle
Lost In Space,Backstreet Boys,-0.9871,0.168,0.747,0.085,51,False,0.561,0.903,7,-4.868,0,0.0463,0.00917,0.0613,0.188,0.084,138.081,progressive-house
Nowhere To Go,Backstreet Boys,0.5019,0.087,0.79,0.123,63,True,0.417,0.958,7,-3.418,1,0.139,0.000738,0.0,0.173,0.458,174.089,metalcore
Rebel,Backstreet Boys,0.7189,0.186,0.655,0.159,16,False,0.656,0.78,8,-9.796,0,0.0537,0.0129,0.453,0.35,0.275,92.456,happy
Rush Over Me,Backstreet Boys,0.9774,0.064,0.785,0.151,55,False,0.441,0.753,0,-4.074,1,0.044,0.0701,0.0,0.027,0.254,135.015,dub
Satellite,Backstreet Boys,-0.9222,0.177,0.703,0.12,51,False,0.424,0.895,11,-4.353,1,0.0428,0.117,0.0,0.0843,0.505,165.917,grunge
Shining Star,Backstreet Boys,0.9775,0.014,0.85,0.135,43,False,0.627,0.565,0,-4.656,1,0.0525,0.325,0.0,0.131,0.394,105.959,show-tunes
Shout,Backstreet Boys,-0.9908,0.176,0.75,0.075,12,False,0.633,0.528,3,-10.808,1,0.0398,0.734,0.0,0.12,0.677,146.061,kids
Spanish Eyes,Backstreet Boys,0.9862,0.043,0.757,0.2,25,False,0.463,0.397,11,-12.057,1,0.0287,0.916,0.0184,0.132,0.3,107.34,rockabilly
On Top Of The World,Barbie,0.9726,0.013,0.789,0.198,0,False,0.588,0.925,0,-5.584,1,0.16,0.0897,4.89e-06,0.0881,0.759,99.83,rock
Wings,Barbie,0.9549,0.039,0.858,0.103,22,False,0.606,0.691,2,-8.827,1,0.0291,0.319,0.0418,0.27,0.659,131.035,bluegrass
All I Ask Of You,Barbra Streisand,0.9903,0.075,0.714,0.211,21,False,0.0854,0.381,2,-9.906,1,0.0368,0.814,0.831,0.1,0.0781,68.586,opera
Auld Lang Syne,Barbra Streisand,0.8674,0.049,0.806,0.145,0,False,0.51,0.262,2,-10.906,1,0.033,0.776,0.000137,0.113,0.234,119.736,folk
Being Alive,Barbra Streisand,0.9893,0.157,0.564,0.279,47,False,0.366,0.414,3,-7.413,1,0.0418,0.887,0.0,0.0671,0.15,98.31,show-tunes
Circle,Barbra Streisand,0.9313,0.021,0.913,0.066,20,False,0.681,0.901,1,-4.95,0,0.28,0.0532,1.4e-06,0.314,0.814,150.093,trip-hop
Closer,Barbra Streisand,0.7506,0.014,0.934,0.052,54,False,0.694,0.471,8,-8.62,1,0.0281,0.411,0.0,0.233,0.466,95.003,acoustic
Come Back To Me,Barbra Streisand,-0.9826,0.117,0.853,0.03,18,False,0.492,0.924,6,-4.255,0,0.0494,0.000971,0.767,0.0342,0.519,173.943,drum-and-bass
Dancing,Barbra Streisand,0.9707,0.043,0.851,0.105,64,False,0.813,0.849,9,-4.719,1,0.0617,0.0162,0.000108,0.0765,0.535,124.018,brazil
Emotion,Barbra Streisand,0.9788,0.093,0.754,0.152,33,False,0.536,0.735,11,-3.779,1,0.453,0.454,0.0,0.167,0.404,94.144,dancehall
Evergreen,Barbra Streisand,0.9949,0.0,0.608,0.392,39,False,0.546,0.711,11,-6.392,1,0.0283,0.0765,0.00358,0.151,0.482,96.987,ska
Everything,Barbra Streisand,0.9766,0.029,0.773,0.197,16,False,0.658,0.944,1,-4.337,1,0.0728,0.000411,0.902,0.0937,0.563,174.018,drum-and-bass
Everything Must Change,Barbra Streisand,0.6341,0.037,0.886,0.077,25,False,0.409,0.321,10,-16.102,1,0.0328,0.672,0.0495,0.34,0.4,155.109,guitar
Goodnight,Barbra Streisand,0.9779,0.0,0.702,0.298,0,False,0.622,0.201,2,-12.171,1,0.0345,0.823,2e-06,0.112,0.337,105.446,children
Hideaway,Barbra Streisand,0.9903,0.024,0.835,0.141,3,False,0.69,0.373,8,-5.566,1,0.0286,0.618,0.0,0.128,0.473,124.082,country
I Know Him So Well,Barbra Streisand,0.9959,0.073,0.691,0.236,52,False,0.423,0.211,10,-12.268,1,0.0287,0.82,0.0,0.0894,0.131,138.61,opera
I Like Him,Barbra Streisand,0.9865,0.048,0.606,0.346,66,True,0.893,0.579,9,-8.995,1,0.113,0.0641,0.000121,0.215,0.611,133.018,alternative
I Remember,Barbra Streisand,0.508,0.04,0.875,0.085,53,False,0.559,0.641,6,-9.4,0,0.0306,0.00595,0.501,0.0519,0.0376,109.964,dub
If I Could,Barbra Streisand,0.9864,0.014,0.815,0.171,22,False,0.254,0.122,8,-21.159,1,0.0337,0.959,0.867,0.144,0.102,164.721,new-age
If I Didn't Love You,Barbra Streisand,-0.9911,0.227,0.684,0.089,25,False,0.657,0.64,7,-10.848,1,0.0282,0.379,0.000842,0.283,0.626,122.374,power-pop
I'll Be Home,Barbra Streisand,0.5423,0.067,0.834,0.099,20,False,0.469,0.0549,7,-23.264,1,0.0286,0.932,0.00594,0.112,0.136,85.971,disney
I'll Be Home For Christmas,Barbra Streisand,0.9747,0.0,0.805,0.195,0,False,0.594,0.307,10,-13.062,1,0.0249,0.796,0.0414,0.15,0.24,94.026,acoustic
I've Got A Crush On You,Barbra Streisand,0.9857,0.046,0.753,0.201,57,False,0.455,0.106,2,-14.086,1,0.0422,0.986,0.0,0.122,0.258,66.807,blues
I've Got No Strings,Barbra Streisand,0.9906,0.084,0.642,0.273,21,False,0.51,0.289,3,-16.077,1,0.0677,0.698,0.0469,0.0893,0.874,92.272,disney
All Summer Long,Beach Boys,0.9816,0.0,0.867,0.133,0,False,0.701,0.865,7,-3.629,1,0.0283,0.0212,0.0,0.0956,0.88,102.998,alternative
Baby Blue,Beach Boys,0.9538,0.053,0.743,0.204,34,False,0.365,0.952,11,-3.912,1,0.372,0.0417,0.0,0.113,0.123,192.749,emo
Barbara Ann,Beach Boys,0.9493,0.0,0.936,0.064,63,False,0.581,0.669,6,-3.659,1,0.0385,0.19,0.0,0.243,0.926,78.073,psych-rock
Be Still,Beach Boys,0.9786,0.0,0.768,0.232,21,False,0.0821,0.396,5,-16.562,1,0.0446,0.817,0.986,0.871,0.0385,76.362,new-age
Be With Me,Beach Boys,0.6444,0.023,0.933,0.044,47,False,0.755,0.685,1,-7.436,0,0.0308,0.00754,0.0168,0.0791,0.0392,120.006,groove
Blue Christmas,Beach Boys,0.1406,0.0,0.979,0.021,0,False,0.617,0.501,0,-7.901,1,0.0232,0.261,1.65e-05,0.234,0.6,96.795,blues
Blueberry Hill,Beach Boys,0.9382,0.0,0.878,0.122,61,False,0.489,0.499,11,-9.702,1,0.0271,0.74,0.000236,0.156,0.829,133.341,blues
Christmas Day,Beach Boys,0.9915,0.033,0.672,0.295,36,False,0.256,0.648,10,-4.237,1,0.0382,0.0202,0.0,0.299,0.331,179.688,world-music
Frosty The Snowman,Beach Boys,0.9822,0.0,0.865,0.135,0,False,0.579,0.502,8,-7.57,1,0.0513,0.733,0.0,0.281,0.836,76.783,blues
Good Vibrations,Beach Boys,0.9987,0.0,0.644,0.356,15,False,0.518,0.912,6,-2.872,1,0.0483,0.0151,0.000184,0.0644,0.641,174.979,drum-and-bass
"Help Me, Rhonda",Beach Boys,0.9871,0.021,0.705,0.275,29,False,0.528,0.716,1,-7.478,1,0.0308,0.104,0.0,0.0552,0.851,139.713,psych-rock
I Do,Beach Boys,0.9969,0.019,0.743,0.238,0,False,0.509,0.761,7,-5.947,0,0.0441,0.122,0.0,0.137,0.71,176.054,country
In My Car,Beach Boys,0.9901,0.0,0.839,0.161,18,False,0.376,0.554,5,-11.649,0,0.0313,0.317,0.856,0.427,0.677,126.672,club
"Merry Christmas, Baby",Beach Boys,0.9865,0.066,0.727,0.207,0,False,0.463,0.677,10,-5.528,1,0.0417,0.257,0.0,0.089,0.782,202.05,rock
Mona,Beach Boys,0.9382,0.006,0.902,0.093,29,False,0.41,0.827,1,-5.58,0,0.0396,0.0121,0.0854,0.467,0.382,109.975,garage
Monster Mash,Beach Boys,0.381,0.041,0.91,0.049,1,False,0.641,0.808,7,-3.304,1,0.141,0.085,0.0,0.317,0.727,136.136,children
And I Love Her,The Beatles,0.997,0.0,0.52,0.48,66,False,0.616,0.282,1,-15.317,1,0.0331,0.983,0.833,0.13,0.435,96.638,acoustic
Birthday,The Beatles,0.993,0.0,0.58,0.42,61,False,0.609,0.785,11,-3.32,1,0.0891,0.0502,0.0,0.171,0.756,151.995,house
Blackbird,The Beatles,-0.9501,0.136,0.84,0.024,57,False,0.279,0.806,6,-4.714,0,0.0448,0.00499,0.0126,0.116,0.132,149.463,grunge
Blue Suede Shoes,The Beatles,0.9526,0.024,0.825,0.15,66,False,0.557,0.66,2,-7.706,1,0.056,0.654,1.66e-06,0.138,0.962,95.252,rock-n-roll
Can't Buy Me Love,The Beatles,-0.9976,0.343,0.58,0.077,23,False,0.539,0.434,0,-8.523,1,0.0387,0.229,1.32e-06,0.0739,0.804,104.869,guitar
Carol,The Beatles,0.9864,0.0,0.832,0.168,38,True,0.426,0.807,0,-5.276,0,0.0405,0.013,4.74e-05,0.105,0.425,76.371,garage
Help!,The Beatles,0.9945,0.071,0.661,0.269,58,False,0.552,0.734,6,-7.126,0,0.0291,0.221,0.0,0.116,0.846,94.887,british
Lucille,The Beatles,0.9939,0.0,0.671,0.329,56,False,0.676,0.708,8,-12.115,0,0.0698,0.592,0.000307,0.166,0.919,143.669,rockabilly
Misery,The Beatles,-0.9436,0.156,0.796,0.048,40,False,0.531,0.867,2,-4.392,1,0.0467,0.00874,0.609,0.0785,0.0597,169.942,club
Everybody's Talkin',Beautiful South,0.5574,0.015,0.915,0.069,58,False,0.671,0.299,2,-13.215,1,0.0315,0.521,0.000288,0.15,0.574,120.112,psych-rock
Loving Arms,Beautiful South,0.9826,0.053,0.765,0.182,25,False,0.565,0.504,9,-7.646,1,0.0246,0.0902,0.0,0.0992,0.281,104.945,party
Mirror,Beautiful South,0.0387,0.092,0.802,0.106,52,False,0.517,0.916,6,-3.831,0,0.0684,0.000929,0.0,0.208,0.471,127.03,anime
Poppy,Beautiful South,0.9867,0.111,0.696,0.193,57,False,0.798,0.172,6,-14.949,1,0.0998,0.894,0.918,0.109,0.433,147.838,jazz
Tattoo,Beautiful South,-0.9509,0.184,0.713,0.103,44,False,0.701,0.654,0,-7.795,1,0.283,0.199,0.0,0.086,0.709,81.872,brazil
Something There,Beauty And The Beast,0.9936,0.073,0.789,0.139,57,False,0.45,0.317,0,-12.856,1,0.0381,0.896,5.15e-05,0.216,0.476,123.442,disney
After Dark,Bee Gees,-0.0572,0.102,0.807,0.091,50,False,0.61,0.827,5,-7.78,1,0.0341,0.00841,0.764,0.0719,0.267,120.014,progressive-house
Alive,Bee Gees,0.9668,0.061,0.806,0.133,65,False,0.524,0.882,5,-3.038,1,0.0367,0.108,1.1e-06,0.071,0.399,119.94,alt-rock
Embrace,Bee Gees,0.9872,0.099,0.687,0.213,6,False,0.565,0.145,9,-19.083,1,0.0342,0.921,0.926,0.079,0.0399,120.995,ambient
Life Goes On,Bee Gees,-0.9947,0.208,0.685,0.107,79,False,0.7,0.49,0,-5.187,1,0.076,0.186,0.0,0.117,0.569,79.982,alternative
Living Together,Bee Gees,-0.7411,0.068,0.896,0.036,17,False,0.653,0.792,5,-6.17,0,0.0752,0.0481,0.239,0.0615,0.0867,171.992,drum-and-bass
I Remember You,Bette Midler,0.9751,0.0,0.822,0.178,69,False,0.345,0.531,0,-12.708,1,0.0305,0.00642,7.28e-06,0.14,0.49,176.302,hard-rock
I've Got My Love To Keep Me Warm,Bette Midler,0.9965,0.075,0.611,0.314,0,False,0.516,0.491,0,-9.682,1,0.0778,0.617,0.0,0.149,0.788,110.526,blues
Paradise,Bette Midler,0.9956,0.031,0.716,0.253,0,False,0.65,0.406,7,-13.492,1,0.0761,0.568,0.0,0.484,0.862,79.642,acoustic
P.S. I Love You,Bette Midler,0.9936,0.009,0.73,0.262,53,False,0.462,0.0294,0,-28.156,1,0.0481,0.996,0.939,0.0851,0.388,79.459,british
Stay With Me,Bette Midler,0.9755,0.053,0.824,0.123,50,False,0.706,0.846,6,-5.475,1,0.04,0.00653,0.161,0.0908,0.241,123.994,deep-house
Summer,Bette Midler,0.9437,0.0,0.937,0.063,82,False,0.596,0.856,4,-3.556,0,0.0346,0.0211,0.0178,0.141,0.743,127.949,electro
Tenderly,Bette Midler,0.9681,0.049,0.67,0.282,36,False,0.778,0.304,0,-15.091,0,0.0482,0.394,0.841,0.162,0.426,86.112,study
The Last Time,Bette Midler,0.9958,0.07,0.725,0.205,38,False,0.693,0.459,5,-12.451,0,0.0407,0.733,0.0593,0.12,0.35,81.024,folk
The Rose,Bette Midler,0.9587,0.104,0.706,0.19,24,False,0.403,0.217,9,-10.364,1,0.0309,0.921,9.05e-06,0.0999,0.125,109.857,opera
Tragedy,Bette Midler,0.9001,0.199,0.498,0.303,65,False,0.665,0.532,2,-10.793,1,0.0277,0.0889,0.0109,0.296,0.81,117.955,disco
What Are You Doing New Year's Eve?,Bette Midler,0.8512,0.042,0.868,0.091,0,False,0.362,0.265,8,-10.084,1,0.0355,0.94,0.0,0.107,0.224,76.404,rock
White Christmas,Bette Midler,0.9694,0.009,0.822,0.168,0,False,0.335,0.552,8,-6.654,1,0.0357,0.465,1.18e-06,0.102,0.35,126.622,alt-rock
Cheek To Cheek,Billie Holiday,0.9962,0.041,0.704,0.255,0,False,0.665,0.443,0,-8.076,1,0.0803,0.582,0.0,0.113,0.662,122.872,blues
Embraceable You,Billie Holiday,0.9786,0.018,0.707,0.275,0,False,0.393,0.162,0,-12.124,1,0.0335,0.956,0.000227,0.126,0.0428,118.54,jazz
Gone With The Wind,Billie Holiday,0.9766,0.019,0.676,0.305,51,False,0.421,0.942,6,-5.289,0,0.14,0.000314,1.04e-06,0.0704,0.303,77.573,metalcore
I'll Be Seeing You,Billie Holiday,0.8625,0.0,0.921,0.079,0,False,0.302,0.0455,8,-15.532,1,0.0414,0.987,0.000605,0.229,0.122,73.146,blues
More Than You Know,Billie Holiday,-0.7878,0.109,0.812,0.079,80,False,0.646,0.741,5,-4.973,0,0.034,0.0275,0.0,0.312,0.571,123.077,dance
The End Of The World,Billy Joel,0.9878,0.032,0.842,0.126,26,False,0.66,0.742,11,-4.58,1,0.0884,0.028,0.0,0.138,0.682,132.047,garage
This Night,Billy Joel,-0.5903,0.085,0.857,0.058,21,False,0.555,0.926,6,-5.686,1,0.0461,0.00453,0.000611,0.254,0.694,130.042,power-pop
Turn Around,Billy Joel,0.9809,0.036,0.786,0.178,20,False,0.817,0.692,1,-10.888,0,0.0604,0.000157,0.954,0.0967,0.254,122.001,minimal-techno
Uptown Girl,Billy Joel,0.9775,0.008,0.884,0.108,46,False,0.618,0.643,4,-4.086,1,0.0297,0.569,0.0,0.443,0.722,128.992,club
When In Rome,Billy Joel,0.5088,0.082,0.828,0.09,30,False,0.373,0.7,0,-9.849,1,0.0468,0.0827,0.131,0.133,0.537,174.242,bluegrass
At Last,Bing Crosby,0.9391,0.056,0.756,0.187,0,False,0.169,0.347,10,-8.785,1,0.0309,0.692,0.000432,0.337,0.256,176.118,blues
God Rest Ye Merry Gentlemen,Bing Crosby,0.9913,0.0,0.576,0.424,0,False,0.336,0.374,4,-10.053,0,0.0301,0.0854,0.0,0.0796,0.622,149.054,funk
Jingle Bells,Bing Crosby,0.9924,0.0,0.822,0.178,0,False,0.527,0.675,7,-5.004,1,0.0395,0.553,0.0,0.316,0.594,107.409,alt-rock
Let It Snow! Let It Snow! Let It Snow!,Bing Crosby,0.4835,0.146,0.706,0.147,0,False,0.574,0.414,9,-7.16,0,0.0495,0.842,0.0,0.172,0.867,77.968,blues
September In The Rain,Bing Crosby,0.967,0.0,0.791,0.209,0,False,0.401,0.213,1,-13.124,1,0.0544,0.342,1.01e-05,0.0596,0.678,110.623,blues
Sweet Georgia Brown,Bing Crosby,0.9798,0.105,0.707,0.188,22,False,0.601,0.611,0,-10.909,1,0.0686,0.895,0.597,0.151,0.631,127.415,bluegrass
Peace Of Mind,Black Sabbath,0.8831,0.108,0.71,0.181,52,False,0.733,0.406,9,-9.351,1,0.0808,0.434,0.0,0.115,0.47,148.959,edm
Sabbath Bloody Sabbath,Black Sabbath,-0.9896,0.191,0.755,0.054,19,False,0.332,0.786,1,-8.419,0,0.045,0.00182,0.00185,0.142,0.724,143.4,afrobeat
She's Gone,Black Sabbath,0.85,0.113,0.747,0.14,49,False,0.416,0.559,0,-10.751,0,0.0349,0.00346,0.0831,0.148,0.152,137.18,hard-rock
Voodoo,Black Sabbath,-0.9435,0.173,0.737,0.09,52,False,0.621,0.576,9,-7.401,1,0.0324,0.0362,0.0,0.117,0.379,99.978,industrial
Who Are You?,Black Sabbath,0.9355,0.064,0.723,0.214,9,False,0.561,0.265,0,-15.902,0,0.0854,0.952,0.0,0.415,0.585,89.055,romance
Young,Black Sabbath,-0.8265,0.206,0.626,0.168,21,False,0.776,0.429,0,-9.711,1,0.0355,0.446,0.0,0.055,0.558,103.526,bluegrass
Blue Jeans,Blur,-0.8894,0.104,0.896,0.0,74,False,0.639,0.297,7,-11.18,1,0.0334,0.938,0.0839,0.18,0.292,113.989,singer-songwriter
Dizzy,Blur,-0.802,0.207,0.701,0.092,0,False,0.707,0.735,1,-5.237,1,0.0362,0.00896,4.78e-05,0.0433,0.762,129.965,indie-pop
Down,Blur,-0.6289,0.063,0.937,0.0,57,False,0.493,0.521,5,-12.464,0,0.375,0.219,0.71,0.0872,0.273,68.699,chill
Fade Away,Blur,-0.7309,0.088,0.891,0.021,32,False,0.465,0.919,1,-3.723,1,0.0341,1.52e-05,0.0,0.234,0.68,159.942,hardcore
Fool,Blur,-0.6817,0.166,0.705,0.129,70,False,0.511,0.435,9,-10.254,1,0.0408,0.301,8.2e-05,0.255,0.343,120.207,indie-pop
I'm Fine,Blur,0.8402,0.076,0.779,0.145,68,False,0.511,0.84,11,-2.781,0,0.103,0.00852,0.0,0.346,0.303,87.605,k-pop
Out Of Time,Blur,0.7655,0.031,0.893,0.076,53,False,0.686,0.436,1,-8.865,1,0.0336,0.574,0.0,0.0955,0.162,119.959,chill
The Universal,Blur,0.91,0.064,0.754,0.182,1,False,0.32,0.546,9,-8.33,1,0.0278,0.181,1.98e-06,0.0928,0.263,163.824,alt-rock
All Over You,Bob Dylan,0.9866,0.03,0.832,0.138,50,False,0.675,0.853,10,-1.358,1,0.103,0.0824,0.764,0.0894,0.229,170.057,drum-and-bass
California,Bob Dylan,0.9809,0.0,0.729,0.271,47,False,0.609,0.659,9,-6.943,1,0.051,0.143,3.77e-05,0.0713,0.309,75.215,chill
Can't Help Falling In Love,Bob Dylan,0.9941,0.119,0.463,0.418,71,False,0.266,0.0596,0,-18.515,1,0.0363,0.905,7.07e-05,0.132,0.143,181.74,acoustic
Christmas Island,Bob Dylan,0.9907,0.0,0.719,0.281,0,False,0.677,0.432,0,-8.805,1,0.033,0.285,0.0,0.12,0.553,116.012,ska
Clothes Line,Bob Dylan,0.8987,0.0,0.949,0.051,26,False,0.6,0.689,7,-5.126,1,0.0469,0.187,0.0,0.0659,0.366,129.976,garage
Do You Hear What I Hear?,Bob Dylan,0.9354,0.0,0.917,0.083,0,False,0.304,0.34,3,-12.157,1,0.0298,0.88,4e-05,0.223,0.308,96.632,j-pop
"Don't Think Twice, It's All Right",Bob Dylan,0.9212,0.043,0.846,0.111,19,False,0.541,0.793,4,-8.234,1,0.0332,0.266,0.197,0.265,0.684,127.321,bluegrass
House Carpenter,Bob Dylan,0.9979,0.023,0.719,0.258,48,False,0.55,0.53,0,-11.147,0,0.0342,0.809,0.00399,0.13,0.545,93.927,black-metal
Dreamland,Bob Marley,0.9649,0.0,0.802,0.198,53,False,0.235,0.118,3,-20.222,1,0.0318,0.98,0.888,0.125,0.185,167.29,ambient
"Get Up, Stand Up",Bob Marley,-0.9882,0.148,0.799,0.053,52,False,0.799,0.572,10,-7.238,0,0.357,0.264,0.0,0.06,0.828,77.751,dub
Is This Love,Bob Marley,0.9995,0.0,0.549,0.451,57,False,0.493,0.747,0,-8.521,1,0.0298,0.0711,0.0,0.138,0.536,90.239,british
Roots,Bob Marley,-0.9652,0.163,0.811,0.026,54,False,0.812,0.404,9,-8.448,0,0.231,0.35,0.45,0.106,0.382,75.89,anime
Try Me,Bob Marley,0.9938,0.029,0.709,0.262,40,False,0.653,0.621,7,-4.672,0,0.0283,0.12,0.0,0.155,0.721,83.954,blues
Let It Rock,Bob Seger,-0.807,0.051,0.949,0.0,20,False,0.744,0.82,8,-6.741,1,0.0279,0.342,1.05e-05,0.0812,0.947,124.389,bluegrass
Real Love,Bob Seger,0.9932,0.012,0.757,0.232,0,False,0.63,0.848,0,-4.592,1,0.0429,0.0834,4.34e-06,0.205,0.551,124.984,edm
The Last Song,Bob Seger,0.995,0.009,0.569,0.423,15,False,0.46,0.981,2,-3.464,1,0.101,1.86e-06,0.342,0.352,0.35,92.491,grindcore
Turn The Page,Bob Seger,0.9215,0.02,0.917,0.063,64,False,0.426,0.813,8,-3.963,1,0.0318,1.94e-05,0.022,0.0937,0.228,149.013,hard-rock
Bad Medicine,Bon Jovi,-0.9951,0.26,0.525,0.215,1,False,0.529,0.982,9,-2.129,1,0.0368,0.0206,0.0,0.0807,0.792,118.668,metal
Bed Of Roses,Bon Jovi,-0.1457,0.072,0.838,0.091,74,False,0.309,0.596,5,-5.599,1,0.0293,0.101,0.0,0.21,0.161,164.587,metal
Come Back,Bon Jovi,-0.9309,0.167,0.734,0.099,54,False,0.296,0.563,5,-5.58,1,0.029,0.0936,5.93e-05,0.116,0.267,167.412,grunge
Crazy,Bon Jovi,-0.9451,0.338,0.489,0.173,10,False,0.739,0.87,1,-10.685,1,0.0584,2.45e-05,0.85,0.0774,0.773,140.01,breakbeat
Dirty Little Secret,Bon Jovi,-0.9376,0.14,0.76,0.099,67,False,0.868,0.572,0,-6.217,0,0.112,0.101,0.0,0.103,0.485,96.985,hip-hop
Have A Nice Day,Bon Jovi,0.9956,0.03,0.755,0.215,49,False,0.711,0.845,3,-5.006,1,0.0304,0.61,0.00092,0.137,0.806,119.966,mandopop
I Am,Bon Jovi,-0.5621,0.122,0.778,0.1,16,False,0.631,0.764,0,-4.298,1,0.0364,0.818,0.0,0.203,0.764,100.056,afrobeat
I Believe,Bon Jovi,-0.8069,0.122,0.782,0.096,22,False,0.564,0.28,10,-8.211,1,0.0328,0.78,0.0,0.0767,0.383,94.287,bluegrass
I Don't Like Mondays,Bon Jovi,-0.9938,0.192,0.764,0.044,1,False,0.464,0.461,11,-6.878,1,0.0394,0.717,0.0,0.152,0.476,143.645,ska
I'll Be There For You,Bon Jovi,-0.875,0.139,0.747,0.115,3,False,0.348,0.797,2,-3.929,1,0.038,0.0698,0.0,0.0876,0.279,146.737,metal
Imagine,Bon Jovi,0.5134,0.154,0.682,0.163,50,False,0.769,0.803,4,-4.84,0,0.0466,0.0213,0.00713,0.145,0.559,109.999,deep-house
In These Arms,Bon Jovi,0.996,0.032,0.756,0.212,61,False,0.51,0.915,4,-3.036,1,0.0562,0.00884,1.75e-05,0.205,0.459,123.257,metal
Lost Highway,Bon Jovi,-0.912,0.096,0.852,0.051,14,False,0.448,0.423,6,-7.131,1,0.0354,0.709,0.0,0.0486,0.674,155.094,honky-tonk
Lucky,Bon Jovi,0.9961,0.031,0.665,0.304,74,False,0.625,0.414,0,-8.7,1,0.0369,0.294,0.0,0.151,0.669,130.088,acoustic
Maybe Tomorrow,Bon Jovi,0.8432,0.034,0.862,0.104,41,False,0.737,0.21,11,-9.555,0,0.0607,0.89,0.935,0.113,0.174,135.772,study
Misunderstood,Bon Jovi,0.9504,0.125,0.706,0.17,62,True,0.794,0.504,6,-5.95,1,0.0588,0.00898,0.0,0.0997,0.362,117.931,sad
Gotta Go Home,Boney M.,0.8779,0.0,0.934,0.066,29,False,0.771,0.914,1,-7.004,1,0.0298,0.219,0.053,0.341,0.98,131.641,disco
Happy Song,Boney M.,0.8967,0.112,0.743,0.145,67,True,0.295,0.924,5,-3.407,1,0.0678,4.02e-05,0.00462,0.377,0.219,171.941,metal
Heart Of Gold,Boney M.,0.4588,0.0,0.968,0.032,74,False,0.55,0.525,7,-8.754,1,0.0275,0.288,0.0172,0.106,0.806,171.172,singer-songwriter
I Feel Good,Boney M.,0.9985,0.043,0.565,0.392,0,False,0.803,0.75,11,-4.67,1,0.0551,0.0233,3.87e-05,0.045,0.628,106.0,chill
Joy To The World,Boney M.,0.9981,0.0,0.584,0.416,0,False,0.417,0.88,7,-4.022,1,0.0521,0.167,0.0,0.0755,0.579,149.987,country
Little Drummer Boy,Boney M.,0.9551,0.029,0.84,0.131,0,False,0.699,0.585,7,-5.755,1,0.0297,0.246,0.000329,0.0975,0.757,124.054,alt-rock
Ma Baker,Boney M.,-0.9921,0.154,0.788,0.058,65,False,0.746,0.76,2,-6.009,0,0.105,0.0342,2.18e-05,0.31,0.902,128.976,disco
Rasputin,Boney M.,0.9952,0.114,0.661,0.226,80,False,0.758,0.913,6,-2.926,0,0.113,0.00364,6.92e-05,0.193,0.658,128.04,dance
Deep Water,Bonnie Raitt,0.4767,0.01,0.955,0.035,21,False,0.557,0.522,5,-11.49,1,0.028,0.701,0.000371,0.211,0.876,148.446,honky-tonk
Good Enough,Bonnie Raitt,0.9104,0.16,0.657,0.183,51,False,0.48,0.713,4,-5.41,1,0.0497,0.00291,0.0,0.385,0.235,140.08,dub
I Know,Bonnie Raitt,0.8453,0.158,0.559,0.283,48,False,0.419,0.725,6,-5.901,0,0.0498,0.0497,9.98e-06,0.342,0.127,74.983,dubstep
Love Letter,Bonnie Raitt,0.9988,0.034,0.603,0.363,59,False,0.392,0.018,1,-27.064,1,0.0375,0.995,0.903,0.0954,0.14,66.99,ambient
My Opening Farewell,Bonnie Raitt,0.8149,0.111,0.757,0.133,22,False,0.558,0.3,0,-11.317,1,0.027,0.804,0.0,0.101,0.244,80.457,bluegrass
So Close,Bonnie Raitt,0.6884,0.061,0.825,0.114,18,False,0.645,0.956,2,-3.467,0,0.0763,8.21e-05,0.661,0.0951,0.171,171.983,drum-and-bass
Thank You,Bonnie Raitt,0.9964,0.093,0.595,0.312,39,False,0.775,0.808,1,-2.038,0,0.0465,0.113,0.0,0.0628,0.912,115.011,afrobeat
You,Bonnie Raitt,-0.5725,0.124,0.768,0.108,49,False,0.505,0.31,5,-10.423,1,0.03,0.885,0.00359,0.0996,0.34,82.591,acoustic
Beautiful,Bosson,0.9962,0.037,0.707,0.256,56,False,0.698,0.503,6,-8.095,1,0.0696,0.505,0.0497,0.107,0.187,104.98,deep-house
Happy,Bosson,0.9998,0.007,0.55,0.443,22,False,0.59,0.613,10,-9.547,1,0.0347,0.394,0.277,0.361,0.868,147.171,afrobeat
Rockstar,Bosson,0.9568,0.059,0.835,0.106,70,False,0.616,0.91,0,-3.004,1,0.0386,0.0459,0.0,0.343,0.693,144.072,alt-rock
We Will Meet Again,Bosson,0.9652,0.087,0.798,0.115,31,False,0.401,0.78,1,-6.407,0,0.0556,0.365,0.00517,0.129,0.247,134.872,electronic
Fly Away,Bread,0.9786,0.006,0.835,0.158,16,False,0.556,0.732,6,-7.453,0,0.0725,0.12,4.18e-05,0.0855,0.21,140.011,idm
London Bridge,Bread,-0.2925,0.049,0.918,0.033,28,False,0.602,0.717,8,-4.667,1,0.0306,0.225,0.0,0.111,0.898,149.96,kids
Your Song,Bread,0.9893,0.03,0.773,0.197,27,False,0.586,0.415,11,-7.834,1,0.0276,0.836,6.01e-05,0.122,0.704,140.005,acoustic
Better,Britney Spears,0.9923,0.063,0.742,0.195,54,False,0.662,0.187,2,-9.003,1,0.0268,0.969,0.000273,0.0922,0.233,104.988,acoustic
Conscious,Britney Spears,0.991,0.051,0.686,0.263,38,False,0.8,0.733,0,-11.452,1,0.0515,0.0388,0.833,0.114,0.186,124.974,minimal-techno
Freakshow,Britney Spears,-0.9867,0.142,0.818,0.04,24,False,0.576,0.983,1,-8.444,1,0.0991,0.00123,0.0944,0.557,0.244,174.966,happy
Gasoline,Britney Spears,0.9364,0.159,0.625,0.216,25,False,0.583,0.449,2,-7.05,1,0.0306,0.71,0.559,0.111,0.0694,116.896,bluegrass
I Got You Babe,Britney Spears,0.9547,0.042,0.822,0.135,65,False,0.629,0.795,6,-6.02,1,0.0278,0.136,5.44e-06,0.132,0.6,110.583,rock-n-roll
Lonely,Britney Spears,-0.974,0.166,0.773,0.061,68,True,0.622,0.619,2,-6.4,0,0.0561,0.0624,0.0,0.081,0.483,147.965,alt-rock
Mad Love,Britney Spears,0.9851,0.136,0.635,0.229,65,False,0.793,0.824,2,-3.476,1,0.177,0.006,3.29e-06,0.169,0.611,98.019,dancehall
Mannequin,Britney Spears,0.7977,0.15,0.678,0.172,19,False,0.525,0.93,7,-4.414,0,0.0387,0.000139,0.0338,0.11,0.229,120.142,black-metal
Me And You,Britney Spears,0.9155,0.055,0.806,0.14,46,False,0.42,0.925,0,-3.745,1,0.0381,8.53e-05,0.874,0.152,0.236,144.047,drum-and-bass
Mega Mix,Britney Spears,0.8644,0.11,0.756,0.134,34,False,0.542,0.837,1,-5.225,1,0.0479,0.513,5.52e-05,0.668,0.915,102.052,salsa
Ooh La La,Britney Spears,0.9961,0.0,0.821,0.179,28,False,0.45,0.484,0,-6.208,1,0.0304,0.669,0.0,0.112,0.514,138.633,bluegrass
Queen,Britney Spears,0.6588,0.027,0.914,0.059,28,False,0.694,0.873,6,-5.283,1,0.299,0.0023,3.1e-05,0.0898,0.773,124.904,dancehall
Rebellion,Britney Spears,-0.7472,0.164,0.722,0.114,16,False,0.444,0.88,6,-6.912,0,0.0399,2.74e-06,0.242,0.254,0.444,112.009,black-metal
All Night Long,Bruce Springsteen,0.9428,0.136,0.71,0.154,15,False,0.753,0.723,1,-9.045,1,0.0862,0.000621,0.166,0.204,0.49,135.961,breakbeat
Buffalo Gals,Bruce Springsteen,0.4939,0.0,0.98,0.02,22,False,0.414,0.558,4,-14.522,1,0.0317,0.0309,0.966,0.244,0.843,137.374,bluegrass
Crush On You,Bruce Springsteen,0.5562,0.074,0.848,0.078,48,False,0.636,0.288,1,-13.341,1,0.0583,0.888,0.184,0.109,0.289,140.07,chill
Dollhouse,Bruce Springsteen,0.991,0.052,0.784,0.163,74,False,0.725,0.708,5,-5.331,0,0.0756,0.22,0.0,0.777,0.555,130.029,electro
Fire,Bruce Springsteen,-0.9028,0.226,0.612,0.162,65,False,0.548,0.64,10,-6.285,0,0.0306,0.21,0.000328,0.08,0.392,108.326,alt-rock
"Fun, Fun, Fun",Bruce Springsteen,0.9994,0.0,0.669,0.331,0,False,0.548,0.788,7,-9.871,1,0.0407,0.401,0.0,0.316,0.95,174.288,children
Galveston Bay,Bruce Springsteen,0.5994,0.045,0.892,0.062,46,False,0.527,0.375,0,-6.387,1,0.0243,0.482,0.0,0.132,0.318,81.92,country
Human Touch,Bruce Springsteen,-0.8051,0.109,0.809,0.082,0,False,0.64,0.831,2,-5.317,1,0.0363,0.00288,6.17e-05,0.19,0.585,126.968,progressive-house
Into The Fire,Bruce Springsteen,0.9998,0.063,0.456,0.481,58,True,0.375,0.965,8,-2.436,0,0.123,0.000164,0.000835,0.28,0.292,175.014,metalcore
Jack Of All Trades,Bruce Springsteen,0.9571,0.04,0.83,0.13,31,False,0.349,0.902,4,-5.073,1,0.0593,0.0103,4.74e-05,0.155,0.646,170.775,hardcore
Little Queenie,Bruce Springsteen,0.9818,0.019,0.835,0.146,51,False,0.572,0.236,8,-12.164,1,0.0431,0.908,0.00492,0.108,0.313,134.731,garage
Loose Change,Bruce Springsteen,-0.714,0.09,0.844,0.066,61,False,0.825,0.42,11,-14.702,1,0.0516,0.326,0.0,0.151,0.781,119.953,chill
All About You,Bruno Mars,0.9789,0.053,0.817,0.13,25,False,0.597,0.348,2,-10.524,1,0.0327,0.95,0.138,0.116,0.738,110.485,bluegrass
Circles,Bruno Mars,0.9583,0.061,0.833,0.107,67,False,0.65,0.456,1,-5.742,1,0.0299,0.659,0.0,0.122,0.475,82.063,k-pop
Don't Give Up,Bruno Mars,-0.4813,0.126,0.764,0.109,53,False,0.757,0.388,3,-13.754,1,0.044,0.88,0.382,0.104,0.74,114.031,ambient
Faded,Bruno Mars,0.9987,0.0,0.747,0.253,15,False,0.612,0.808,6,-5.122,0,0.0769,0.00113,0.574,0.0836,0.649,174.068,drum-and-bass
First Time,Bruno Mars,0.9812,0.014,0.883,0.103,57,False,0.705,0.838,8,-3.69,1,0.0389,0.00449,0.00037,0.0926,0.219,124.03,deep-house
It Will Rain,Bruno Mars,-0.9724,0.148,0.785,0.067,0,False,0.572,0.835,2,-6.826,1,0.0516,0.337,0.0,0.082,0.468,150.014,dance
Marry You,Bruno Mars,0.998,0.02,0.689,0.29,50,False,0.637,0.768,5,-6.888,1,0.0318,0.0335,7.77e-06,0.161,0.459,144.914,club
On Fire,Bruno Mars,-0.9642,0.146,0.76,0.094,64,True,0.759,0.825,8,-4.289,1,0.22,0.0923,0.00057,0.24,0.429,94.857,hardcore
Valerie,Bruno Mars,-0.5661,0.111,0.794,0.095,0,False,0.679,0.766,9,-4.993,1,0.0291,0.32,0.015,0.111,0.679,116.269,country
Voices In My Head,Bruno Mars,-0.6124,0.087,0.852,0.061,26,False,0.537,0.185,7,-15.642,1,0.0588,0.805,0.0,0.271,0.395,131.232,comedy
We'll Be Alright,Bruno Mars,0.9989,0.021,0.638,0.341,48,False,0.174,0.717,0,-4.741,1,0.0458,0.115,0.0,0.352,0.424,191.988,emo
When I Was Your Man,Bruno Mars,0.99,0.09,0.714,0.196,52,False,0.403,0.237,7,-10.001,1,0.0391,0.906,0.0,0.111,0.163,144.174,acoustic
Dime,Cake,0.9231,0.0,0.896,0.104,3,False,0.771,0.66,11,-5.067,0,0.114,0.369,0.0,0.119,0.423,135.965,latino
Half As Much,Cake,0.9921,0.056,0.706,0.238,20,False,0.66,0.327,9,-10.069,1,0.0311,0.899,3.18e-05,0.0867,0.45,126.847,honky-tonk
Jolene,Cake,0.9169,0.0,0.87,0.13,64,False,0.588,0.142,7,-15.196,1,0.0329,0.863,0.000162,0.0953,0.288,119.656,acoustic
Long Time,Cake,0.9579,0.0,0.882,0.118,12,False,0.522,0.807,11,-4.505,0,0.0339,0.000117,0.0,0.201,0.442,119.941,power-pop
"Perhaps, Perhaps, Perhaps",Cake,-0.8647,0.149,0.774,0.077,59,False,0.616,0.271,9,-12.215,0,0.0414,0.759,8.47e-06,0.0781,0.649,104.519,j-pop
Walk On By,Cake,0.9665,0.0,0.797,0.203,17,False,0.65,0.943,1,-5.265,1,0.0862,2.5e-05,0.714,0.0578,0.649,174.003,drum-and-bass
Danny Boy,Carly Simon,0.9726,0.073,0.743,0.184,19,False,0.254,0.224,5,-12.686,1,0.0365,0.972,8.07e-06,0.18,0.22,75.743,opera
Heaven,Carly Simon,0.9686,0.034,0.778,0.189,61,False,0.619,0.28,8,-10.238,0,0.0317,0.73,0.0,0.103,0.292,129.948,acoustic
I Heard The Bells On Christmas Day,Carly Simon,0.9876,0.109,0.571,0.32,0,False,0.492,0.145,2,-14.504,0,0.0422,0.872,9.68e-06,0.107,0.218,90.078,acoustic
Island,Carly Simon,-0.7099,0.108,0.827,0.065,35,True,0.496,0.991,9,-2.752,1,0.111,0.0106,0.000251,0.373,0.433,135.91,emo
Itsy Bitsy Spider,Carly Simon,0.6908,0.0,0.925,0.075,67,False,0.919,0.289,2,-12.244,1,0.048,0.586,3.19e-06,0.075,0.866,100.042,children
"Let It Snow, Let It Snow, Let It Snow",Carly Simon,0.8857,0.115,0.743,0.141,0,False,0.457,0.36,1,-9.188,1,0.0374,0.828,0.000127,0.15,0.682,133.568,jazz
Shoulder To Shoulder,Carly Simon,0.6357,0.121,0.74,0.139,11,False,0.719,0.667,6,-11.947,1,0.03,0.68,0.0,0.218,0.965,135.82,honky-tonk
Ikaw Lamang,Carol Banawa,0.0,0.0,1.0,0.0,25,False,0.614,0.441,10,-9.375,1,0.0294,0.76,4.18e-05,0.142,0.148,117.991,acoustic
I'll Be There,Carol Banawa,-0.4588,0.062,0.906,0.032,14,False,0.787,0.737,8,-4.295,1,0.0829,0.00203,3.58e-05,0.0836,0.82,118.416,chicago-house
Away In A Manger,Carpenters,0.979,0.074,0.683,0.243,0,False,0.309,0.135,0,-15.482,1,0.0313,0.933,1.16e-05,0.355,0.34,149.794,country
Can't Smile Without You,Carpenters,-0.5214,0.174,0.686,0.141,63,False,0.419,0.516,7,-9.937,1,0.0335,0.494,4.41e-06,0.148,0.476,97.884,disco
Christmas Song,Carpenters,0.9477,0.018,0.889,0.093,0,False,0.452,0.298,9,-14.353,1,0.0421,0.66,0.0141,0.226,0.323,109.15,guitar
From This Moment On,Carpenters,0.9812,0.021,0.695,0.284,66,False,0.305,0.323,7,-9.396,1,0.0284,0.483,0.0,0.107,0.103,135.803,country
Help,Carpenters,0.6659,0.17,0.649,0.181,51,True,0.837,0.554,2,-10.165,1,0.109,0.734,5.6e-05,0.129,0.676,117.012,comedy
Here Comes Santa Claus,Carpenters,0.9704,0.025,0.853,0.121,0,False,0.656,0.366,0,-9.548,1,0.0446,0.94,1.33e-05,0.219,0.823,184.436,jazz
I'll Never Fall In Love Again,Carpenters,0.9934,0.062,0.687,0.251,56,False,0.295,0.374,2,-11.457,1,0.0293,0.836,0.385,0.137,0.293,145.302,rock-n-roll
Looking For Love,Carpenters,0.9895,0.015,0.647,0.338,0,False,0.787,0.701,1,-7.073,0,0.0448,0.251,9.02e-05,0.114,0.545,112.048,german
Cats In The Cradle,Cat Stevens,0.9981,0.013,0.798,0.188,69,False,0.511,0.517,8,-9.653,1,0.0328,0.13,0.0,0.074,0.433,75.67,hard-rock
Father And Son,Cat Stevens,0.9628,0.055,0.812,0.134,74,False,0.495,0.326,7,-12.29,1,0.0365,0.541,8.85e-05,0.0996,0.371,136.243,british
Ghost Town,Cat Stevens,0.1027,0.081,0.852,0.067,62,False,0.631,0.643,0,-5.656,1,0.053,0.0658,0.0,0.0937,0.528,130.099,alt-rock
Home,Cat Stevens,0.9476,0.03,0.853,0.117,51,False,0.403,0.29,2,-10.262,1,0.0328,0.757,0.0,0.0972,0.248,139.482,acoustic
Jesus,Cat Stevens,0.3612,0.074,0.848,0.078,38,False,0.482,0.387,9,-8.478,1,0.0278,0.665,0.0,0.329,0.0543,99.97,gospel
Kitty,Cat Stevens,0.9512,0.083,0.745,0.173,3,False,0.598,0.654,6,-7.335,0,0.111,0.418,0.865,0.162,0.573,67.392,study
Morning Has Broken,Cat Stevens,0.991,0.025,0.608,0.367,37,False,0.716,0.195,7,-16.176,1,0.0636,0.98,0.926,0.197,0.25,120.2,guitar
School Is Out,Cat Stevens,0.9924,0.0,0.783,0.217,11,False,0.688,0.623,8,-6.476,0,0.169,0.656,0.0,0.259,0.576,148.218,kids
Alone,Celine Dion,-0.4771,0.127,0.785,0.087,43,False,0.523,0.617,9,-7.76,0,0.0265,0.0856,0.857,0.139,0.0868,79.964,anime
Any Other Way,Celine Dion,0.9559,0.067,0.792,0.142,22,False,0.457,0.924,11,-3.935,1,0.0604,0.0104,0.0,0.0847,0.434,77.457,piano
Ave Maria,Celine Dion,0.6369,0.056,0.846,0.097,0,False,0.177,0.0601,0,-21.942,1,0.0405,0.987,0.894,0.0687,0.0543,81.807,classical
Eyes On Me,Celine Dion,0.9854,0.074,0.761,0.165,46,False,0.305,0.517,0,-6.474,1,0.0354,0.106,0.0,0.0614,0.201,179.638,cantopop
Forget Me Not,Celine Dion,0.9767,0.112,0.734,0.154,58,False,0.569,0.877,8,-3.593,1,0.117,0.0134,0.0,0.342,0.782,161.133,anime
I Believe In You,Celine Dion,0.9621,0.045,0.835,0.119,59,False,0.512,0.212,7,-21.426,1,0.0483,0.88,0.00573,0.115,0.51,117.756,country
I Drove All Night,Celine Dion,0.9833,0.055,0.78,0.165,59,False,0.478,0.624,5,-11.16,1,0.0393,0.655,0.00197,0.114,0.579,138.708,rock-n-roll
I Surrender,Celine Dion,0.9815,0.049,0.802,0.148,47,False,0.375,0.288,11,-11.709,1,0.0303,0.754,2.08e-06,0.14,0.171,147.972,world-music
Immortality,Celine Dion,0.982,0.032,0.825,0.143,26,False,0.562,0.835,7,-10.922,1,0.0575,0.0026,0.612,0.0957,0.0615,168.872,happy
Miracle,Celine Dion,0.9736,0.145,0.603,0.251,20,False,0.307,0.68,6,-4.153,1,0.074,0.58,2.05e-06,0.102,0.224,74.151,afrobeat
All Of Me,Chaka Khan,-0.5267,0.114,0.789,0.097,25,False,0.625,0.587,0,-8.788,0,0.104,0.475,0.277,0.298,0.388,190.07,deep-house
Better Days,Chaka Khan,0.9849,0.048,0.657,0.295,19,False,0.511,0.416,9,-9.509,1,0.03,0.834,0.0263,0.149,0.397,82.017,bluegrass
Better Together,Chaka Khan,0.895,0.123,0.676,0.201,64,False,0.761,0.311,5,-10.597,1,0.0692,0.647,0.0,0.15,0.553,109.891,acoustic
Chinatown,Chaka Khan,-0.9777,0.18,0.769,0.051,22,False,0.533,0.961,6,-4.327,1,0.921,0.836,0.0,0.938,0.209,77.296,comedy
Earth Song,Chaka Khan,0.9946,0.0,0.691,0.309,65,False,0.501,0.439,3,-7.521,0,0.0313,0.482,0.000117,0.087,0.145,138.377,soul
Every Little Thing,Chaka Khan,0.9515,0.077,0.76,0.164,2,False,0.639,0.427,0,-6.512,1,0.0368,0.434,1.14e-05,0.0903,0.322,139.899,country
Fate,Chaka Khan,0.9752,0.018,0.844,0.138,23,False,0.489,0.903,9,-2.844,1,0.061,0.000584,1.27e-06,0.369,0.69,120.096,goth
Feel Good,Chaka Khan,-0.91,0.155,0.773,0.072,15,False,0.518,0.891,1,-4.105,1,0.0608,0.00153,0.735,0.223,0.14,140.011,breakbeat
Fool's Paradise,Chaka Khan,0.9757,0.253,0.435,0.313,46,False,0.696,0.678,0,-11.358,0,0.0315,0.0334,0.494,0.0953,0.21,121.015,techno
Hair,Chaka Khan,0.7791,0.138,0.685,0.177,53,False,0.425,0.495,0,-10.089,0,0.0562,0.0789,0.0,0.25,0.574,138.339,children
I'm Every Woman,Chaka Khan,0.798,0.05,0.846,0.104,66,False,0.603,0.886,0,-7.301,0,0.0465,0.0418,0.000171,0.295,0.727,114.045,disco
It's You,Chaka Khan,0.9928,0.028,0.667,0.305,80,False,0.732,0.463,11,-6.972,0,0.0287,0.374,0.0,0.194,0.397,95.971,hip-hop
Keep Your Head Up,Chaka Khan,0.9945,0.09,0.679,0.231,67,False,0.508,0.596,4,-9.034,0,0.0334,0.439,9.84e-06,0.111,0.4,79.359,british
My Funny Valentine,Chaka Khan,0.9184,0.048,0.769,0.183,0,False,0.44,0.0302,0,-18.564,0,0.0375,0.929,0.00836,0.109,0.213,107.716,jazz
Stormy Weather,Chaka Khan,-0.8336,0.116,0.843,0.041,0,False,0.258,0.35,3,-9.148,1,0.0307,0.716,0.0,0.228,0.448,177.546,blues
Street Player,Chaka Khan,0.9852,0.03,0.809,0.161,2,False,0.765,0.833,10,-5.162,0,0.0873,0.0376,0.268,0.0824,0.837,126.422,folk
Teach Me Tonight,Chaka Khan,0.9549,0.031,0.85,0.12,20,False,0.535,0.119,7,-17.249,1,0.0418,0.965,0.868,0.0908,0.163,98.111,new-age
Tell Me Something Good,Chaka Khan,0.972,0.076,0.65,0.274,67,False,0.812,0.796,8,-10.548,1,0.0356,0.00826,0.921,0.365,0.961,125.976,techno
The Best Is Yet To Come,Chaka Khan,0.9926,0.032,0.774,0.194,36,False,0.507,0.32,9,-9.668,0,0.0319,0.868,0.0,0.176,0.352,85.464,cantopop
The Christmas Song,Chaka Khan,0.8439,0.032,0.867,0.101,0,False,0.222,0.455,2,-7.039,1,0.0341,0.713,0.0,0.148,0.237,75.262,alt-rock
We Can Work It Out,Chaka Khan,-0.9698,0.158,0.787,0.055,11,False,0.74,0.423,11,-14.183,0,0.05,0.0433,0.000138,0.287,0.597,113.068,chicago-house
Busted,Cheap Trick,-0.8418,0.124,0.817,0.059,11,False,0.541,0.559,2,-5.04,1,0.0249,0.507,0.0,0.306,0.601,144.79,honky-tonk
Give It Away,Cheap Trick,0.98,0.033,0.804,0.163,73,False,0.666,0.936,7,-9.919,1,0.0476,0.00244,0.086,0.153,0.776,91.577,metal
Let Her Go,Cheap Trick,0.6391,0.052,0.866,0.082,38,False,0.549,0.291,2,-13.457,1,0.0388,0.858,0.000846,0.129,0.376,75.153,acoustic
Oh Caroline,Cheap Trick,0.9964,0.034,0.696,0.27,76,False,0.646,0.85,2,-5.466,1,0.0428,0.363,4.01e-05,0.0994,0.819,96.538,alt-rock
One More,Cheap Trick,0.9699,0.04,0.849,0.111,5,False,0.722,0.784,5,-4.662,0,0.0819,0.00668,5.31e-06,0.467,0.768,119.988,indie
Say Goodbye,Cheap Trick,0.0045,0.086,0.822,0.091,64,False,0.706,0.297,3,-13.652,1,0.132,0.468,0.0,0.0725,0.123,104.049,chill
Shelter,Cheap Trick,0.8655,0.113,0.711,0.175,53,False,0.435,0.892,10,-2.763,0,0.0373,4.16e-05,0.306,0.492,0.168,173.876,drum-and-bass
The Doctor,Cheap Trick,0.9942,0.048,0.75,0.202,29,False,0.836,0.525,7,-11.328,1,0.318,0.0198,0.0,0.341,0.716,100.0,dancehall
The Flame,Cheap Trick,-0.9352,0.11,0.872,0.018,66,False,0.629,0.581,4,-11.856,1,0.027,0.513,2.06e-06,0.0755,0.359,97.074,hard-rock
Voices,Cheap Trick,0.9754,0.008,0.872,0.12,14,False,0.65,0.947,1,-6.685,1,0.0376,0.0014,0.71,0.349,0.475,129.001,breakbeat
Words,Cheap Trick,-0.9611,0.128,0.827,0.045,61,False,0.259,0.289,2,-10.491,1,0.0285,0.14,0.0,0.162,0.246,80.326,disco
Bang-Bang,Cher,-0.7845,0.099,0.84,0.06,26,False,0.805,0.401,7,-12.264,1,0.066,0.000166,0.325,0.105,0.257,121.622,detroit-techno
How Can You Mend A Broken Heart,Cher,-0.9876,0.261,0.621,0.118,62,False,0.335,0.262,4,-13.832,1,0.0393,0.548,0.0,0.0971,0.203,68.82,disco
I Found Someone,Cher,-0.31,0.098,0.81,0.092,20,False,0.42,0.699,2,-4.123,0,0.0331,0.147,0.0,0.0584,0.347,110.296,show-tunes
I Still Haven't Found What I'm Looking For,Cher,0.1027,0.092,0.802,0.107,61,False,0.587,0.141,1,-9.386,1,0.0308,0.919,5.41e-06,0.103,0.505,105.38,bluegrass
If I Could Turn Back Time,Cher,0.982,0.133,0.676,0.19,25,False,0.654,0.756,11,-3.299,1,0.0443,0.266,0.0,0.106,0.581,121.887,show-tunes
It's Not Unusual,Cher,0.8749,0.082,0.757,0.161,0,False,0.521,0.815,0,-6.148,1,0.0549,0.518,0.0,0.126,0.95,92.782,british
Love Hurts,Cher,0.9761,0.256,0.426,0.318,32,False,0.48,0.427,7,-7.961,1,0.0243,0.00315,0.00442,0.338,0.148,80.078,blues
Mama,Cher,-0.7305,0.127,0.784,0.089,74,False,0.738,0.794,11,-4.118,0,0.0416,0.101,0.0,0.0533,0.566,104.014,dance
Monday,Cher,-0.7459,0.075,0.887,0.038,0,False,0.584,0.0282,7,-25.12,1,0.0649,0.951,0.0854,0.117,0.267,97.855,romance
Mr. Soul,Cher,-0.7992,0.137,0.77,0.093,60,False,0.674,0.706,9,-9.012,1,0.0384,0.108,6.48e-06,0.114,0.961,133.789,psych-rock
Chains,Chicago,-0.7092,0.062,0.904,0.033,10,False,0.815,0.681,11,-10.065,0,0.0693,8.43e-05,0.201,0.05,0.547,122.753,chicago-house
Chicago,Chicago,0.8591,0.021,0.87,0.109,26,False,0.436,0.857,11,-3.631,1,0.037,0.00907,0.02,0.0842,0.11,146.937,metalcore
Dialogue,Chicago,0.9669,0.072,0.779,0.149,0,False,0.28,0.00455,2,-31.984,1,0.0689,0.993,0.858,0.0729,0.128,149.981,iranian
Don't Get Around Much Anymore,Chicago,0.3998,0.021,0.924,0.055,11,False,0.668,0.34,10,-12.151,1,0.0757,0.799,5.03e-06,0.13,0.494,100.582,honky-tonk
If You Leave Me Now,Chicago,0.9638,0.108,0.723,0.169,74,False,0.434,0.563,11,-6.784,1,0.0268,0.0197,0.000824,0.128,0.275,104.183,singer-songwriter
I'm A Man,Chicago,0.9995,0.083,0.556,0.361,56,False,0.513,0.546,0,-15.672,1,0.0391,0.333,0.0,0.17,0.834,85.527,rockabilly
It's Alright,Chicago,0.9942,0.048,0.712,0.24,24,True,0.685,0.489,10,-6.32,0,0.0316,0.0122,0.254,0.0734,0.791,102.158,new-age
Run Away,Chicago,-0.0516,0.103,0.789,0.107,52,False,0.499,0.204,5,-9.076,1,0.0363,0.938,1.22e-06,0.108,0.371,106.902,show-tunes
Show Me The Way,Chicago,0.9776,0.062,0.729,0.209,0,False,0.7,0.726,2,-7.717,1,0.0329,0.436,1.11e-06,0.0914,0.64,130.11,blues
Angels We Have Heard On High,Children,0.9497,0.043,0.768,0.188,0,False,0.488,0.511,5,-6.423,0,0.0292,0.219,0.0,0.113,0.195,102.756,gospel
Bingo,Children,0.0,0.0,1.0,0.0,57,False,0.732,0.343,2,-13.208,1,0.0711,0.713,1.23e-05,0.096,0.981,179.959,children
Chicken,Children,0.8126,0.0,0.903,0.097,26,True,0.624,0.838,5,-6.139,0,0.946,0.86,0.0,0.831,0.588,79.647,comedy
Do Your Ears Hang Low?,Children,0.2869,0.072,0.866,0.061,54,False,0.933,0.242,0,-16.367,1,0.216,0.681,0.0,0.145,0.963,112.495,children
"Hush, Little Baby",Children,0.25,0.023,0.938,0.039,29,False,0.709,0.298,0,-8.433,1,0.0299,0.791,0.0,0.0892,0.571,120.082,children
Looby Loo,Children,0.5719,0.107,0.812,0.081,56,False,0.669,0.383,2,-11.7,1,0.0553,0.0426,0.0,0.0719,0.909,134.995,children
Rise And Shine,Children,0.9997,0.004,0.649,0.347,37,False,0.678,0.784,10,-4.285,1,0.0395,0.114,0.000347,0.0867,0.247,101.97,disney
The Ants Go Marching,Children,0.9993,0.026,0.732,0.242,54,False,0.945,0.574,11,-8.242,0,0.0534,0.497,0.0,0.0758,0.862,103.275,children
2012,Chris Brown,0.8394,0.07,0.843,0.087,24,True,0.467,0.873,11,-4.968,0,0.0411,0.000241,1.1e-06,0.527,0.177,150.059,metalcore
ABC's,Chris Brown,0.9504,0.033,0.864,0.103,62,False,0.82,0.386,0,-13.189,1,0.0511,0.234,0.00236,0.107,0.969,119.995,children
All I Wanna Do,Chris Brown,0.9064,0.05,0.809,0.141,53,False,0.728,0.794,1,-3.992,1,0.0635,0.148,0.0,0.0688,0.523,112.071,electronic
Another You,Chris Brown,0.9959,0.04,0.767,0.193,50,False,0.59,0.647,6,-5.06,0,0.033,0.00807,4.3e-05,0.0921,0.39,127.979,trance
Bitches,Chris Brown,-0.9992,0.29,0.526,0.184,10,False,0.981,0.776,11,-7.288,0,0.259,0.0307,5.43e-06,0.185,0.727,128.106,chicago-house
Calypso,Chris Brown,0.9657,0.062,0.79,0.148,1,False,0.866,0.86,1,-3.087,0,0.0584,0.138,0.0,0.402,0.924,109.973,latin
Crawl,Chris Brown,0.9958,0.055,0.733,0.212,53,False,0.504,0.932,7,-5.666,0,0.0638,1.65e-05,0.0234,0.164,0.203,135.039,death-metal
Dangerous,Chris Brown,-0.9986,0.292,0.67,0.037,48,False,0.521,0.484,4,-6.122,0,0.0747,0.0272,0.000191,0.0904,0.758,79.625,blues
Do It,Chris Brown,0.9795,0.047,0.858,0.096,52,True,0.795,0.874,1,-3.502,1,0.0506,0.0812,0.0906,0.065,0.2,108.001,deep-house
Erased,Chris Brown,0.7398,0.106,0.779,0.115,48,False,0.397,0.907,3,-5.612,0,0.0605,0.00037,0.00193,0.058,0.367,99.487,metalcore
Fallen Angel,Chris Brown,0.9877,0.076,0.732,0.193,64,False,0.453,0.911,2,-3.775,0,0.0382,0.00554,0.0,0.0627,0.218,137.011,grunge
Five More Hours,Chris Brown,0.9749,0.008,0.886,0.106,70,False,0.699,0.883,5,-3.226,0,0.219,0.0288,0.0,0.817,0.499,127.961,progressive-house
Forever,Chris Brown,0.9971,0.021,0.766,0.213,54,False,0.635,0.444,7,-11.772,1,0.039,0.656,0.00513,0.105,0.758,159.962,chill
Graffiti,Chris Brown,-0.9944,0.125,0.842,0.033,38,False,0.472,0.828,4,-3.477,1,0.0353,0.0102,0.00299,0.226,0.388,86.976,synth-pop
I'm Afraid,Chris Brown,-0.5256,0.169,0.688,0.143,23,False,0.421,0.913,9,-2.715,0,0.0483,0.0511,0.000661,0.209,0.107,154.995,hardstyle
Just Fine,Chris Brown,0.9929,0.04,0.778,0.182,0,False,0.923,0.795,11,-3.61,0,0.117,0.0394,0.000599,0.101,0.587,123.021,soul
Matrix,Chris Brown,-0.7998,0.075,0.863,0.062,44,True,0.827,0.568,10,-8.187,0,0.444,0.153,0.0,0.111,0.588,114.937,brazil
Movie,Chris Brown,0.9958,0.009,0.833,0.158,66,False,0.785,0.379,7,-11.446,1,0.0732,0.391,0.0161,0.267,0.182,122.043,j-pop
Because Of You,Chris Rea,0.6611,0.062,0.859,0.078,23,False,0.442,0.832,8,-5.738,1,0.0353,0.0047,0.401,0.209,0.0385,173.982,drum-and-bass
Boom Boom,Chris Rea,-0.9383,0.139,0.812,0.049,58,False,0.646,0.395,1,-12.828,0,0.254,0.269,0.00666,0.0741,0.848,155.839,blues
Candles,Chris Rea,0.9735,0.055,0.723,0.222,54,False,0.298,0.148,3,-26.245,0,0.0438,0.868,0.843,0.11,0.0603,108.658,ambient
Dancing Shoes,Chris Rea,0.6925,0.0,0.946,0.054,63,False,0.522,0.889,1,-4.137,1,0.0461,0.00328,0.0,0.345,0.852,144.499,garage
Diamonds,Chris Rea,0.9757,0.038,0.737,0.225,26,False,0.755,0.918,8,-3.558,1,0.0397,0.356,2.23e-06,0.319,0.634,111.017,acoustic
Josephine,Chris Rea,0.9052,0.025,0.853,0.122,28,False,0.442,0.898,5,-4.662,1,0.0613,0.000158,4.11e-06,0.1,0.446,144.299,acoustic
Julia,Chris Rea,0.9864,0.053,0.719,0.227,25,False,0.468,0.939,10,-6.228,1,0.0937,0.000225,1.26e-05,0.34,0.509,116.218,grunge
Just One Of Those Days,Chris Rea,0.296,0.023,0.921,0.056,29,False,0.704,0.604,0,-5.78,1,0.165,0.0379,0.0,0.0488,0.522,148.017,dancehall
Keep On Dancing,Chris Rea,0.7801,0.122,0.72,0.158,60,False,0.302,0.786,2,-4.968,1,0.133,0.0282,0.0,0.0816,0.383,207.683,edm
Let's Dance,Chris Rea,0.9244,0.081,0.7,0.219,11,False,0.232,0.962,8,-4.721,1,0.0667,0.000543,0.0419,0.0983,0.633,163.923,breakbeat
Que Sera,Chris Rea,0.5267,0.076,0.833,0.091,60,False,0.714,0.721,9,-5.049,1,0.0783,0.273,0.245,0.174,0.415,83.021,trip-hop
Runaway,Chris Rea,0.7506,0.029,0.891,0.08,13,False,0.81,0.924,6,-12.636,1,0.0636,5.62e-05,0.876,0.108,0.872,118.849,chicago-house
Set Me Free,Chris Rea,0.9165,0.086,0.748,0.166,9,False,0.799,0.825,4,-6.975,1,0.0474,0.0405,0.361,0.0992,0.62,127.788,chicago-house
So Much Love,Chris Rea,0.9937,0.04,0.68,0.28,0,False,0.803,0.807,5,-6.138,1,0.03,0.0335,2.76e-06,0.12,0.909,123.012,deep-house
There She Goes,Chris Rea,0.9538,0.0,0.859,0.141,54,False,0.724,0.28,9,-12.788,1,0.0303,0.755,0.0,0.326,0.527,106.966,acoustic
Thinking Of You,Chris Rea,0.9453,0.011,0.877,0.112,20,False,0.755,0.347,2,-13.853,0,0.0792,0.154,2.99e-05,0.115,0.634,138.673,kids
Believe Me,Christina Aguilera,0.9796,0.113,0.681,0.206,71,False,0.629,0.876,5,-5.572,0,0.0408,0.129,1.39e-06,0.29,0.645,124.999,deep-house
Blessed,Christina Aguilera,0.9987,0.0,0.616,0.384,54,True,0.829,0.433,5,-11.828,0,0.174,0.143,0.00252,0.13,0.679,130.051,dancehall
By Your Side,Christina Aguilera,0.9988,0.01,0.799,0.191,70,False,0.653,0.429,11,-10.473,1,0.0297,0.0849,0.00371,0.0693,0.627,146.073,british
Can You Feel The Love Tonight,Christina Aguilera,0.9889,0.01,0.837,0.153,10,False,0.62,0.747,5,-5.565,1,0.0566,0.146,0.0,0.11,0.505,101.976,kids
Candyman,Christina Aguilera,0.9856,0.073,0.786,0.141,28,False,0.472,0.896,1,-4.711,0,0.0402,0.00169,0.0,0.091,0.746,135.947,grunge
Change,Christina Aguilera,0.9761,0.083,0.759,0.158,33,False,0.663,0.643,0,-13.757,1,0.0432,0.321,3.02e-05,0.327,0.79,105.875,british
Impossible,Christina Aguilera,0.9127,0.064,0.816,0.12,43,False,0.717,0.462,0,-9.802,1,0.033,0.567,0.29,0.11,0.357,118.286,british
Infatuation,Christina Aguilera,0.1095,0.143,0.734,0.124,38,False,0.355,0.335,7,-10.414,0,0.0357,0.195,0.0208,0.122,0.0395,74.533,club
Make Me Happy,Christina Aguilera,0.9993,0.0,0.679,0.321,26,False,0.713,0.639,10,-5.769,1,0.05,0.423,0.0,0.129,0.944,92.072,show-tunes
Mother,Christina Aguilera,-0.0857,0.013,0.987,0.0,20,True,0.505,0.785,4,-12.045,0,0.955,0.891,0.0,0.528,0.3,88.446,comedy
Save Me From Myself,Christina Aguilera,0.9952,0.072,0.656,0.272,18,False,0.418,0.657,11,-5.355,0,0.217,0.328,0.0,0.139,0.364,87.384,afrobeat
This Christmas,Christina Aguilera,0.9991,0.0,0.55,0.45,0,False,0.538,0.391,0,-9.031,1,0.0256,0.898,0.00558,0.17,0.398,88.562,british
Walk Away,Christina Aguilera,-0.9896,0.123,0.815,0.062,68,True,0.641,0.373,1,-14.13,1,0.44,0.761,0.0,0.0993,0.282,100.268,sad
Welcome,Christina Aguilera,0.5204,0.073,0.809,0.119,33,False,0.712,0.742,10,-6.895,0,0.187,0.543,0.00162,0.103,0.831,81.992,dancehall
A Thousand Years,Christina Perri,0.9975,0.074,0.61,0.317,56,False,0.41,0.221,5,-11.673,1,0.0315,0.768,0.0,0.106,0.228,139.529,acoustic
Arms,Christina Perri,0.9863,0.09,0.732,0.178,53,False,0.41,0.141,2,-18.564,1,0.0337,0.932,0.0898,0.118,0.24,149.888,folk
Butterfly,Christina Perri,-0.0927,0.156,0.694,0.15,73,False,0.736,0.811,9,-4.17,0,0.081,0.00132,0.000142,0.107,0.609,103.502,alt-rock
I Like You,Christina Perri,0.9878,0.0,0.755,0.245,56,False,0.624,0.334,3,-11.89,1,0.0391,0.321,3.27e-06,0.113,0.397,157.92,acoustic
Mine,Christina Perri,-0.911,0.141,0.752,0.107,76,True,0.71,0.789,4,-3.874,1,0.0722,0.0161,2.77e-06,0.451,0.717,142.929,dance
My Eyes,Christina Perri,0.5954,0.097,0.774,0.129,39,False,0.467,0.761,9,-4.987,1,0.0342,0.21,1.06e-05,0.0626,0.123,144.997,electronic
One Wish,Christina Perri,0.9023,0.044,0.799,0.156,62,False,0.739,0.67,8,-8.459,0,0.0843,0.333,0.0,0.273,0.429,123.98,deep-house
Trust,Christina Perri,0.9968,0.108,0.489,0.404,25,False,0.396,0.901,11,-6.046,1,0.0473,1.36e-06,0.88,0.114,0.613,96.478,garage
Back Door Santa,Christmas Songs,0.8835,0.058,0.819,0.123,0,False,0.736,0.722,10,-5.908,0,0.0753,0.384,7.36e-05,0.137,0.448,112.921,blues
Happy Xmas (War Is Over),Christmas Songs,0.9974,0.05,0.618,0.332,0,False,0.373,0.256,2,-12.95,1,0.0298,0.301,0.000922,0.28,0.0973,149.919,folk
It's The Most Wonderful Time Of The Year,Christmas Songs,0.9752,0.047,0.709,0.244,1,False,0.519,0.397,8,-9.369,1,0.0293,0.852,3.95e-05,0.217,0.557,97.717,country
Little Christmas Tree,Christmas Songs,0.9003,0.16,0.656,0.185,1,False,0.468,0.457,5,-6.386,1,0.0241,0.698,0.0,0.142,0.372,84.557,soul
Little Saint Nick,Christmas Songs,0.9581,0.018,0.88,0.102,0,False,0.551,0.424,6,-10.73,1,0.0353,0.637,0.0,0.165,0.925,131.746,psych-rock
"Mary, Did You Know?",Christmas Songs,0.9245,0.073,0.788,0.139,0,False,0.355,0.382,10,-9.257,0,0.0378,0.784,0.0,0.123,0.261,95.994,country
Mistletoe And Holly,Christmas Songs,0.8834,0.038,0.809,0.154,0,False,0.451,0.566,6,-10.766,1,0.0382,0.697,0.0,0.119,0.847,98.439,j-pop
Pretty Paper,Christmas Songs,0.9952,0.03,0.589,0.381,0,False,0.452,0.267,8,-9.081,1,0.0407,0.856,0.129,0.114,0.148,159.606,folk
River,Christmas Songs,0.9918,0.113,0.627,0.26,19,False,0.569,0.704,5,-10.146,1,0.109,0.13,0.0,0.0725,0.865,104.725,afrobeat
Run Rudolph Run,Christmas Songs,0.897,0.02,0.884,0.096,0,False,0.647,0.876,10,-5.662,1,0.185,0.881,3.59e-05,0.26,0.949,151.925,blues
Aisling,Christy Moore,0.9731,0.094,0.716,0.19,22,False,0.322,0.103,2,-21.003,1,0.0354,0.972,0.918,0.121,0.0702,90.34,new-age
I Can't Believe,Chuck Berry,0.9904,0.097,0.606,0.298,35,False,0.738,0.779,6,-5.214,1,0.0633,0.00517,0.0325,0.0719,0.69,119.027,groove
Johnny B. Goode,Chuck Berry,0.8915,0.012,0.926,0.062,76,False,0.534,0.803,10,-9.129,1,0.0743,0.741,6.07e-05,0.307,0.969,167.983,blues
Maybellene,Chuck Berry,-0.8122,0.079,0.87,0.052,57,False,0.756,0.768,0,-10.701,1,0.112,0.735,0.0,0.182,0.783,118.208,rockabilly
Merry Christmas Baby,Chuck Berry,0.9957,0.0,0.556,0.444,0,False,0.71,0.291,5,-14.132,0,0.0338,0.35,0.0,0.128,0.856,101.517,blues
Move It,Chuck Berry,0.9372,0.042,0.835,0.123,30,False,0.713,0.72,9,-5.998,0,0.382,0.0909,0.0,0.119,0.764,127.354,dancehall
Roll Over Beethoven,Chuck Berry,0.9299,0.022,0.88,0.098,60,False,0.715,0.797,3,-10.154,1,0.193,0.837,0.0,0.209,0.841,92.739,rock-n-roll
Route 66,Chuck Berry,0.9829,0.0,0.817,0.183,60,False,0.686,0.692,10,-9.793,1,0.0419,0.902,0.000474,0.104,0.962,79.071,blues
Trick Or Treat,Chuck Berry,0.9968,0.079,0.516,0.405,0,False,0.807,0.631,10,-10.347,1,0.0346,0.554,0.0,0.0608,0.972,120.058,power-pop
You Never Can Tell,Chuck Berry,0.9584,0.0,0.905,0.095,70,False,0.525,0.852,7,-9.519,1,0.222,0.731,5.11e-05,0.218,0.884,157.404,blues
Electric Love,Cinderella,0.9966,0.035,0.682,0.283,82,False,0.611,0.797,6,-7.627,0,0.0533,0.00543,0.00137,0.26,0.518,120.041,rock
Freewheelin',Cinderella,0.9872,0.05,0.775,0.175,41,False,0.598,0.822,1,-4.791,1,0.0451,0.0696,0.0,0.372,0.268,125.056,deep-house
Heartbreak Station,Cinderella,0.7283,0.051,0.88,0.068,54,False,0.597,0.51,7,-9.5,1,0.0283,0.326,0.0539,0.0554,0.288,114.729,hard-rock
Lavender's Blue,Cinderella,0.9641,0.032,0.819,0.149,40,False,0.716,0.24,9,-10.135,1,0.0307,0.928,3.77e-05,0.176,0.616,109.963,children
Nobody's Fool,Cinderella,0.9981,0.168,0.409,0.423,63,False,0.367,0.445,9,-13.615,0,0.0286,0.0478,0.00284,0.163,0.149,67.197,hard-rock
Take Me Back,Cinderella,0.6124,0.074,0.834,0.092,58,False,0.416,0.192,11,-12.525,1,0.034,0.911,1.5e-05,0.107,0.222,102.49,bluegrass
Look Here,Clash,-0.7449,0.098,0.87,0.032,63,False,0.863,0.854,4,-4.564,0,0.0893,0.0418,0.00152,0.0551,0.784,119.996,k-pop
One More Time,Clash,-0.8346,0.12,0.808,0.072,47,False,0.623,0.242,10,-15.055,1,0.0698,0.877,0.000745,0.208,0.191,129.907,chill
Should I Stay Or Should I Go,Clash,0.817,0.069,0.824,0.107,23,False,0.628,0.927,1,-3.25,1,0.194,0.198,4.93e-05,0.0624,0.64,115.039,industrial
Tainted Love,Clash,0.9952,0.072,0.669,0.259,62,False,0.622,0.876,8,-7.779,1,0.0728,0.00107,1.83e-06,0.292,0.537,142.017,industrial
All My Love,Cliff Richard,0.9937,0.06,0.69,0.25,18,False,0.47,0.842,4,-1.628,0,0.0355,0.00303,0.851,0.126,0.0619,175.055,drum-and-bass
Bachelor Boy,Cliff Richard,0.95,0.0,0.872,0.128,35,False,0.413,0.499,2,-10.709,1,0.0332,0.639,0.0,0.084,0.852,200.541,rockabilly
Clear Blue Skies,Cliff Richard,0.94,0.0,0.791,0.209,47,False,0.571,0.436,7,-15.903,1,0.0248,0.265,0.0,0.151,0.904,104.763,psych-rock
Congratulations,Cliff Richard,0.9915,0.05,0.636,0.314,44,False,0.478,0.681,4,-5.2,1,0.0291,0.133,0.0,0.0748,0.962,92.898,rock-n-roll
Devil Woman,Cliff Richard,-0.9952,0.246,0.662,0.092,53,False,0.71,0.792,0,-5.996,1,0.0453,0.0792,3.32e-05,0.0871,0.858,116.687,rock-n-roll
Hold On,Cliff Richard,0.9904,0.06,0.697,0.243,82,False,0.618,0.443,2,-9.681,1,0.0526,0.469,0.0,0.0829,0.167,119.949,acoustic
Love,Cliff Richard,0.9993,0.017,0.609,0.373,60,False,0.759,0.684,0,-5.751,1,0.0315,0.269,0.0,0.13,0.759,107.948,acoustic
Lucky Lips,Cliff Richard,0.9984,0.051,0.545,0.404,36,False,0.686,0.481,4,-12.25,1,0.045,0.793,0.0,0.216,0.902,144.862,rockabilly
Daylight,Coldplay,0.7845,0.042,0.848,0.109,48,False,0.482,0.838,8,-8.041,0,0.0496,0.016,0.0,0.0764,0.652,165.984,anime
Fix You,Coldplay,-0.9376,0.179,0.713,0.107,60,False,0.522,0.152,2,-14.996,1,0.0303,0.788,2.37e-05,0.148,0.133,144.055,acoustic
For You,Coldplay,-0.9407,0.244,0.672,0.084,52,False,0.553,0.104,0,-16.152,1,0.0372,0.947,1.2e-05,0.0984,0.186,97.067,british
God Put A Smile Upon Your Face,Coldplay,0.994,0.035,0.712,0.253,36,False,0.546,0.257,9,-14.826,1,0.0298,0.932,0.886,0.131,0.0965,126.129,children
Green Eyes,Coldplay,0.0772,0.031,0.935,0.033,0,False,0.233,0.935,6,-3.387,1,0.165,0.00062,0.077,0.199,0.358,159.879,death-metal
Idiot,Coldplay,0.9982,0.192,0.437,0.371,32,False,0.742,0.923,0,-4.284,1,0.0602,0.183,0.00171,0.18,0.687,135.981,party
Lips Like Sugar,Coldplay,0.995,0.017,0.679,0.304,0,False,0.552,0.934,4,-4.039,1,0.0299,0.00448,0.0207,0.258,0.863,130.001,punk-rock
Low,Coldplay,0.6871,0.137,0.731,0.132,57,True,0.745,0.438,4,-7.018,0,0.0326,0.678,0.112,0.125,0.0409,119.99,chill
Magic,Coldplay,0.9959,0.066,0.625,0.309,49,False,0.652,0.586,1,-8.281,1,0.0402,0.469,0.0,0.0846,0.554,144.031,acoustic
Marianne,Coldplay,0.998,0.029,0.623,0.347,26,False,0.57,0.989,4,-4.217,0,0.0526,0.0697,2.34e-05,0.365,0.889,162.97,happy
Midnight,Coldplay,-0.7543,0.174,0.804,0.022,49,False,0.58,0.839,0,-4.371,1,0.0372,0.00873,0.666,0.103,0.276,174.019,drum-and-bass
Moses,Coldplay,0.939,0.031,0.86,0.109,21,False,0.337,0.931,2,-5.84,1,0.0539,0.0648,0.0729,0.156,0.547,78.161,industrial
Murder,Coldplay,-0.9009,0.129,0.845,0.026,30,False,0.265,0.982,1,-2.975,1,0.195,6.44e-05,0.924,0.343,0.207,117.863,death-metal
Oceans,Coldplay,0.9537,0.094,0.687,0.219,66,False,0.372,0.462,9,-9.1,0,0.0317,0.267,9.91e-06,0.101,0.176,129.026,folk
Rainy Day,Coldplay,0.9957,0.044,0.738,0.219,43,False,0.779,0.35,1,-8.725,0,0.0306,0.821,0.888,0.108,0.197,116.003,anime
Shiver,Coldplay,0.9836,0.045,0.811,0.145,54,False,0.463,0.192,9,-13.229,1,0.0338,0.706,8.46e-05,0.105,0.135,122.631,ambient
Sleeping Sun,Coldplay,-0.296,0.018,0.982,0.0,51,False,0.333,0.572,2,-6.455,0,0.0302,0.00885,0.0,0.102,0.0707,110.402,goth
Solid Ground,Coldplay,-0.705,0.061,0.917,0.022,33,False,0.608,0.659,7,-8.813,1,0.0282,0.24,0.00818,0.305,0.822,130.025,bluegrass
Songbird,Coldplay,0.9827,0.011,0.805,0.184,51,False,0.453,0.292,7,-16.777,1,0.0342,0.041,0.814,0.0977,0.125,135.387,jazz
Sparks,Coldplay,0.8126,0.074,0.768,0.158,0,False,0.271,0.0757,2,-26.414,1,0.0397,0.976,0.941,0.0924,0.0399,73.761,ambient
Talk,Coldplay,-0.4987,0.05,0.905,0.045,44,True,0.711,0.791,3,-5.756,0,0.0586,0.0242,0.000346,0.115,0.414,119.939,deep-house
The Hardest Part,Coldplay,-0.6365,0.063,0.907,0.03,0,False,0.77,0.523,0,-6.055,1,0.0456,0.337,0.0,0.105,0.412,93.966,soul
Trouble,Coldplay,-0.989,0.249,0.728,0.024,59,False,0.325,0.424,7,-12.733,1,0.0438,0.341,0.000267,0.23,0.494,173.352,acoustic
True Love,Coldplay,0.9926,0.067,0.649,0.284,0,False,0.749,0.602,5,-5.097,1,0.0798,0.0313,0.000543,0.0337,0.965,120.022,dancehall
Us Against The World,Coldplay,-0.9517,0.117,0.847,0.036,62,False,0.531,0.896,1,-3.297,0,0.107,0.0316,0.00723,0.0297,0.34,169.955,happy
What If,Coldplay,-0.7158,0.103,0.859,0.038,55,False,0.565,0.895,0,-5.354,1,0.04,0.194,0.0,0.101,0.592,149.919,acoustic
Yellow,Coldplay,0.9766,0.0,0.875,0.125,52,False,0.623,0.132,0,-13.668,1,0.035,0.893,0.0,0.217,0.266,82.105,acoustic
Anything Goes,Cole Porter,0.9686,0.078,0.79,0.132,0,False,0.516,0.62,9,-5.68,0,0.0805,0.614,0.0,0.0805,0.749,152.208,jazz
Just One Of Those Things,Cole Porter,0.8465,0.028,0.856,0.116,29,False,0.608,0.578,5,-6.764,0,0.0951,0.506,3.58e-05,0.28,0.745,133.069,guitar
All My Life,Conway Twitty,0.9712,0.051,0.786,0.163,11,False,0.576,0.837,10,-5.99,0,0.121,0.0147,0.206,0.0699,0.343,110.002,breakbeat
Almost Persuaded,Conway Twitty,0.9178,0.03,0.851,0.119,12,False,0.496,0.254,2,-14.153,1,0.0274,0.902,0.00218,0.0983,0.396,81.845,honky-tonk
Bad Boy,Conway Twitty,-0.9648,0.135,0.805,0.06,62,False,0.861,0.82,1,-4.807,0,0.0728,0.032,4.76e-06,0.0706,0.781,118.04,funk
Bad Girl,Conway Twitty,0.9042,0.091,0.722,0.188,16,False,0.612,0.906,6,-5.568,1,0.082,0.0153,0.0395,0.201,0.575,113.971,drum-and-bass
Bad Man,Conway Twitty,0.5994,0.145,0.697,0.157,45,False,0.397,0.536,10,-6.812,0,0.0685,0.0914,0.0,0.0884,0.301,81.183,blues
Best Is Yet To Come,Conway Twitty,0.9977,0.038,0.654,0.308,0,False,0.569,0.85,4,-3.914,1,0.0369,0.0148,0.0,0.245,0.551,122.042,edm
Blue Eyes Crying In The Rain,Conway Twitty,0.9737,0.022,0.836,0.141,31,False,0.66,0.167,7,-17.683,1,0.0292,0.172,0.78,0.131,0.427,100.772,honky-tonk
Blue Moon,Conway Twitty,-0.9454,0.202,0.707,0.091,65,False,0.639,0.269,8,-11.435,1,0.0698,0.982,0.12,0.141,0.539,124.866,blues
Borderline,Conway Twitty,0.9743,0.053,0.764,0.183,35,True,0.713,0.752,5,-6.257,0,0.069,0.267,0.0,0.0895,0.435,137.963,french
By Heart,Conway Twitty,0.9192,0.078,0.788,0.134,20,False,0.41,0.254,5,-12.033,1,0.0284,0.484,0.0,0.126,0.289,131.556,new-age
By The Time I Get To Phoenix,Conway Twitty,-0.7808,0.084,0.897,0.019,0,False,0.368,0.369,4,-10.908,0,0.027,0.47,0.000418,0.11,0.285,87.537,rock-n-roll
Bye Bye Love,Conway Twitty,0.994,0.101,0.537,0.362,24,False,0.626,0.741,4,-7.817,1,0.0298,0.0378,0.00239,0.282,0.911,126.513,power-pop
Candy,Conway Twitty,0.9691,0.09,0.719,0.191,69,False,0.612,0.601,7,-7.809,1,0.0421,0.373,0.0,0.156,0.368,125.164,british
City Lights,Conway Twitty,0.4767,0.118,0.738,0.144,54,False,0.895,0.283,3,-8.387,1,0.101,0.101,0.000157,0.1,0.134,94.023,sad
Crazy Arms,Conway Twitty,0.9799,0.044,0.686,0.27,19,False,0.406,0.567,5,-7.24,1,0.036,0.605,0.0178,0.24,0.767,116.474,honky-tonk
Diana,Conway Twitty,0.9967,0.022,0.654,0.324,63,True,0.786,0.357,2,-7.735,0,0.0372,0.0695,8.37e-05,0.11,0.524,108.946,dancehall
Don't Cry Daddy,Conway Twitty,0.9726,0.103,0.655,0.243,57,False,0.44,0.196,2,-17.375,1,0.0272,0.804,8.95e-06,0.179,0.333,85.776,rock-n-roll
Heavenly,Conway Twitty,0.9966,0.0,0.698,0.302,71,False,0.535,0.437,8,-9.187,1,0.0248,0.669,0.688,0.11,0.127,105.22,ambient
Hound Dog,Conway Twitty,-0.9552,0.158,0.759,0.083,57,False,0.563,0.542,9,-10.862,1,0.0962,0.706,3.59e-05,0.355,0.785,133.285,acoustic
A Good Year For The Roses,Counting Crows,0.4133,0.053,0.885,0.062,18,False,0.485,0.268,11,-14.994,1,0.0281,0.703,0.226,0.212,0.471,92.69,honky-tonk
Big Yellow Taxi,Counting Crows,0.991,0.074,0.782,0.144,1,False,0.674,0.867,1,-4.329,1,0.0462,0.00199,0.0,0.206,0.821,88.04,alt-rock
Dancing Days,Counting Crows,-0.6124,0.053,0.924,0.023,17,False,0.812,0.697,1,-8.731,1,0.0587,0.000363,0.83,0.0618,0.676,124.999,minimal-techno
She Talks To Angels,Counting Crows,0.9733,0.032,0.817,0.15,67,False,0.584,0.521,4,-5.782,1,0.0295,0.06,7.56e-05,0.22,0.317,160.058,j-rock
Suffocate,Counting Crows,0.4539,0.066,0.843,0.091,57,True,0.638,0.961,7,-1.726,1,0.3,0.0144,0.00141,0.175,0.664,150.065,dub
The Ballad Of El Goodo,Counting Crows,0.9897,0.038,0.791,0.17,38,False,0.3,0.562,1,-5.536,1,0.0294,0.0144,0.0,0.0492,0.368,152.313,power-pop
Thirteen,Counting Crows,0.8715,0.016,0.877,0.107,0,False,0.366,0.572,6,-11.156,0,0.04,0.711,0.845,0.098,0.424,166.297,iranian
Bad Moon Rising,Creedence Clearwater Revival,-0.9749,0.237,0.632,0.13,1,False,0.508,0.769,2,-5.973,1,0.0326,0.0577,6.1e-06,0.063,0.939,178.95,country
Hello Mary Lou,Creedence Clearwater Revival,0.8683,0.045,0.845,0.11,2,False,0.633,0.674,9,-8.638,1,0.0348,0.0572,0.00154,0.0504,0.965,103.426,country
Proud Mary,Creedence Clearwater Revival,0.9719,0.015,0.852,0.134,67,False,0.397,0.499,2,-10.972,1,0.0685,0.0766,1.55e-06,0.111,0.367,171.067,disco
Instinct,Crowded House,0.9116,0.107,0.729,0.164,18,False,0.664,0.865,9,-5.035,1,0.0399,0.00178,0.827,0.108,0.228,128.99,minimal-techno
Mad World,Crowded House,-0.944,0.219,0.645,0.137,46,False,0.572,0.824,5,-5.464,0,0.0323,0.00203,2.66e-05,0.132,0.531,119.982,goth
Cold Shoulder,Culture Club,-0.7882,0.13,0.798,0.072,52,False,0.65,0.82,0,-5.344,1,0.047,0.00217,0.0,0.133,0.35,109.955,british
Don't Cry,Culture Club,-0.9261,0.274,0.525,0.201,21,False,0.66,0.922,0,-5.407,1,0.388,0.0451,0.0,0.269,0.694,90.12,j-dance
Take Control,Culture Club,0.9171,0.094,0.74,0.166,46,False,0.754,0.72,4,-5.354,0,0.243,0.0211,0.0,0.201,0.508,98.0,dancehall
911,Cyndi Lauper,0.5574,0.075,0.81,0.116,21,False,0.548,0.924,10,-4.124,0,0.0832,0.00039,0.669,0.295,0.66,174.089,drum-and-bass
Fearless,Cyndi Lauper,0.9057,0.057,0.818,0.125,61,True,0.774,0.668,1,-6.79,1,0.316,0.137,0.0,0.424,0.507,140.099,emo
River Deep - Mountain High,Cyndi Lauper,0.9983,0.062,0.575,0.363,0,False,0.377,0.763,3,-6.866,1,0.0387,0.777,0.00125,0.157,0.302,83.267,r-n-b
Shine,Cyndi Lauper,0.98,0.018,0.788,0.195,0,False,0.667,0.717,1,-5.21,0,0.0349,0.193,0.0,0.104,0.495,108.006,edm
Witness,Cyndi Lauper,-0.9536,0.241,0.719,0.039,25,False,0.367,0.944,2,-4.892,0,0.0814,1.32e-05,0.0,0.252,0.35,134.245,grunge
Long Way Home,Dan Fogelberg,0.9123,0.061,0.802,0.137,45,False,0.511,0.795,6,-3.901,0,0.0509,0.0461,0.0,0.138,0.415,129.855,dub
Phoenix,Dan Fogelberg,-0.9856,0.235,0.68,0.085,41,False,0.544,0.732,10,-6.658,0,0.0365,0.00149,0.25,0.111,0.231,112.998,black-metal
The River,Dan Fogelberg,-0.7965,0.098,0.849,0.053,55,False,0.554,0.437,11,-8.187,0,0.0388,0.0526,0.00241,0.241,0.37,73.994,blues
These Days,Dan Fogelberg,0.9878,0.074,0.72,0.206,0,False,0.654,0.798,0,-4.084,1,0.045,0.188,0.0,0.15,0.576,92.209,edm
Gravedigger,Dave Matthews Band,-0.9432,0.116,0.84,0.043,50,False,0.383,0.801,11,-6.309,0,0.0494,0.0404,0.0,0.285,0.506,134.866,country
Great Escape,Dave Matthews Band,-0.9233,0.187,0.7,0.113,50,False,0.312,0.938,2,-2.661,1,0.0928,0.000403,0.0,0.274,0.508,183.918,j-rock
Halloween,Dave Matthews Band,0.9957,0.119,0.637,0.244,0,False,0.223,0.91,7,-7.097,1,0.08,0.0116,0.000518,0.212,0.364,171.75,alt-rock
I Don't Know Why,Dave Matthews Band,-0.6808,0.082,0.869,0.049,24,False,0.587,0.427,5,-11.995,1,0.0282,0.816,0.0153,0.091,0.839,139.561,bluegrass
If Only,Dave Matthews Band,0.997,0.076,0.633,0.292,57,False,0.361,0.0972,7,-19.72,1,0.0358,0.993,0.972,0.0772,0.0702,63.395,british
Let You Down,Dave Matthews Band,0.9892,0.047,0.767,0.186,0,False,0.569,0.959,10,-3.614,0,0.0418,0.0102,0.000199,0.224,0.0368,126.001,progressive-house
Long Black Veil,Dave Matthews Band,-0.802,0.082,0.869,0.048,48,False,0.558,0.16,4,-17.501,1,0.0384,0.826,2.3e-05,0.131,0.401,63.055,honky-tonk
Spotlight,Dave Matthews Band,0.9558,0.181,0.589,0.23,42,True,0.432,0.692,10,-6.539,1,0.0337,0.000363,0.0,0.149,0.373,171.999,country
Sweet,Dave Matthews Band,0.9943,0.01,0.734,0.256,75,False,0.45,0.511,6,-9.073,1,0.0276,0.353,0.766,0.139,0.115,96.563,ambient
Time Of The Season,Dave Matthews Band,0.9905,0.0,0.789,0.211,59,False,0.541,0.571,4,-10.745,0,0.0373,0.127,3.83e-06,0.275,0.666,117.067,british
What You Are,Dave Matthews Band,0.978,0.085,0.684,0.231,22,False,0.468,0.92,2,-5.71,1,0.142,3.4e-05,1.25e-06,0.385,0.327,109.994,industrial
Cheap Thrills,David Allan Coe,0.9934,0.105,0.572,0.322,78,False,0.628,0.698,6,-5.608,0,0.105,0.0472,0.00143,0.0907,0.732,89.976,dance
Follow Me,David Allan Coe,0.9951,0.035,0.724,0.241,0,False,0.721,0.883,10,-5.449,0,0.0441,0.0277,0.0128,0.0827,0.274,122.999,deep-house
Free My Mind,David Allan Coe,0.9971,0.095,0.618,0.287,52,False,0.771,0.37,6,-10.813,0,0.0441,0.426,0.363,0.086,0.941,94.893,dancehall
Pledging My Love,David Allan Coe,0.9928,0.05,0.573,0.377,43,False,0.399,0.42,7,-12.737,1,0.0335,0.84,0.0313,0.168,0.767,69.208,rockabilly
Revenge,David Allan Coe,-0.8679,0.202,0.634,0.164,87,True,0.746,0.251,11,-16.169,0,0.259,0.782,0.00203,0.106,0.18,139.999,emo
Suicide,David Allan Coe,0.9612,0.107,0.711,0.182,40,False,0.654,0.817,11,-7.748,0,0.0551,0.000333,0.753,0.3,0.323,130.014,club
White Line Fever,David Allan Coe,0.5106,0.027,0.91,0.063,21,False,0.572,0.636,7,-7.975,1,0.0318,0.593,0.0096,0.249,0.596,116.935,bluegrass
1984,David Bowie,-0.7847,0.093,0.842,0.065,45,False,0.456,0.505,11,-7.495,1,0.036,0.243,6.58e-06,0.0689,0.585,135.828,cantopop
Amazing,David Bowie,0.8807,0.093,0.704,0.203,17,False,0.508,0.483,10,-6.883,0,0.0418,0.639,0.0,0.0902,0.523,133.207,afrobeat
Arnold Layne,David Bowie,-0.8611,0.092,0.893,0.015,45,False,0.309,0.49,2,-9.333,1,0.0304,0.234,9.9e-06,0.0887,0.212,132.618,psych-rock
Cactus,David Bowie,0.3786,0.098,0.788,0.114,14,False,0.194,0.993,6,-6.088,1,0.158,3.1e-05,0.436,0.361,0.0377,117.446,grindcore
Comfortably Numb,David Bowie,-0.8412,0.124,0.784,0.092,74,False,0.472,0.366,11,-12.595,0,0.0286,0.15,0.312,0.0837,0.171,127.163,psych-rock
Days,David Bowie,0.8126,0.056,0.841,0.103,50,False,0.469,0.866,4,-5.372,1,0.0321,0.0371,0.921,0.183,0.56,131.0,garage
Dead Man Walking,David Bowie,-0.9806,0.175,0.704,0.121,57,False,0.593,0.82,2,-2.631,1,0.176,0.00278,0.0,0.105,0.772,90.097,blues
Don't Look Down,David Bowie,-0.7032,0.105,0.814,0.081,22,False,0.514,0.749,2,-6.915,1,0.0333,0.501,0.947,0.215,0.756,132.218,bluegrass
Heat,David Bowie,-0.9761,0.239,0.695,0.066,15,False,0.487,0.94,1,-6.703,1,0.121,0.0476,0.88,0.381,0.341,129.982,club
"Here Today, Gone Tomorrow",David Bowie,0.9189,0.106,0.738,0.157,26,False,0.44,0.853,5,-4.952,0,0.0391,0.00689,0.0,0.121,0.835,185.872,metalcore
Heroes,David Bowie,0.9733,0.028,0.836,0.136,59,False,0.516,0.714,5,-4.529,0,0.0391,0.257,0.0,0.0683,0.312,86.926,alt-rock
I Feel Free,David Bowie,0.9413,0.11,0.664,0.226,57,False,0.375,0.448,9,-14.06,1,0.0264,0.106,5.55e-05,0.141,0.564,88.371,psych-rock
Life On Mars?,David Bowie,-0.9874,0.184,0.743,0.073,26,False,0.462,0.333,1,-6.356,1,0.0332,0.845,0.0,0.116,0.132,124.451,show-tunes
Blast Off,David Guetta,0.883,0.056,0.805,0.139,22,False,0.632,0.981,8,-4.291,1,0.147,8.44e-05,0.372,0.885,0.605,140.0,breakbeat
Surrender,David Guetta,0.9849,0.092,0.626,0.281,38,False,0.468,0.777,9,-2.498,1,0.0501,0.207,3.09e-06,0.319,0.257,80.152,dub
The World Is Mine,David Guetta,-0.0665,0.085,0.827,0.088,21,False,0.654,0.886,5,-5.074,0,0.0618,0.0279,6.06e-06,0.0838,0.845,90.269,trip-hop
Think About You,David Guetta,0.9588,0.051,0.809,0.141,25,False,0.863,0.683,0,-5.935,1,0.164,0.168,0.0,0.0924,0.746,132.006,j-dance
Without You,David Guetta,-0.9155,0.133,0.813,0.054,61,False,0.564,0.864,4,-5.121,1,0.0341,0.0761,0.0,0.182,0.534,95.984,acoustic
A Winter Romance,Dean Martin,0.9798,0.02,0.819,0.161,0,False,0.301,0.0692,3,-20.117,1,0.0314,0.912,0.000549,0.335,0.241,81.644,jazz
Ain't That A Kick In The Head,Dean Martin,0.9716,0.03,0.808,0.162,0,False,0.647,0.252,6,-11.93,0,0.0557,0.6,0.0,0.3,0.72,131.793,jazz
Almost Like Being In Love,Dean Martin,0.996,0.055,0.616,0.33,57,False,0.561,0.346,0,-12.596,0,0.0409,0.873,0.399,0.104,0.697,93.689,piano
Angel Baby,Dean Martin,0.9727,0.042,0.807,0.151,82,False,0.559,0.559,11,-6.425,1,0.0358,0.0145,0.0,0.138,0.338,72.498,dance
Anything You Can Do,Dean Martin,0.8642,0.136,0.686,0.178,50,False,0.561,0.559,10,-6.026,1,0.174,0.766,0.0,0.342,0.504,81.535,show-tunes
April In Paris,Dean Martin,0.3818,0.076,0.828,0.096,0,False,0.465,0.121,5,-15.394,1,0.0356,0.867,0.0,0.165,0.221,73.399,blues
Arrivederci Roma,Dean Martin,0.9747,0.0,0.769,0.231,25,False,0.199,0.505,10,-5.631,1,0.0301,0.475,1.68e-05,0.143,0.239,94.465,opera
As You Are,Dean Martin,0.9907,0.0,0.706,0.294,60,False,0.715,0.438,10,-6.147,0,0.0373,0.353,1.75e-06,0.108,0.447,81.07,acoustic
Baby It's Cold Outside,Dean Martin,0.99,0.074,0.759,0.166,0,False,0.638,0.0767,10,-13.98,1,0.0588,0.937,0.0,0.121,0.599,114.353,blues
Candy Kisses,Dean Martin,0.9705,0.073,0.684,0.243,15,False,0.554,0.0541,4,-19.761,1,0.0325,0.985,0.00035,0.0978,0.434,130.676,honky-tonk
Don't You Remember,Dean Martin,0.9186,0.02,0.902,0.078,64,False,0.644,0.4,3,-5.713,1,0.0304,0.214,0.0,0.0866,0.227,115.025,british
Dream,Dean Martin,0.9956,0.079,0.514,0.407,54,False,0.512,0.248,2,-10.359,1,0.0275,0.75,2.96e-05,0.114,0.158,109.692,acoustic
Give Me A Sign,Dean Martin,0.9925,0.091,0.667,0.242,36,False,0.214,0.819,6,-3.577,1,0.0484,0.000279,1.06e-06,0.0828,0.405,156.812,grunge
How Sweet It Is,Dean Martin,0.9972,0.025,0.643,0.331,40,False,0.468,0.157,6,-11.996,1,0.031,0.837,0.0,0.191,0.356,135.415,world-music
I Will,Dean Martin,0.9951,0.062,0.679,0.258,0,False,0.453,0.576,5,-8.582,0,0.0445,0.632,0.000818,0.0906,0.341,139.947,j-pop
Kiss,Dean Martin,0.997,0.023,0.44,0.538,0,False,0.461,0.887,11,-3.189,1,0.193,0.0358,0.0,0.118,0.638,167.957,country
Painkiller,Death,-0.9451,0.173,0.746,0.081,71,False,0.683,0.42,5,-6.51,1,0.0542,0.0875,0.0,0.225,0.469,128.621,alternative
Scream Bloody Gore,Death,-0.9976,0.345,0.615,0.04,21,False,0.279,0.9,11,-7.133,0,0.0588,0.0,0.583,0.321,0.189,107.69,death-metal
Spirit Crusher,Death,-0.25,0.164,0.68,0.157,52,False,0.289,0.968,2,-4.049,1,0.15,4.66e-05,0.0163,0.0569,0.284,97.076,death-metal
Blind,Deep Purple,-0.9672,0.131,0.842,0.027,16,True,0.822,0.908,7,-5.947,0,0.138,0.451,0.0378,0.114,0.494,125.987,club
Burn,Deep Purple,-0.9699,0.196,0.723,0.081,23,False,0.332,0.936,9,-2.34,1,0.0514,3.36e-05,0.275,0.389,0.484,92.557,death-metal
Call Of The Wild,Deep Purple,-0.6697,0.057,0.903,0.04,19,False,0.839,0.808,8,-7.199,1,0.373,0.165,0.443,0.155,0.476,123.995,trip-hop
Chasing Shadows,Deep Purple,-0.7719,0.116,0.832,0.052,51,False,0.443,0.875,4,-4.432,0,0.0556,0.000883,8.87e-05,0.138,0.175,112.022,metalcore
Freedom,Deep Purple,0.9873,0.091,0.649,0.26,20,False,0.484,0.761,11,-6.53,1,0.0349,0.184,0.00344,0.221,0.52,127.158,bluegrass
Hallelujah,Deep Purple,0.9862,0.021,0.784,0.196,54,False,0.62,0.21,11,-9.633,0,0.0274,0.911,2.22e-06,0.108,0.163,98.558,acoustic
Haunted,Deep Purple,-0.5499,0.176,0.665,0.159,3,False,0.37,0.861,4,-4.588,0,0.0625,0.00959,0.00449,0.107,0.16,155.671,alternative
Hush,Deep Purple,0.9926,0.046,0.738,0.216,51,True,0.64,0.674,2,-6.645,1,0.0321,0.158,2.12e-05,0.228,0.39,156.039,electronic
Knocking At Your Back Door,Deep Purple,0.992,0.036,0.737,0.227,54,False,0.524,0.818,11,-6.701,0,0.0406,0.000915,4.47e-05,0.0916,0.525,121.699,psych-rock
Paint It Black,Deep Purple,0.8746,0.061,0.823,0.116,17,False,0.334,0.949,2,-6.96,0,0.0731,0.000106,0.936,0.139,0.306,175.001,drum-and-bass
Perfect Strangers,Deep Purple,0.1779,0.104,0.793,0.102,1,False,0.521,0.72,2,-7.699,1,0.0254,0.00352,0.0114,0.391,0.609,97.577,blues
Solitaire,Deep Purple,-0.2406,0.183,0.648,0.169,19,False,0.23,0.26,1,-10.575,1,0.0339,0.538,0.0,0.115,0.165,116.226,opera
Sun Goes Down,Deep Purple,-0.7715,0.098,0.859,0.043,12,False,0.463,0.747,7,-4.651,1,0.033,0.00983,0.000787,0.423,0.201,138.574,honky-tonk
Sweet Wine,Deep Purple,0.9578,0.112,0.64,0.249,26,False,0.459,0.736,6,-5.508,0,0.0487,0.288,0.0,0.235,0.751,88.195,dancehall
Wicked Ways,Deep Purple,0.9665,0.166,0.637,0.197,0,False,0.342,0.991,2,-2.836,1,0.125,2.44e-05,0.049,0.404,0.242,176.359,alternative
Animal,Def Leppard,0.3915,0.123,0.72,0.157,66,False,0.482,0.829,5,-5.576,1,0.0437,0.00034,0.0,0.378,0.739,147.99,alt-rock
Come Undone,Def Leppard,0.8433,0.084,0.786,0.131,55,False,0.417,0.882,3,-4.319,1,0.0323,9.11e-05,0.0,0.12,0.449,174.015,grunge
Desert Song,Def Leppard,0.0129,0.102,0.821,0.077,44,False,0.56,0.598,2,-6.016,1,0.0259,0.104,0.0,0.347,0.353,110.029,world-music
Little Wing,Def Leppard,0.975,0.026,0.693,0.281,71,False,0.515,0.534,6,-8.045,1,0.0768,0.181,0.00278,0.0547,0.426,70.776,blues
Nine Lives,Def Leppard,-0.9708,0.163,0.703,0.134,23,False,0.655,0.393,7,-13.969,0,0.0461,0.0999,0.0,0.101,0.382,130.703,rockabilly
No Matter What,Def Leppard,-0.7571,0.057,0.894,0.049,44,False,0.597,0.127,7,-18.746,1,0.0292,0.894,0.192,0.105,0.0574,103.962,chill
Pour Some Sugar On Me,Def Leppard,0.9968,0.054,0.727,0.219,65,False,0.267,0.953,1,-4.899,0,0.096,0.00211,0.0,0.283,0.568,84.989,hard-rock
Street Life,Def Leppard,0.5011,0.131,0.742,0.127,19,False,0.678,0.765,11,-4.258,0,0.0936,0.00538,0.0,0.342,0.532,90.018,j-dance
White Lightning,Def Leppard,-0.9966,0.224,0.693,0.083,45,True,0.792,0.577,7,-9.651,1,0.0952,0.0471,2.83e-06,0.167,0.541,139.99,country
Worlds Collide,Def Leppard,-0.8547,0.121,0.812,0.067,24,False,0.578,0.93,1,-2.662,0,0.141,0.0162,0.00133,0.192,0.421,169.993,happy
You're So Beautiful,Def Leppard,0.9988,0.005,0.729,0.265,42,False,0.334,0.351,9,-8.012,1,0.0255,0.402,7.91e-05,0.176,0.25,87.979,indie-pop
All I Want For Christmas Is You,Demi Lovato,0.8803,0.091,0.831,0.079,0,False,0.559,0.909,0,-6.215,1,0.0713,0.0244,0.0,0.0676,0.594,150.01,alt-rock
Baby,Demi Lovato,0.9959,0.031,0.771,0.198,38,False,0.677,0.45,1,-11.222,1,0.025,0.78,0.0205,0.134,0.574,86.898,blues
Brand New Day,Demi Lovato,0.9911,0.0,0.872,0.128,42,False,0.653,0.891,4,-2.301,0,0.0339,0.00339,4.23e-06,0.327,0.232,105.007,j-idol
Open,Demi Lovato,-0.9924,0.21,0.702,0.088,54,False,0.258,0.0238,0,-28.865,0,0.0428,0.994,0.904,0.106,0.0757,140.596,ambient
Solo,Demi Lovato,0.9612,0.094,0.751,0.155,52,False,0.489,0.314,7,-9.245,0,0.0331,0.749,0.0,0.113,0.607,124.234,acoustic
Warrior,Demi Lovato,-0.7806,0.153,0.709,0.138,25,False,0.481,0.926,6,-3.314,0,0.175,0.0269,0.0,0.347,0.162,160.035,hardstyle
Addiction,Depeche Mode,0.7719,0.051,0.875,0.074,21,True,0.553,0.978,8,-0.647,1,0.45,0.081,0.000755,0.33,0.306,180.055,idm
Higher Love,Depeche Mode,0.9881,0.051,0.675,0.273,30,False,0.578,0.763,2,-4.824,1,0.0998,0.0916,2.8e-06,0.0743,0.394,96.808,acoustic
I Like It,Depeche Mode,0.997,0.023,0.612,0.365,12,False,0.754,0.539,7,-10.188,0,0.0239,0.124,0.000293,0.132,0.595,95.77,chicago-house
I Want It All,Depeche Mode,0.0734,0.102,0.777,0.121,67,False,0.499,0.81,5,-5.579,1,0.0347,0.000637,0.0748,0.0625,0.288,131.052,garage
Oh Well,Depeche Mode,0.9952,0.0,0.69,0.31,24,False,0.566,0.97,5,-4.129,1,0.0841,0.00106,0.553,0.289,0.56,93.005,industrial
Personal Jesus,Depeche Mode,0.969,0.029,0.747,0.224,58,False,0.573,0.942,2,-5.259,1,0.124,0.000246,0.00514,0.524,0.278,130.147,industrial
The Bottom Line,Depeche Mode,0.9751,0.019,0.813,0.168,32,False,0.768,0.722,5,-6.038,1,0.229,0.107,0.257,0.311,0.58,79.973,study
Useless,Depeche Mode,-0.959,0.169,0.775,0.056,23,True,0.325,0.641,3,-6.999,1,0.0355,3.06e-06,0.922,0.275,0.361,141.442,industrial
Jimmy,Devo,-0.8336,0.189,0.648,0.162,63,False,0.748,0.305,10,-9.166,0,0.034,0.901,3.11e-06,0.103,0.263,126.149,french
Whip It,Devo,0.6597,0.062,0.848,0.091,65,False,0.78,0.869,9,-7.255,1,0.0517,0.0744,0.004,0.0621,0.957,157.902,synth-pop
Aku Cinta Kau Dan Dia,Dewa 19,0.0,0.0,1.0,0.0,38,False,0.372,0.937,2,-4.282,1,0.0554,0.000924,0.000231,0.108,0.572,110.634,punk-rock
Ain't No Mountain High Enough,Diana Ross,-0.1456,0.145,0.718,0.138,82,False,0.663,0.6,7,-10.87,1,0.032,0.43,0.0,0.184,0.8,129.991,funk
Amazing Grace,Diana Ross,0.8555,0.129,0.619,0.252,30,False,0.457,0.26,7,-7.952,1,0.0406,0.0594,0.0,0.346,0.38,106.756,acoustic
Behind Closed Doors,Diana Ross,0.9568,0.062,0.794,0.144,21,False,0.564,0.747,10,-10.15,0,0.0713,0.000699,0.932,0.0788,0.474,174.056,drum-and-bass
Endless Love,Diana Ross,0.9967,0.058,0.641,0.301,71,False,0.483,0.268,10,-11.809,1,0.0257,0.866,0.0163,0.145,0.182,93.47,disco
Give Up,Diana Ross,0.9984,0.036,0.698,0.266,39,False,0.666,0.55,9,-9.321,0,0.0497,0.032,0.00198,0.185,0.471,110.029,trip-hop
In And Out Of Love,Diana Ross,0.9976,0.083,0.568,0.349,56,False,0.526,0.705,5,-6.777,0,0.0301,0.067,6.4e-05,0.125,0.413,134.947,trance
In Your Arms,Diana Ross,0.9873,0.013,0.803,0.184,19,False,0.55,0.85,9,-2.912,1,0.0395,0.153,0.00886,0.0764,0.0627,86.997,drum-and-bass
Wonderful Tonight,Dire Straits,0.9928,0.026,0.688,0.285,52,False,0.671,0.299,7,-10.582,1,0.0284,0.753,1.71e-06,0.0975,0.286,95.008,acoustic
Tell Me,Divine,0.9863,0.062,0.763,0.175,33,False,0.44,0.408,7,-9.774,1,0.0271,0.729,2.48e-06,0.0881,0.479,102.095,blues
Christmas Without You,Dolly Parton,0.991,0.112,0.665,0.223,0,False,0.654,0.596,1,-4.68,1,0.0458,0.424,0.0,0.11,0.382,118.078,dance
Country Road,Dolly Parton,0.8839,0.07,0.804,0.126,23,False,0.386,0.181,7,-14.743,1,0.0311,0.731,0.783,0.0966,0.216,104.577,new-age
Family,Dolly Parton,0.9794,0.138,0.644,0.218,11,False,0.739,0.59,3,-12.259,0,0.048,0.302,0.879,0.0419,0.872,99.975,chicago-house
Go Tell It On The Mountain,Dolly Parton,-0.4215,0.081,0.868,0.051,0,False,0.538,0.881,2,-5.205,1,0.0824,0.132,0.0,0.222,0.392,111.946,country
Hard Candy Christmas,Dolly Parton,0.9905,0.06,0.749,0.191,1,False,0.647,0.275,7,-9.135,1,0.0286,0.89,0.000786,0.112,0.323,95.848,country
Heartbreaker,Dolly Parton,0.986,0.173,0.536,0.291,26,False,0.878,0.839,3,-6.155,0,0.0352,0.189,0.763,0.138,0.707,120.004,deep-house
Inside Out,Don Henley,-0.9902,0.193,0.715,0.092,57,False,0.687,0.172,1,-11.643,1,0.0428,0.786,0.0,0.0985,0.435,131.946,chill
Taking You Home,Don Henley,0.9955,0.067,0.616,0.317,55,False,0.736,0.78,6,-6.328,0,0.0473,0.0251,2.04e-06,0.404,0.186,120.982,progressive-house
Crying,Don McLean,-0.9823,0.329,0.477,0.194,59,False,0.35,0.293,2,-9.502,1,0.0258,0.758,8.21e-06,0.104,0.162,96.685,rockabilly
Everyday,Don McLean,0.9973,0.0,0.629,0.371,17,False,0.522,0.727,6,-5.118,1,0.0965,0.633,0.0,0.366,0.714,93.37,afrobeat
Infinity,Don McLean,-0.8352,0.08,0.878,0.042,20,False,0.369,0.924,9,-3.947,0,0.0393,0.00959,0.00579,0.0958,0.099,173.971,drum-and-bass
Jerusalem,Don McLean,0.9648,0.0,0.918,0.082,0,False,0.445,0.776,2,-4.492,1,0.0346,0.00252,0.0074,0.0981,0.403,118.379,alt-rock
Jump,Don McLean,0.9808,0.051,0.781,0.167,49,True,0.647,0.733,0,-3.866,1,0.0404,0.00737,3.22e-05,0.123,0.245,145.018,electronic
Your Cheatin' Heart,Don McLean,-0.3291,0.103,0.835,0.062,50,False,0.662,0.236,0,-11.631,1,0.0285,0.766,2.39e-05,0.0798,0.653,127.85,honky-tonk
Arise,Don Moen,0.9956,0.0,0.787,0.213,0,False,0.371,0.961,9,-6.765,0,0.0931,1.52e-05,0.0548,0.0916,0.159,115.336,alt-rock
Our Father,Don Moen,0.9878,0.059,0.719,0.222,48,False,0.312,0.431,11,-7.23,1,0.0296,0.191,0.00107,0.124,0.287,139.542,ambient
All Through The Night,Donna Summer,0.9817,0.099,0.738,0.164,20,False,0.3,0.106,5,-13.903,1,0.0338,0.974,9.16e-05,0.0875,0.235,97.285,opera
Bad Girls,Donna Summer,-0.8814,0.133,0.757,0.11,76,False,0.639,0.912,1,-2.621,1,0.0615,0.00107,0.0,0.097,0.343,143.448,indie-pop
Born To Die,Donna Summer,-0.9748,0.245,0.702,0.053,6,False,0.206,0.636,4,-6.591,0,0.0418,0.211,0.000118,0.217,0.394,77.797,pop
Breakdown,Donna Summer,0.2732,0.095,0.803,0.102,60,False,0.417,0.871,1,-3.54,1,0.039,0.000483,3.43e-05,0.0867,0.188,142.003,grunge
Come With Me,Donna Summer,0.8402,0.062,0.82,0.118,72,False,0.876,0.565,11,-6.569,0,0.0333,0.16,0.0284,0.114,0.931,111.936,soul
Domino,Donna Summer,0.9829,0.061,0.737,0.202,52,False,0.785,0.69,3,-10.225,0,0.0698,0.00291,0.907,0.203,0.215,128.879,minimal-techno
Friends,Donna Summer,0.9617,0.052,0.707,0.24,18,False,0.742,0.668,2,-3.871,0,0.0313,0.0152,0.0,0.156,0.806,97.009,afrobeat
I Feel Love,Donna Summer,0.9991,0.0,0.352,0.648,2,False,0.618,0.965,7,-6.026,1,0.0433,0.0595,0.541,0.318,0.917,126.713,disco
I Will Survive,Donna Summer,-0.9441,0.167,0.742,0.091,0,False,0.77,0.775,9,-9.571,0,0.0495,0.0227,0.0025,0.297,0.8,116.917,disco
Lush Life,Donna Summer,0.4186,0.12,0.76,0.119,78,False,0.694,0.712,7,-3.923,0,0.046,0.132,0.0,0.211,0.799,98.023,dance
My Life,Donna Summer,0.9524,0.016,0.878,0.107,72,False,0.741,0.647,2,-12.878,1,0.0427,0.108,0.00139,0.0555,0.804,131.097,piano
O Holy Night,Donna Summer,0.9718,0.081,0.617,0.302,0,False,0.173,0.609,3,-7.724,1,0.0482,0.359,0.0,0.1,0.0988,197.819,alt-rock
Take Me,Donna Summer,0.9909,0.018,0.768,0.214,55,False,0.756,0.426,1,-8.75,0,0.0745,0.504,0.0394,0.0884,0.355,135.96,chill
Tokyo,Donna Summer,0.5407,0.028,0.933,0.039,61,False,0.743,0.879,5,-2.717,0,0.0339,0.0725,0.00141,0.081,0.636,101.968,edm
Disciple,Doobie Brothers,-0.8689,0.081,0.889,0.03,50,True,0.252,0.994,8,-3.66,1,0.227,0.000888,0.0156,0.168,0.0767,101.02,death-metal
Showdown,Doobie Brothers,0.6111,0.09,0.794,0.116,38,False,0.656,0.84,11,-3.755,0,0.0407,0.00158,0.264,0.369,0.187,124.998,club
Spirit,Doobie Brothers,0.9902,0.067,0.71,0.223,29,False,0.697,0.296,5,-11.669,0,0.0394,0.786,0.00076,0.142,0.564,100.86,bluegrass
Love Street,Doors,0.9878,0.029,0.739,0.232,26,False,0.706,0.321,9,-14.134,0,0.0365,0.818,4.67e-05,0.0952,0.46,118.662,psych-rock
The Crystal Ship,Doors,0.9535,0.112,0.631,0.257,62,False,0.313,0.42,10,-9.806,1,0.0303,0.797,2.35e-06,0.126,0.339,178.711,psych-rock
The End,Doors,-0.8761,0.13,0.753,0.117,44,True,0.444,0.873,2,-7.524,1,0.32,0.0273,0.000154,0.298,0.149,88.549,brazil
Who Do You Love,Doors,0.9985,0.024,0.586,0.39,72,True,0.51,0.846,3,-4.595,1,0.0461,0.0101,0.0,0.208,0.475,139.927,dance
Wild Child,Doors,0.9719,0.043,0.696,0.261,69,False,0.68,0.639,5,-6.233,0,0.0278,0.017,5.09e-06,0.0398,0.957,106.991,alt-rock
It Takes Time,Doris Day,0.7308,0.013,0.946,0.041,28,False,0.616,0.483,11,-8.533,0,0.0316,0.000996,0.76,0.108,0.253,120.014,garage
Brand New,Drake,0.8254,0.077,0.828,0.095,65,False,0.555,0.934,9,-5.04,1,0.113,0.00268,0.0,0.122,0.422,144.874,acoustic
Juice,Drake,0.8531,0.07,0.836,0.093,49,False,0.811,0.652,1,-2.798,1,0.0736,0.463,0.00158,0.0667,0.738,109.999,dancehall
Karaoke,Drake,0.8711,0.084,0.804,0.112,0,False,0.929,0.625,1,-5.728,1,0.14,0.289,1.2e-06,0.386,0.578,122.03,reggae
Light Up,Drake,-0.9684,0.155,0.715,0.131,44,False,0.477,0.924,0,-1.865,1,0.0437,0.00304,0.006,0.186,0.144,173.996,dubstep
Still Here,Drake,0.9917,0.052,0.801,0.147,11,False,0.516,0.525,1,-16.094,1,0.0375,0.807,0.855,0.0642,0.671,128.012,idm
Take Care,Drake,-0.9277,0.17,0.681,0.15,51,False,0.805,0.637,6,-6.503,1,0.0362,0.0933,0.0015,0.133,0.577,120.039,deep-house
The Resistance,Drake,0.2986,0.112,0.77,0.118,69,False,0.483,0.941,2,-3.598,0,0.0575,0.000526,3.5e-06,0.31,0.503,156.033,alt-rock
The Search,Drake,-0.982,0.102,0.839,0.059,74,False,0.789,0.786,2,-4.788,1,0.297,0.596,0.0,0.0997,0.39,119.957,hip-hop
Unforgettable,Drake,0.9939,0.123,0.685,0.192,49,False,0.366,0.939,8,-3.505,1,0.231,0.00298,0.0,0.128,0.435,158.058,grunge
Up All Night,Drake,-0.9914,0.195,0.663,0.142,51,False,0.677,0.256,7,-16.915,1,0.0448,0.948,9.94e-06,0.0926,0.318,103.986,chill
Another Day,Dream Theater,0.7427,0.039,0.891,0.07,57,False,0.689,0.751,1,-5.876,1,0.0339,0.307,0.00424,0.076,0.692,140.16,chill
Blind Faith,Dream Theater,-0.81,0.148,0.727,0.125,24,False,0.21,0.931,0,-5.296,1,0.0669,3.55e-05,0.909,0.343,0.453,156.866,black-metal
Angels,Dusty Springfield,0.8682,0.074,0.801,0.126,56,False,0.341,0.867,7,-4.727,0,0.0492,0.293,0.0,0.257,0.2,182.032,goth
Another Night,Dusty Springfield,-0.7674,0.122,0.786,0.092,23,False,0.481,0.83,6,-6.302,0,0.0339,0.115,0.000159,0.706,0.529,118.228,bluegrass
Born This Way,Dusty Springfield,0.977,0.1,0.726,0.174,20,False,0.511,0.939,11,-6.039,0,0.0943,0.000163,0.0105,0.949,0.176,123.997,club
I Only Want To Be With You,Dusty Springfield,-0.6509,0.183,0.711,0.105,60,False,0.602,0.684,7,-8.021,1,0.029,0.103,0.0,0.175,0.961,133.0,british
Lose Again,Dusty Springfield,0.5413,0.19,0.633,0.177,23,False,0.627,0.411,10,-11.141,1,0.0307,0.898,0.045,0.115,0.794,108.778,bluegrass
Losing You,Dusty Springfield,0.9765,0.113,0.688,0.199,59,True,0.674,0.455,0,-7.835,0,0.036,0.46,0.00196,0.176,0.885,80.023,chill
Lost,Dusty Springfield,-0.9717,0.21,0.664,0.126,45,False,0.47,0.292,6,-9.899,0,0.0284,0.904,0.000104,0.0889,0.168,66.109,acoustic
Meditation,Dusty Springfield,0.9689,0.054,0.808,0.138,18,False,0.65,0.908,2,-0.872,1,0.0337,0.00382,0.0701,0.201,0.395,88.0,drum-and-bass
Sandra,Dusty Springfield,0.9873,0.107,0.73,0.163,42,False,0.481,0.802,2,-8.883,1,0.0589,0.508,0.00831,0.0988,0.936,169.853,mpb
Please Come Home For Christmas,Eagles,-0.8379,0.241,0.552,0.206,0,False,0.498,0.533,10,-7.337,1,0.0245,0.261,0.0471,0.314,0.288,96.459,blues
Tryin',Eagles,0.8516,0.029,0.88,0.091,24,False,0.213,0.762,9,-5.402,1,0.0424,0.236,0.179,0.331,0.674,166.454,garage
Nina,Ed Sheeran,0.98,0.047,0.853,0.1,18,False,0.782,0.924,10,-6.102,1,0.0371,0.212,0.88,0.157,0.883,127.984,chicago-house
Hey Diddle Diddle,Eddie Cochran,0.9764,0.0,0.805,0.195,34,False,0.441,0.478,7,-9.95,1,0.0721,0.691,3.16e-06,0.204,0.303,177.085,children
I Can't Wait,Eddie Cochran,0.9671,0.084,0.744,0.172,0,False,0.784,0.844,7,-4.63,0,0.0574,0.166,0.00201,0.0682,0.94,103.972,disco
Never,Eddie Cochran,0.9772,0.025,0.709,0.266,20,False,0.64,0.434,0,-10.459,1,0.033,0.14,0.768,0.126,0.766,130.033,breakbeat
New Shoes,Eddie Cochran,-0.9234,0.113,0.834,0.052,67,False,0.748,0.735,8,-8.692,1,0.0903,0.47,1.09e-05,0.0851,0.854,150.04,british
Once More,Eddie Cochran,0.9626,0.037,0.73,0.232,53,False,0.788,0.465,7,-12.084,0,0.0532,0.727,0.0406,0.109,0.0352,110.018,french
One Kiss,Eddie Cochran,0.9787,0.021,0.636,0.343,60,False,0.753,0.852,9,-4.028,0,0.138,0.0319,8.63e-06,0.328,0.586,124.023,electro
Playboy,Eddie Cochran,0.7228,0.077,0.819,0.103,10,True,0.675,0.835,4,-3.993,0,0.0433,0.000302,0.333,0.535,0.131,132.002,breakbeat
Take My Hand,Eddie Cochran,0.9103,0.094,0.698,0.208,49,False,0.633,0.443,5,-10.662,0,0.0278,0.703,0.484,0.0777,0.364,112.987,new-age
Teresa,Eddie Cochran,0.9741,0.0,0.742,0.258,27,False,0.421,0.423,6,-13.976,1,0.0373,0.602,0.0,0.0581,0.782,118.163,rock-n-roll
Above The Clouds,Electric Light Orchestra,0.9811,0.024,0.739,0.238,63,True,0.462,0.944,8,-2.938,1,0.315,0.312,0.000149,0.367,0.65,172.33,hardcore
Helpless,Electric Light Orchestra,-0.996,0.324,0.575,0.101,68,False,0.688,0.491,5,-7.494,1,0.269,0.334,0.0,0.0914,0.737,79.009,show-tunes
Midnight Blue,Electric Light Orchestra,0.9915,0.037,0.776,0.186,26,False,0.275,0.079,7,-26.437,0,0.0346,0.968,0.425,0.64,0.127,77.933,new-age
Mission,Electric Light Orchestra,-0.7579,0.059,0.918,0.023,19,False,0.573,0.737,0,-7.399,1,0.243,0.221,0.0,0.0924,0.688,93.604,j-dance
On The Run,Electric Light Orchestra,0.9746,0.027,0.867,0.106,21,False,0.414,0.918,0,-4.364,0,0.0639,0.201,0.000141,0.0766,0.286,149.964,hardstyle
State Of Mind,Electric Light Orchestra,0.8257,0.052,0.878,0.07,55,False,0.772,0.822,8,-6.998,0,0.0735,0.138,0.0929,0.119,0.436,124.016,deep-house
Wishing,Electric Light Orchestra,0.9774,0.037,0.77,0.193,59,False,0.509,0.126,3,-22.956,1,0.0359,0.995,0.942,0.121,0.34,72.702,ambient
As Long As I Live,Ella Fitzgerald,-0.9324,0.179,0.682,0.138,10,False,0.468,0.205,1,-15.969,1,0.0277,0.873,3.17e-06,0.144,0.644,91.562,honky-tonk
By Myself,Ella Fitzgerald,-0.9129,0.239,0.651,0.11,62,False,0.544,0.935,6,-4.159,0,0.173,0.0171,0.00301,0.297,0.339,103.026,grunge
Imagination,Ella Fitzgerald,0.897,0.027,0.792,0.181,28,False,0.649,0.429,4,-11.23,0,0.0802,0.0913,0.00137,0.0319,0.465,116.515,british
Army,Ellie Goulding,0.9619,0.069,0.823,0.108,46,False,0.504,0.907,0,-5.491,0,0.066,0.00017,0.000161,0.187,0.418,120.017,blues
Bittersweet,Ellie Goulding,0.3121,0.088,0.789,0.123,0,False,0.57,0.409,5,-7.555,0,0.0331,0.345,0.000188,0.219,0.304,137.8,british
Halcyon,Ellie Goulding,0.9982,0.059,0.661,0.28,11,False,0.577,0.761,7,-13.01,1,0.0341,0.00802,0.118,0.0573,0.248,127.981,breakbeat
I Need Your Love,Ellie Goulding,0.9877,0.13,0.66,0.21,16,False,0.72,0.848,0,-5.519,0,0.0584,0.27,3.53e-06,0.236,0.578,125.005,kids
This Love,Ellie Goulding,0.9972,0.054,0.683,0.263,61,True,0.402,0.73,6,-9.327,1,0.0455,0.000312,0.323,0.103,0.296,104.527,groove
Amen,Elton John,0.5267,0.0,0.958,0.042,51,False,0.171,0.467,2,-10.121,0,0.0349,0.143,0.000147,0.102,0.124,71.312,new-age
Angeline,Elton John,0.9921,0.073,0.712,0.216,21,False,0.711,0.312,2,-10.778,0,0.0432,0.859,0.000591,0.372,0.49,126.092,trip-hop
Belfast,Elton John,-0.8783,0.191,0.664,0.145,48,False,0.523,0.706,0,-9.837,1,0.0465,0.000796,0.313,0.112,0.345,119.693,breakbeat
Believe,Elton John,0.9975,0.124,0.48,0.397,44,False,0.721,0.579,0,-5.347,1,0.0498,0.0018,0.115,0.144,0.583,132.105,breakbeat
Better Off Dead,Elton John,-0.7715,0.116,0.788,0.096,62,False,0.239,0.969,11,-3.547,0,0.27,0.0224,9.24e-05,0.452,0.245,93.565,metalcore
Chloe,Elton John,0.8017,0.06,0.807,0.132,48,False,0.483,0.186,7,-21.828,0,0.042,0.943,0.877,0.115,0.51,150.705,guitar
Daniel,Elton John,-0.1566,0.088,0.848,0.064,39,False,0.399,0.705,4,-4.104,1,0.0413,0.479,0.0,0.353,0.447,110.301,gospel
Day Is Done,Elton John,-0.9532,0.131,0.826,0.043,56,False,0.487,0.298,2,-15.225,0,0.0328,0.603,0.682,0.161,0.457,124.332,british
Dear God,Elton John,0.9987,0.044,0.487,0.469,68,False,0.472,0.772,5,-5.928,1,0.0316,0.00658,5.65e-05,0.132,0.6,139.993,alternative
Deep Inside,Elton John,0.9763,0.062,0.758,0.18,12,False,0.561,0.688,0,-8.372,0,0.0304,0.000312,0.684,0.256,0.11,131.998,breakbeat
Don't Go Breaking My Heart,Elton John,0.9707,0.011,0.91,0.079,78,False,0.729,0.844,5,-8.824,1,0.0344,0.149,2.87e-06,0.0604,0.777,131.459,piano
El Dorado,Elton John,0.9901,0.013,0.756,0.231,30,False,0.334,0.924,0,-5.236,1,0.0455,0.0453,0.0449,0.0799,0.281,159.072,hardcore
Electricity,Elton John,0.9866,0.099,0.666,0.235,39,False,0.553,0.755,11,-5.324,1,0.0321,0.0555,0.0,0.0884,0.268,125.918,dub
Emerald,Elton John,-0.7907,0.156,0.75,0.094,23,False,0.672,0.452,11,-9.667,1,0.0339,0.888,0.913,0.108,0.237,89.008,study
Emily,Elton John,0.7717,0.053,0.86,0.087,25,False,0.562,0.544,9,-8.624,1,0.373,0.533,0.0,0.148,0.451,84.989,goth
Georgia,Elton John,0.9128,0.027,0.887,0.086,62,False,0.388,0.66,11,-7.372,1,0.0308,0.312,0.000307,0.0943,0.401,143.554,folk
Hello Hello,Elton John,0.8244,0.093,0.771,0.136,55,False,0.576,0.597,2,-7.256,1,0.0241,0.523,0.0,0.369,0.414,83.052,piano
Honky Tonk Women,Elton John,0.3832,0.013,0.957,0.029,64,False,0.56,0.721,7,-6.669,1,0.0629,0.225,0.0339,0.0453,0.966,119.285,british
I Don't Care,Elton John,0.6709,0.167,0.661,0.172,43,True,0.623,0.801,2,-2.043,0,0.043,0.235,3.03e-06,0.22,0.496,135.097,dubstep
45,Elvis Costello,0.6529,0.096,0.792,0.112,67,False,0.446,0.657,7,-4.494,1,0.0262,0.0022,0.0,0.189,0.215,152.132,grunge
Accidents Will Happen,Elvis Costello,0.5685,0.072,0.844,0.085,24,False,0.605,0.65,0,-9.019,1,0.0276,0.0612,0.0183,0.357,0.677,120.129,power-pop
Alibi,Elvis Costello,-0.9818,0.202,0.656,0.142,42,False,0.678,0.826,7,-4.663,0,0.0786,0.101,0.0,0.119,0.426,100.016,dub
Alison,Elvis Costello,0.9827,0.107,0.648,0.245,35,False,0.555,0.323,1,-10.774,0,0.0469,0.752,4.28e-05,0.209,0.371,176.387,power-pop
All This Useless Beauty,Elvis Costello,-0.9196,0.167,0.703,0.13,23,False,0.449,0.149,2,-13.869,1,0.0428,0.726,7.73e-05,0.134,0.356,137.28,power-pop
Deep Dark Truthful Mirror,Elvis Costello,0.5065,0.092,0.793,0.115,25,False,0.406,0.354,7,-8.701,1,0.0455,0.233,0.0,0.341,0.58,78.477,power-pop
Dissolve,Elvis Costello,-0.9554,0.164,0.785,0.052,68,False,0.688,0.582,6,-10.668,0,0.0542,0.23,0.000157,0.0663,0.872,85.486,indie-pop
Don't Let Me Be Misunderstood,Elvis Costello,-0.9647,0.214,0.693,0.093,60,False,0.388,0.501,11,-11.296,0,0.0731,0.778,0.0,0.305,0.532,158.348,blues
Good Year For The Roses,Elvis Costello,0.9532,0.03,0.87,0.1,23,False,0.502,0.412,9,-10.373,1,0.037,0.251,0.000321,0.135,0.388,97.218,power-pop
Human Hands,Elvis Costello,0.842,0.072,0.838,0.09,23,False,0.539,0.664,7,-7.043,1,0.0802,0.448,0.0,0.129,0.785,144.766,power-pop
I Can't Stand Up For Falling Down,Elvis Costello,-0.7744,0.211,0.714,0.075,21,False,0.602,0.719,0,-7.679,1,0.0274,0.000405,0.542,0.0876,0.977,141.793,power-pop
I Hope You're Happy Now,Elvis Costello,0.9944,0.101,0.568,0.332,24,False,0.388,0.852,9,-5.981,1,0.0578,8.61e-05,5.06e-05,0.107,0.727,133.113,power-pop
Let Them All Talk,Elvis Costello,0.5994,0.066,0.826,0.109,22,False,0.588,0.887,4,-7.593,0,0.0488,0.107,0.0,0.313,0.935,156.062,power-pop
Little Palaces,Elvis Costello,0.8344,0.042,0.893,0.065,22,False,0.615,0.318,7,-10.261,1,0.046,0.229,1.67e-06,0.199,0.551,94.984,power-pop
Love For Tender,Elvis Costello,0.7068,0.201,0.582,0.217,25,False,0.633,0.77,9,-7.508,1,0.031,0.0395,0.0,0.231,0.686,109.728,power-pop
All Shook Up,Elvis Presley,0.9989,0.07,0.54,0.39,62,False,0.624,0.468,10,-12.162,1,0.132,0.881,6.35e-06,0.144,0.952,74.139,rock-n-roll
Always On My Mind,Elvis Presley,0.8495,0.129,0.718,0.153,73,False,0.358,0.387,7,-14.342,1,0.0324,0.746,0.0121,0.119,0.495,181.183,rock-n-roll
"Baby, Let's Play House",Elvis Presley,0.9794,0.038,0.782,0.18,51,False,0.668,0.65,4,-9.373,1,0.042,0.733,0.0284,0.122,0.961,103.975,rockabilly
Burning Love,Elvis Presley,0.9986,0.027,0.613,0.36,27,False,0.748,0.744,2,-4.693,1,0.0341,0.000647,8.53e-05,0.0897,0.784,127.042,deep-house
Confidence,Elvis Presley,0.9876,0.028,0.791,0.181,58,False,0.452,0.818,9,-4.59,1,0.0427,0.0411,0.0,0.125,0.373,167.087,alt-rock
"Fool, Fool, Fool",Elvis Presley,-0.9793,0.326,0.492,0.182,9,False,0.569,0.383,5,-13.548,1,0.0314,0.64,0.00498,0.167,0.59,114.552,honky-tonk
For The Good Times,Elvis Presley,0.9761,0.056,0.773,0.171,45,False,0.424,0.161,0,-10.407,1,0.0339,0.866,0.00178,0.11,0.295,85.499,folk
Guadalajara,Elvis Presley,0.0,0.0,1.0,0.0,23,False,0.495,0.322,3,-16.595,1,0.0609,0.85,0.855,0.114,0.468,125.24,guitar
Hard Luck,Elvis Presley,0.8925,0.164,0.631,0.205,24,False,0.541,0.759,7,-4.717,1,0.0431,0.00185,0.294,0.0998,0.314,120.048,power-pop
25 to Life,Eminem,-0.9936,0.188,0.678,0.134,28,False,0.559,0.886,2,-5.086,1,0.0394,0.000333,0.000169,0.142,0.762,109.989,power-pop
Business,Eminem,0.9935,0.111,0.706,0.183,31,True,0.718,0.765,4,-4.387,0,0.373,0.0178,0.0,0.083,0.685,125.661,dancehall
Careful What You Wish For,Eminem,0.9967,0.048,0.797,0.155,54,False,0.398,0.964,4,-3.738,0,0.175,0.0194,0.0,0.251,0.116,145.039,metalcore
Cocaine,Eminem,-0.6366,0.115,0.768,0.117,69,False,0.699,0.502,9,-12.526,1,0.0278,0.0607,0.0337,0.317,0.676,105.267,blues
Farewell,Eminem,-0.986,0.195,0.659,0.147,7,False,0.115,0.00941,0,-30.182,0,0.0407,0.988,0.936,0.0918,0.0317,93.99,iranian
Get Money,Eminem,-0.9273,0.142,0.751,0.107,0,True,0.736,0.828,11,-5.835,0,0.284,0.477,0.0,0.251,0.899,91.224,hardcore
Infinite,Eminem,-0.9772,0.126,0.769,0.105,22,False,0.576,0.856,1,-3.047,0,0.145,0.00122,0.000187,0.0748,0.167,88.006,breakbeat
Invasion,Eminem,-0.9821,0.114,0.814,0.072,19,False,0.879,0.68,2,-8.933,1,0.119,0.212,0.0,0.0907,0.753,119.938,j-dance
Alone And Forsaken,Emmylou Harris,0.9836,0.085,0.712,0.202,46,False,0.575,0.162,5,-11.575,1,0.0489,0.975,0.0235,0.114,0.472,76.319,honky-tonk
Angel Eyes,Emmylou Harris,-0.7452,0.094,0.884,0.022,31,False,0.7,0.721,5,-13.696,0,0.055,0.00914,0.000839,0.0599,0.786,121.785,disco
Blue Train,Emmylou Harris,-0.8558,0.131,0.81,0.059,59,False,0.503,0.286,8,-15.425,1,0.045,0.643,0.00112,0.156,0.569,136.098,jazz
Deeper Well,Emmylou Harris,0.997,0.077,0.668,0.256,28,False,0.537,0.524,3,-12.504,0,0.167,0.55,0.000106,0.683,0.728,105.784,bluegrass
Every Time You Leave,Emmylou Harris,0.2116,0.089,0.835,0.076,62,False,0.473,0.749,1,-5.047,0,0.0287,0.000466,5.5e-06,0.0883,0.167,150.022,metalcore
Mansion On The Hill,Emmylou Harris,0.6908,0.0,0.964,0.036,14,False,0.516,0.32,9,-11.484,1,0.0253,0.778,0.0,0.144,0.812,153.163,honky-tonk
Movin' On,Emmylou Harris,-0.8154,0.071,0.871,0.058,17,False,0.78,0.641,10,-9.731,0,0.0551,0.00171,0.716,0.0958,0.21,125.005,minimal-techno
Mystery Train,Emmylou Harris,0.6987,0.025,0.907,0.068,25,False,0.656,0.738,9,-10.393,1,0.0342,0.719,0.00815,0.0799,0.598,120.966,bluegrass
A Man Without Love,Engelbert Humperdinck,0.8954,0.154,0.675,0.171,50,False,0.554,0.648,1,-5.35,1,0.0297,0.666,0.0,0.105,0.413,110.172,opera
Beautiful Baby,Engelbert Humperdinck,0.9941,0.075,0.714,0.211,24,False,0.852,0.442,11,-9.292,1,0.0403,0.446,0.228,0.0879,0.946,107.426,afrobeat
Close To You,Engelbert Humperdinck,0.9755,0.0,0.844,0.156,49,False,0.743,0.797,0,-5.355,0,0.0905,0.282,0.00289,0.178,0.603,116.999,deep-house
Dance With Me,Engelbert Humperdinck,0.947,0.058,0.79,0.152,63,False,0.792,0.704,6,-7.181,0,0.0631,0.00213,0.564,0.123,0.472,124.003,techno
Just The Two Of Us,Engelbert Humperdinck,0.8316,0.039,0.889,0.072,41,False,0.618,0.083,4,-23.665,1,0.057,0.745,0.000123,0.146,0.597,90.865,acoustic
Love Me Tender,Engelbert Humperdinck,0.997,0.0,0.535,0.465,59,False,0.439,0.0529,9,-16.253,1,0.039,0.881,0.0,0.106,0.314,109.382,rock-n-roll
Marry Me,Engelbert Humperdinck,0.9939,0.0,0.761,0.239,70,False,0.333,0.412,3,-8.633,1,0.029,0.0977,0.0,0.113,0.474,85.028,country
Precious Love,Engelbert Humperdinck,0.9984,0.0,0.657,0.343,39,False,0.395,0.389,3,-7.506,1,0.0266,0.702,1.41e-06,0.101,0.129,74.738,world-music
She,Engelbert Humperdinck,0.9837,0.089,0.737,0.174,40,False,0.588,0.917,1,-4.673,1,0.0359,0.102,0.844,0.354,0.327,124.01,club
The Power Of Love,Engelbert Humperdinck,0.8225,0.078,0.776,0.145,0,False,0.465,0.23,5,-13.791,0,0.0325,0.349,2.85e-06,0.539,0.114,123.102,synth-pop
When You Say Nothing At All,Engelbert Humperdinck,0.9895,0.022,0.778,0.2,64,False,0.514,0.243,3,-12.348,1,0.0288,0.752,0.00054,0.0822,0.388,171.816,bluegrass
You Inspire Me,Engelbert Humperdinck,0.9856,0.02,0.736,0.244,2,False,0.56,0.876,2,-6.62,1,0.0342,0.0202,0.857,0.805,0.0709,128.983,techno
Yours,Engelbert Humperdinck,0.453,0.126,0.732,0.142,67,False,0.554,0.722,11,-6.005,1,0.034,0.119,0.0,0.0861,0.558,134.058,country
Beyond,Enigma,-0.7286,0.034,0.966,0.0,73,False,0.581,0.687,6,-5.4,1,0.105,0.229,0.0,0.109,0.187,76.014,blues
Beyond The Invisible,Enigma,-0.5632,0.072,0.928,0.0,42,False,0.458,0.683,7,-9.823,0,0.0319,0.0793,0.0252,0.137,0.15,99.009,new-age
Invisible Love,Enigma,0.9982,0.0,0.367,0.633,29,False,0.731,0.747,11,-6.612,0,0.0305,0.0136,0.0301,0.09,0.962,125.98,afrobeat
Silence Must Be Heard,Enigma,0.3204,0.072,0.845,0.083,42,False,0.578,0.83,4,-7.976,0,0.0414,0.00556,0.564,0.221,0.392,102.484,new-age
The Gate,Enigma,0.4939,0.0,0.955,0.045,13,False,0.75,0.995,7,-6.776,1,0.0778,0.229,0.883,0.103,0.716,132.052,breakbeat
Can You Hear Me,Enrique Iglesias,0.7941,0.112,0.764,0.124,42,False,0.429,0.575,3,-7.626,0,0.0386,0.206,0.00353,0.102,0.155,139.965,blues
Miss You,Enrique Iglesias,-0.9976,0.44,0.496,0.064,44,False,0.592,0.686,9,-6.904,1,0.0389,0.178,0.0,0.111,0.397,101.015,acoustic
Somebody's Me,Enrique Iglesias,0.8681,0.079,0.78,0.141,51,False,0.625,0.55,1,-6.916,1,0.0258,0.301,0.0,0.11,0.353,83.007,latin
Anywhere,Enya,-0.5168,0.07,0.878,0.052,0,True,0.718,0.87,11,-3.279,1,0.0359,0.0162,1.98e-06,0.205,0.631,120.024,drum-and-bass
Marble Halls,Enya,0.9984,0.013,0.572,0.415,0,False,0.454,0.0921,10,-18.764,1,0.0488,0.986,0.757,0.0908,0.106,119.035,new-age
May It Be,Enya,0.6696,0.037,0.88,0.083,24,False,0.143,0.312,9,-10.077,1,0.0348,0.945,0.000163,0.109,0.0766,86.112,opera
On My Way Home,Enya,0.9744,0.014,0.769,0.217,37,False,0.427,0.0749,8,-22.719,1,0.0364,0.961,0.948,0.109,0.152,73.236,ambient
Only Time,Enya,0.9552,0.04,0.809,0.152,56,False,0.696,0.261,9,-12.107,0,0.0361,0.737,1.24e-05,0.11,0.361,136.053,acoustic
Breathe,Erasure,0.9685,0.074,0.757,0.169,66,False,0.673,0.808,9,-6.183,1,0.0491,0.0121,0.878,0.037,0.303,130.041,breakbeat
Gimme! Gimme! Gimme!,Erasure,-0.987,0.14,0.852,0.008,66,False,0.62,0.748,2,-5.36,0,0.058,0.0151,0.016,0.0729,0.417,125.999,deep-house
In My Arms,Erasure,-0.6808,0.124,0.763,0.112,50,False,0.834,0.792,4,-5.91,0,0.0338,0.0301,0.0936,0.0364,0.922,120.004,deep-house
Love Affair,Erasure,-0.9536,0.121,0.85,0.029,69,False,0.613,0.488,8,-7.37,1,0.0964,0.129,2.13e-05,0.335,0.183,172.076,chill
Somewhere Over The Rainbow,Erasure,0.971,0.025,0.739,0.236,28,False,0.367,0.0604,0,-18.687,1,0.0383,0.982,0.924,0.116,0.0707,127.168,new-age
S.O.S.,Erasure,0.9921,0.063,0.699,0.237,54,False,0.541,0.971,10,-3.323,0,0.088,2.78e-05,0.0052,0.0837,0.36,107.949,brazil
Star,Erasure,0.9974,0.069,0.695,0.236,0,False,0.797,0.682,1,-4.967,1,0.0595,0.0207,0.0003,0.106,0.277,96.057,dance
When Will I See You Again,Erasure,0.9419,0.047,0.798,0.154,62,False,0.564,0.593,9,-9.245,1,0.0328,0.732,0.00366,0.343,0.766,120.753,disco
You've Lost That Lovin' Feelin',Erasure,0.9895,0.088,0.71,0.202,59,False,0.366,0.317,1,-13.976,1,0.027,0.541,0.0,0.0865,0.398,94.108,rock-n-roll
After Midnight,Eric Clapton,-0.4215,0.046,0.928,0.026,66,False,0.694,0.306,2,-19.315,1,0.0353,0.171,0.0736,0.0866,0.521,95.989,blues
Another Man,Eric Clapton,0.0,0.0,1.0,0.0,10,False,0.869,0.593,11,-12.747,1,0.0922,0.000801,0.864,0.0569,0.926,125.973,detroit-techno
Bell Bottom Blues,Eric Clapton,0.8918,0.145,0.696,0.159,59,False,0.404,0.695,2,-6.162,1,0.034,0.587,0.0383,0.159,0.646,133.136,blues
Black Rose,Eric Clapton,0.9605,0.073,0.701,0.226,39,False,0.739,0.683,7,-9.303,0,0.0332,0.00707,0.943,0.12,0.495,122.003,minimal-techno
Can't Find My Way Home,Eric Clapton,-0.8866,0.111,0.889,0.0,54,False,0.561,0.257,7,-17.417,1,0.0343,0.858,0.00185,0.0949,0.579,88.276,blues
Crossroads,Eric Clapton,0.6908,0.0,0.954,0.046,19,False,0.529,0.932,8,-4.585,0,0.0419,0.00111,0.849,0.322,0.2,174.007,drum-and-bass
Cryin',Eric Clapton,0.0772,0.076,0.872,0.052,43,False,0.357,0.447,4,-8.601,1,0.027,0.0546,0.0516,0.103,0.151,150.943,guitar
Dance The Night Away,Eric Clapton,-0.5574,0.065,0.935,0.0,69,False,0.709,0.861,0,-2.905,1,0.0941,0.106,4.73e-05,0.113,0.779,118.089,k-pop
Danger,Eric Clapton,-0.9866,0.249,0.655,0.096,66,False,0.738,0.868,1,-3.363,1,0.0702,0.000907,0.000209,0.275,0.377,111.991,k-pop
Don't Know Why,Eric Clapton,0.9597,0.076,0.722,0.202,45,False,0.702,0.0861,10,-11.942,1,0.11,0.991,0.926,0.11,0.348,179.78,guitar
Fall Like Rain,Eric Clapton,0.9677,0.131,0.668,0.2,30,False,0.592,0.523,10,-9.241,1,0.0275,0.536,0.00728,0.117,0.484,137.893,bluegrass
Got You On My Mind,Eric Clapton,-0.9858,0.181,0.762,0.057,58,False,0.814,0.532,4,-6.798,0,0.0386,0.363,1.59e-06,0.0842,0.482,121.973,french
Hard Times,Eric Clapton,0.2446,0.208,0.624,0.169,75,False,0.695,0.818,5,-5.379,0,0.0334,0.00647,4.87e-06,0.0219,0.916,119.965,emo
High,Eric Clapton,-0.8988,0.147,0.795,0.057,75,True,0.601,0.787,0,-6.178,1,0.031,0.0492,0.0,0.142,0.525,134.981,dance
I Shot The Sheriff,Eric Clapton,-0.9303,0.163,0.712,0.125,63,False,0.73,0.639,7,-11.025,0,0.0524,0.0853,0.00221,0.102,0.658,94.395,blues
I Wanna Be,Eric Clapton,0.9724,0.032,0.823,0.145,37,False,0.55,0.954,11,-4.255,0,0.0467,0.00216,0.0,0.31,0.961,174.061,hard-rock
Lost And Found,Eric Clapton,0.9536,0.059,0.802,0.138,21,False,0.51,0.798,6,-11.098,0,0.042,0.00159,0.136,0.0569,0.473,114.3,industrial
I Dream Of Christmas,Erik Santos,0.9952,0.0,0.669,0.331,0,False,0.409,0.71,6,-6.215,1,0.0398,0.15,0.285,0.171,0.376,107.566,j-pop
Again,Etta James,0.7184,0.027,0.868,0.105,39,False,0.617,0.26,5,-14.363,1,0.0373,0.986,0.871,0.115,0.104,94.023,anime
If I Can't Have You,Etta James,0.3164,0.143,0.721,0.136,0,False,0.69,0.809,2,-4.198,1,0.0603,0.524,0.0,0.147,0.864,123.912,dance
Prisoner Of Love,Etta James,0.8742,0.14,0.687,0.173,21,False,0.491,0.904,7,-5.326,0,0.0684,0.000165,0.00186,0.186,0.629,122.866,goth
Purple Rain,Etta James,0.9345,0.036,0.822,0.142,75,False,0.367,0.452,10,-10.422,1,0.0307,0.0353,0.00228,0.689,0.189,113.066,funk
Somebody To Love,Etta James,0.999,0.022,0.684,0.293,7,False,0.806,0.666,11,-7.581,0,0.0388,9.22e-05,0.887,0.104,0.257,123.446,chicago-house
Steal Away,Etta James,-0.9697,0.183,0.716,0.1,20,False,0.53,0.128,9,-22.971,1,0.0345,0.858,0.938,0.13,0.33,101.697,opera
That's All,Etta James,0.8294,0.009,0.915,0.076,21,False,0.431,0.236,9,-15.547,0,0.035,0.989,0.894,0.147,0.287,132.402,new-age
You Don't Know What Love Is,Etta James,-0.9788,0.276,0.653,0.071,0,False,0.521,0.0976,10,-12.895,0,0.0492,0.962,4.93e-05,0.0968,0.307,135.427,soul
Sucker,Europe,0.9488,0.095,0.73,0.175,81,False,0.842,0.734,1,-5.065,0,0.0588,0.0427,0.0,0.106,0.952,137.958,dance
When I See You Smile,Europe,0.9891,0.028,0.81,0.162,65,False,0.495,0.609,7,-9.902,1,0.0339,0.42,0.0,0.187,0.33,135.671,hard-rock
Out Of Reach,Eurythmics,0.9848,0.03,0.751,0.219,70,False,0.51,0.48,11,-6.567,1,0.0452,0.503,0.0,0.106,0.496,182.862,british
Bleed,Evanescence,-0.9806,0.169,0.805,0.026,60,False,0.242,0.998,11,-5.64,1,0.0894,8.12e-06,0.88,0.284,0.18,114.642,death-metal
Bring Me To Life,Evanescence,0.9775,0.039,0.84,0.121,0,False,0.318,0.943,4,-3.188,0,0.107,0.00721,2.06e-06,0.242,0.298,189.985,alternative
Exodus,Evanescence,0.9714,0.092,0.692,0.216,25,False,0.235,0.53,7,-9.969,1,0.0353,0.00562,0.524,0.113,0.0634,104.272,goth
Forgive Me,Evanescence,-0.7781,0.196,0.633,0.171,40,False,0.627,0.849,4,-6.159,0,0.0342,0.0156,0.0141,0.346,0.551,120.033,groove
I Hate Everything About You,Evanescence,-0.5529,0.216,0.571,0.213,72,False,0.498,0.83,6,-5.157,0,0.0421,0.00461,0.0,0.139,0.453,89.342,grunge
Imaginary,Evanescence,-0.9337,0.127,0.847,0.026,57,False,0.552,0.594,2,-6.449,1,0.0306,0.298,6.17e-05,0.262,0.287,149.907,hardstyle
Jealous,Evanescence,0.9229,0.091,0.776,0.133,49,False,0.761,0.789,4,-5.69,0,0.05,0.111,0.000107,0.608,0.283,103.01,dancehall
Lies,Evanescence,-0.9156,0.183,0.753,0.065,38,False,0.498,0.426,11,-10.89,0,0.0483,0.0743,0.649,0.102,0.0903,80.018,turkish
Lose Control,Evanescence,-0.8513,0.185,0.705,0.11,10,False,0.722,0.93,10,-5.641,0,0.256,0.00824,0.00151,0.584,0.888,132.017,breakbeat
Missing,Evanescence,0.9567,0.116,0.639,0.245,0,False,0.232,0.146,4,-23.397,1,0.0461,0.934,0.948,0.146,0.041,136.158,sleep
October,Evanescence,0.9979,0.056,0.677,0.267,55,False,0.685,0.53,5,-7.25,1,0.0325,0.574,0.0,0.0845,0.19,117.985,british
Origin,Evanescence,-0.8519,0.159,0.74,0.101,41,False,0.319,0.865,2,-3.7,1,0.107,0.19,0.699,0.0823,0.164,153.962,dubstep
Restless,Evanescence,0.9493,0.085,0.77,0.146,50,False,0.157,0.334,11,-17.121,0,0.0468,0.912,0.74,0.12,0.0395,133.627,ambient
Sick,Evanescence,-0.9958,0.264,0.694,0.042,28,False,0.574,0.937,0,-3.163,1,0.0641,0.00465,0.0,0.123,0.353,95.035,metalcore
Solitude,Evanescence,0.4143,0.07,0.845,0.085,67,False,0.462,0.15,8,-13.531,1,0.0522,0.984,0.000902,0.105,0.19,98.66,blues
Somebody Like You,Evanescence,0.9986,0.037,0.634,0.329,49,False,0.62,0.851,6,-2.727,0,0.0332,0.136,0.000144,0.0999,0.816,122.011,progressive-house
The Only One,Evanescence,-0.991,0.193,0.807,0.0,57,False,0.685,0.388,11,-13.156,1,0.0333,0.569,8.8e-06,0.11,0.533,128.99,disco
What You Want,Evanescence,-0.9092,0.112,0.783,0.105,17,False,0.77,0.584,4,-5.837,0,0.102,0.288,0.0,0.0926,0.669,114.96,afrobeat
Whisper,Evanescence,-0.9924,0.259,0.716,0.024,16,False,0.685,0.788,8,-6.184,1,0.0789,0.0145,0.896,0.0769,0.457,139.946,club
All Fucked Up,Everclear,-0.9961,0.282,0.576,0.142,56,True,0.511,0.876,11,-4.287,0,0.0337,0.0338,0.0,0.645,0.291,142.056,metalcore
American Girl,Everclear,0.8923,0.088,0.746,0.166,0,False,0.552,0.823,2,-5.988,1,0.0332,0.445,0.000129,0.366,0.775,114.514,folk
Blackjack,Everclear,0.9979,0.072,0.641,0.287,46,True,0.532,0.855,4,-3.014,0,0.301,0.259,0.0,0.112,0.534,136.902,industrial
Brown Eyed Girl,Everclear,0.9521,0.0,0.934,0.066,80,False,0.491,0.583,7,-10.964,1,0.0376,0.185,0.0,0.406,0.908,150.566,folk
Local God,Everclear,0.9529,0.143,0.617,0.24,27,False,0.582,0.954,7,-7.899,1,0.0563,0.000821,0.000309,0.222,0.73,112.003,grunge
Overwhelming,Everclear,-0.652,0.163,0.709,0.128,6,False,0.469,0.159,5,-21.999,1,0.0326,0.875,0.927,0.0652,0.0362,117.975,ambient
Pocahontas,Everclear,0.9527,0.023,0.869,0.108,26,False,0.566,0.585,9,-8.005,1,0.0312,0.385,3.64e-05,0.121,0.52,122.85,bluegrass
Why I Don't Believe In God,Everclear,0.8416,0.119,0.727,0.154,27,False,0.522,0.845,8,-8.176,1,0.149,0.083,0.0,0.982,0.582,168.872,grunge
7 Years,Everlast,0.3734,0.12,0.767,0.112,27,False,0.662,0.268,10,-7.394,1,0.0358,0.858,0.0,0.11,0.394,111.594,acoustic
Angel,Everlast,0.9995,0.105,0.521,0.374,1,False,0.27,0.577,0,-8.195,1,0.0573,0.755,0.123,0.139,0.362,170.254,blues
Anyone,Everlast,-0.9769,0.147,0.83,0.023,53,False,0.371,0.208,11,-13.167,1,0.0462,0.912,0.0,0.105,0.309,199.805,acoustic
Black Jesus,Everlast,-0.9841,0.212,0.626,0.162,53,False,0.839,0.595,10,-9.179,0,0.0499,0.0631,0.825,0.182,0.523,94.759,trip-hop
Broken,Everlast,0.97,0.198,0.546,0.256,70,False,0.448,0.61,3,-2.695,0,0.0342,0.0102,0.000491,0.135,0.214,123.762,alt-rock
Friend,Everlast,-0.973,0.186,0.715,0.099,63,False,0.7,0.494,4,-4.908,1,0.0463,0.742,0.0,0.304,0.229,132.943,indie-pop
Get Down,Everlast,0.9281,0.051,0.865,0.084,50,False,0.489,0.995,5,-0.731,1,0.148,0.000311,0.861,0.347,0.455,174.06,drum-and-bass
Jump Around,Everlast,-0.9628,0.11,0.811,0.079,65,False,0.854,0.71,4,-6.32,0,0.0795,0.0113,9.06e-05,0.166,0.818,106.893,hard-rock
Lonely Road,Everlast,-0.9889,0.266,0.643,0.092,42,False,0.629,0.687,11,-6.215,0,0.0286,0.112,0.881,0.0833,0.341,79.014,trip-hop
Pain,Everlast,0.0,0.178,0.625,0.197,47,False,0.486,0.754,7,-5.932,1,0.05,0.0254,0.699,0.396,0.0854,105.113,club
Tired,Everlast,0.7536,0.093,0.776,0.131,64,False,0.69,0.876,2,-4.159,1,0.059,0.0428,0.0,0.147,0.493,123.994,electro
Today,Everlast,0.9894,0.064,0.777,0.159,47,False,0.742,0.389,9,-15.881,1,0.0391,0.919,0.465,0.108,0.542,115.045,garage
Weakness,Everlast,-0.9955,0.238,0.69,0.072,20,False,0.491,0.83,7,-7.421,0,0.0333,0.00518,0.00164,0.346,0.379,131.984,industrial
Moonlight,Exo,-0.9832,0.218,0.649,0.133,65,True,0.813,0.761,10,-5.687,0,0.085,0.0529,0.0119,0.337,0.29,124.957,edm
Hurt,Exo-K,-0.9926,0.129,0.859,0.012,74,False,0.534,0.392,9,-7.636,0,0.0267,0.649,0.000227,0.0948,0.163,90.379,country
Overdose,Exo-K,0.9845,0.048,0.832,0.12,19,False,0.535,0.944,8,-4.099,0,0.072,0.032,4.82e-06,0.269,0.318,149.991,hardstyle
Ghost,Extreme,-0.9874,0.183,0.78,0.037,32,False,0.622,0.917,7,-3.493,1,0.0414,0.00777,0.0,0.367,0.345,105.022,children
Leave Me Alone,Extreme,0.8783,0.166,0.601,0.232,42,False,0.485,0.245,2,-12.661,0,0.0677,0.782,1.59e-06,0.11,0.178,98.54,chill
Play With Me,Extreme,0.8442,0.063,0.821,0.116,59,False,0.495,0.868,6,-8.89,1,0.0548,0.00586,0.00139,0.111,0.273,101.346,hard-rock
Slide,Extreme,0.0205,0.164,0.677,0.159,32,False,0.627,0.551,4,-9.329,1,0.369,0.667,9.2e-05,0.0896,0.709,119.968,french
Smoke Signals,Extreme,-0.9693,0.214,0.759,0.026,45,False,0.35,0.954,4,-4.562,0,0.233,2.2e-05,0.00238,0.355,0.323,170.088,metalcore
Ghetto,Fabolous,0.9956,0.031,0.835,0.133,11,False,0.683,0.889,11,-10.075,0,0.0389,0.00114,0.671,0.117,0.412,114.005,breakbeat
Hands Up,Fabolous,-0.4812,0.08,0.853,0.067,53,False,0.513,0.879,7,-3.335,1,0.0681,0.0464,0.0,0.283,0.534,159.895,blues
My Time,Fabolous,0.9243,0.051,0.871,0.078,29,False,0.572,0.668,7,-11.602,1,0.0424,0.384,0.0,0.878,0.671,117.589,grunge
One Day,Fabolous,0.9473,0.09,0.786,0.125,51,False,0.407,0.508,9,-9.213,0,0.0324,0.478,1.41e-06,0.18,0.459,79.583,blues
Ready,Fabolous,0.9993,0.035,0.686,0.279,22,True,0.611,0.933,6,-2.483,1,0.304,0.486,0.0,0.241,0.789,106.479,j-dance
Renegade,Fabolous,0.8626,0.105,0.775,0.12,30,False,0.567,0.975,7,-0.357,1,0.139,0.00146,0.424,0.0382,0.75,172.991,drum-and-bass
Respect,Fabolous,0.9872,0.134,0.674,0.192,64,False,0.661,0.838,0,-4.806,1,0.116,0.00491,0.0,0.287,0.526,91.463,k-pop
What's My Name,Fabolous,0.9622,0.094,0.778,0.128,21,True,0.723,0.855,0,-3.619,1,0.192,0.0934,0.0,0.274,0.711,90.998,j-dance
Falling,Face To Face,-0.9833,0.252,0.684,0.065,44,False,0.404,0.903,1,-3.026,1,0.0878,0.00972,0.514,0.0613,0.0954,100.061,club
One Way Or Another,Face To Face,-0.6705,0.059,0.917,0.024,0,False,0.442,0.921,2,-5.086,1,0.0655,0.0532,3.89e-06,0.0767,0.855,162.267,power-pop
Shoot The Moon,Face To Face,-0.8442,0.113,0.861,0.026,1,False,0.573,0.265,0,-12.436,1,0.027,0.903,0.00152,0.094,0.425,74.031,j-pop
Unconditional,Face To Face,-0.9871,0.271,0.607,0.123,52,False,0.409,0.222,10,-11.358,1,0.0281,0.882,0.00426,0.213,0.151,63.419,acoustic
You Lied,Face To Face,-0.4067,0.072,0.869,0.059,30,False,0.175,0.956,9,-4.815,1,0.0832,2.66e-05,1.12e-06,0.148,0.469,159.224,hardcore
Devotion,Faces,0.9128,0.031,0.808,0.161,57,False,0.389,0.178,6,-19.052,0,0.0339,0.806,0.956,0.819,0.0651,117.983,chill
Flying,Faces,0.6015,0.111,0.746,0.143,27,False,0.449,0.934,2,-8.862,1,0.923,0.881,0.0,0.766,0.0913,55.437,comedy
I Wish It Would Rain,Faces,-0.9763,0.229,0.643,0.128,0,False,0.361,0.633,3,-5.652,1,0.12,0.294,0.0,0.281,0.523,181.219,funk
I'd Rather Go Blind,Faces,0.1261,0.11,0.796,0.094,71,False,0.477,0.433,11,-6.473,0,0.0247,0.689,0.000195,0.151,0.611,82.52,blues
Nobody Knows,Faces,-0.8053,0.147,0.779,0.074,56,False,0.313,0.00821,7,-34.243,1,0.0504,0.993,0.941,0.107,0.209,66.695,ambient
Too Bad,Faces,-0.858,0.129,0.781,0.09,60,False,0.598,0.808,10,-5.209,1,0.0388,0.00304,0.0,0.147,0.288,128.025,grunge
Back To You,Faith Hill,-0.3291,0.095,0.816,0.089,43,False,0.448,0.256,5,-10.17,1,0.0483,0.875,0.0,0.113,0.174,77.272,acoustic
Come Home,Faith Hill,-0.9847,0.15,0.788,0.062,22,False,0.629,0.62,11,-4.431,0,0.091,0.0174,5e-05,0.2,0.474,127.161,j-dance
Cry,Faith Hill,-0.9851,0.207,0.707,0.086,76,False,0.406,0.399,7,-10.449,1,0.0278,0.756,0.678,0.112,0.163,142.83,ambient
Fireflies,Faith Hill,0.9909,0.006,0.828,0.166,79,False,0.512,0.662,3,-6.797,1,0.0439,0.0275,0.0,0.118,0.472,180.114,indie-pop
Free,Faith Hill,0.9982,0.11,0.612,0.279,5,False,0.674,0.9,9,-6.293,0,0.0386,0.00617,0.516,0.322,0.77,126.01,deep-house
Holly Jolly Christmas,Faith Hill,0.9917,0.0,0.69,0.31,1,False,0.699,0.487,9,-8.28,1,0.0326,0.717,5.69e-06,0.0986,0.665,136.042,country
How Do I Live,Faith Hill,-0.0629,0.079,0.876,0.046,69,False,0.577,0.462,2,-7.989,1,0.0279,0.128,0.0,0.0822,0.258,128.303,country
It's Your Love,Faith Hill,0.9957,0.033,0.747,0.22,31,False,0.805,0.259,6,-14.105,0,0.13,0.0081,0.884,0.0937,0.853,126.378,detroit-techno
Let's Make Love,Faith Hill,0.994,0.01,0.755,0.235,0,True,0.35,0.459,5,-8.618,1,0.0274,0.339,0.0,0.111,0.153,147.035,country
Me,Faith Hill,0.9121,0.08,0.769,0.151,54,True,0.601,0.767,11,-6.374,0,0.0316,0.000231,0.953,0.388,0.486,113.519,metalcore
One,Faith Hill,0.9365,0.093,0.742,0.165,58,False,0.557,0.933,6,-3.7,0,0.035,2.14e-05,8.66e-06,0.117,0.435,110.946,grunge
Over The Rainbow,Faith Hill,0.8579,0.053,0.793,0.154,24,False,0.489,0.901,6,-1.337,1,0.0483,0.025,0.0,0.242,0.331,135.036,j-idol
Paris,Faith Hill,-0.9308,0.106,0.831,0.063,74,False,0.653,0.658,2,-6.428,1,0.0304,0.0215,1.66e-06,0.0939,0.219,99.99,dance
Peace In The Valley,Faith Hill,0.9765,0.178,0.569,0.252,35,False,0.535,0.431,2,-7.026,1,0.0261,0.703,7.21e-06,0.113,0.326,70.887,honky-tonk
Santa Claus Is Coming To Town,Faith Hill,0.9902,0.016,0.778,0.206,0,False,0.543,0.933,7,-3.94,1,0.108,0.00178,0.0,0.0407,0.657,145.015,children
Shadows,Faith Hill,0.986,0.054,0.742,0.203,29,False,0.393,0.757,6,-8.223,0,0.0287,0.157,0.00597,0.131,0.726,156.675,bluegrass
Epic,Faith No More,-0.953,0.103,0.821,0.075,0,False,0.358,0.899,4,-7.069,0,0.134,0.0112,0.122,0.195,0.27,174.298,alt-rock
I Started A Joke,Faith No More,-0.5719,0.122,0.767,0.111,67,False,0.31,0.464,7,-8.755,1,0.0275,0.156,8.94e-06,0.132,0.431,144.775,disco
The Morning After,Faith No More,-0.8638,0.173,0.702,0.124,53,False,0.879,0.456,9,-9.695,0,0.112,0.00551,0.865,0.0819,0.238,120.991,electronic
Shake,Falco,-0.9746,0.224,0.713,0.062,0,True,0.812,0.702,6,-3.922,1,0.0497,0.118,0.000733,0.0603,0.679,90.0,dancehall
Untitled,Fall Out Boy,-0.8079,0.105,0.816,0.079,13,False,0.164,0.325,8,-4.07,1,0.0588,2.3e-06,0.991,0.0631,0.352,92.145,grindcore
Young Volcanoes,Fall Out Boy,0.966,0.068,0.749,0.183,58,False,0.599,0.853,11,-3.878,0,0.0365,0.00123,0.000504,0.37,0.676,94.997,emo
Yule Shoot Your Eye Out,Fall Out Boy,0.9938,0.043,0.717,0.24,0,False,0.668,0.522,4,-7.42,1,0.0311,0.696,0.0,0.609,0.718,107.979,emo
Drifting Away,Fastball,0.9389,0.07,0.812,0.118,21,False,0.234,0.277,2,-23.213,0,0.0772,0.868,0.682,0.379,0.131,124.469,new-age
Out Of My Head,Fastball,-0.9915,0.185,0.808,0.007,48,True,0.368,0.657,2,-3.362,0,0.0425,0.0352,8.37e-05,0.179,0.0803,170.312,dub
Red Light,Fastball,0.9917,0.0,0.779,0.221,12,False,0.725,0.705,1,-15.537,1,0.33,0.0457,0.0,0.263,0.477,120.095,kids
Vampires,Fastball,0.9669,0.047,0.76,0.194,21,False,0.879,0.731,1,-9.609,1,0.0715,0.0584,0.455,0.0595,0.945,119.997,afrobeat
Over,Fifth Harmony,0.9047,0.118,0.718,0.165,27,False,0.371,0.51,0,-8.942,1,0.0468,0.296,8.19e-05,0.0952,0.147,113.32,acoustic
Reflection,Fifth Harmony,0.9949,0.06,0.781,0.159,17,False,0.546,0.952,9,-1.51,1,0.0414,0.0075,0.743,0.243,0.239,149.971,drum-and-bass
Worth It,Fifth Harmony,0.9987,0.018,0.772,0.21,64,False,0.858,0.78,8,-3.739,1,0.0738,0.0478,5.72e-05,0.133,0.602,99.984,dance
Bridge Over Troubled Water,Fiona Apple,-0.9616,0.23,0.67,0.1,59,False,0.21,0.236,0,-14.48,1,0.0278,0.86,0.00182,0.713,0.196,82.833,rock-n-roll
Carrion,Fiona Apple,0.9138,0.123,0.671,0.206,60,False,0.228,0.969,6,-4.07,0,0.1,0.000275,0.0,0.0982,0.428,155.212,metalcore
Criminal,Fiona Apple,0.9853,0.154,0.597,0.249,60,False,0.701,0.966,0,-5.36,1,0.0568,0.063,0.0662,0.0761,0.834,132.015,dance
Paper Bag,Fiona Apple,-0.9895,0.269,0.588,0.143,65,False,0.709,0.446,0,-9.904,1,0.037,0.716,2.39e-05,0.11,0.843,140.993,piano
Regret,Fiona Apple,-0.9939,0.216,0.742,0.042,62,False,0.348,0.636,5,-4.139,0,0.0577,0.467,0.0,0.0944,0.466,73.416,hip-hop
Werewolf,Fiona Apple,0.9915,0.031,0.778,0.19,61,False,0.495,0.951,10,-3.01,0,0.149,0.0006,0.0,0.116,0.515,95.01,metalcore
Black Magic Woman,Fleetwood Mac,0.9945,0.118,0.544,0.338,62,False,0.497,0.552,9,-7.102,0,0.0307,0.679,0.0314,0.089,0.633,124.359,blues
Can't Go Back,Fleetwood Mac,-0.7003,0.079,0.884,0.036,41,False,0.559,0.241,3,-10.688,1,0.0289,0.963,2.3e-05,0.187,0.142,118.916,acoustic
Caroline,Fleetwood Mac,-0.9831,0.338,0.587,0.075,52,False,0.622,0.357,9,-15.463,1,0.0496,0.936,0.315,0.113,0.39,97.077,bluegrass
Come,Fleetwood Mac,0.9867,0.073,0.739,0.188,60,False,0.818,0.783,1,-6.534,1,0.0444,0.232,0.00886,0.0803,0.819,99.992,french
Come A Little Bit Closer,Fleetwood Mac,0.9374,0.031,0.866,0.104,65,False,0.636,0.684,3,-9.302,1,0.057,0.52,0.0015,0.534,0.881,132.509,r-n-b
Coming Home,Fleetwood Mac,0.8485,0.078,0.686,0.237,56,False,0.625,0.81,10,-5.995,1,0.033,0.146,2.72e-05,0.135,0.741,104.066,acoustic
Do You Know,Fleetwood Mac,0.9875,0.083,0.726,0.191,58,False,0.697,0.796,1,-3.685,0,0.0742,0.155,0.0,0.162,0.312,85.002,pop-film
Dreams,Fleetwood Mac,0.9896,0.096,0.667,0.237,0,False,0.619,0.719,9,-8.502,1,0.0465,0.0185,0.0,0.17,0.57,98.799,british
Dust,Fleetwood Mac,-0.8779,0.13,0.799,0.071,56,False,0.112,0.123,4,-23.025,0,0.0433,0.964,0.696,0.103,0.0298,92.617,german
Emerald Eyes,Fleetwood Mac,0.9769,0.0,0.846,0.154,55,False,0.477,0.0489,4,-17.039,1,0.0611,0.929,0.0,0.0686,0.356,200.082,singer-songwriter
Gypsy,Fleetwood Mac,0.9834,0.067,0.74,0.193,46,False,0.632,0.515,4,-12.226,0,0.0307,0.389,0.928,0.407,0.522,113.947,new-age
Hard Feelings,Fleetwood Mac,-0.6068,0.17,0.73,0.1,35,False,0.232,0.966,0,-3.12,0,0.151,3.98e-05,1.19e-05,0.215,0.572,169.751,emo
Hold Me,Fleetwood Mac,-0.7621,0.084,0.893,0.023,42,False,0.75,0.666,0,-7.155,1,0.0315,0.0844,0.00253,0.118,0.53,109.982,deep-house
Hypnotized,Fleetwood Mac,0.9681,0.029,0.812,0.159,59,False,0.689,0.812,11,-5.084,0,0.0995,0.0977,0.000308,0.109,0.706,108.064,deep-house
I Wonder Why,Fleetwood Mac,-0.2006,0.087,0.854,0.059,13,False,0.669,0.874,1,-6.072,1,0.0562,0.00301,0.926,0.128,0.497,122.303,chicago-house
Landslide,Fleetwood Mac,0.9666,0.0,0.862,0.138,49,False,0.483,0.143,1,-11.535,1,0.035,0.958,0.0,0.119,0.342,104.932,acoustic
Merry Go Round,Fleetwood Mac,0.9938,0.054,0.579,0.367,21,False,0.488,0.0222,1,-26.141,1,0.0479,0.993,0.933,0.191,0.419,109.875,new-age
Miranda,Fleetwood Mac,-0.9343,0.125,0.817,0.058,26,False,0.524,0.578,7,-5.974,1,0.0267,0.000971,6.55e-06,0.326,0.29,75.032,acoustic
Nothing Without You,Fleetwood Mac,0.9305,0.068,0.771,0.162,45,False,0.542,0.401,5,-16.567,1,0.029,0.0493,0.00254,0.109,0.764,126.57,folk
Oh Baby,Fleetwood Mac,0.9705,0.0,0.854,0.146,55,False,0.695,0.8,8,-5.011,1,0.0345,0.0278,0.00118,0.118,0.39,124.022,deep-house
One More Night,Fleetwood Mac,-0.9826,0.234,0.669,0.097,29,False,0.548,0.47,7,-9.87,1,0.0351,0.848,0.222,0.144,0.797,73.796,bluegrass
Over My Head,Fleetwood Mac,0.984,0.097,0.638,0.265,50,True,0.425,0.509,1,-5.455,0,0.0332,0.214,0.000189,0.108,0.0374,140.158,dubstep
Remember Me,Fleetwood Mac,0.2328,0.022,0.922,0.057,67,False,0.84,0.344,5,-8.613,0,0.0374,0.456,3.36e-05,0.35,0.526,111.994,chill
Save Me,Fleetwood Mac,0.9989,0.005,0.638,0.357,59,False,0.751,0.645,1,-8.231,1,0.031,0.0169,0.000101,0.117,0.642,122.026,deep-house
Seven Wonders,Fleetwood Mac,0.9969,0.034,0.704,0.263,23,False,0.619,0.32,7,-12.581,1,0.0264,0.729,0.00265,0.105,0.233,108.839,bluegrass
GDFR,Flo-Rida,-0.9712,0.1,0.87,0.03,1,False,0.657,0.827,5,-4.034,1,0.0736,0.000698,0.0053,0.065,0.69,145.887,dance
Priceless,Flo-Rida,-0.986,0.141,0.789,0.07,65,False,0.665,0.572,5,-9.611,0,0.262,0.37,0.0,0.282,0.634,146.9,hip-hop
Rear View,Flo-Rida,0.9978,0.04,0.806,0.154,50,False,0.668,0.465,5,-10.147,0,0.0552,0.374,0.00958,0.109,0.0686,139.915,soul
Rewind,Flo-Rida,0.9543,0.091,0.793,0.117,46,True,0.704,0.882,1,-4.297,1,0.0522,0.0493,2.44e-05,0.0886,0.418,167.013,dub
Rihanna,Flo-Rida,-0.9973,0.208,0.729,0.062,58,True,0.553,0.484,11,-9.757,0,0.224,0.146,0.0,0.0915,0.772,130.252,dancehall
Run,Flo-Rida,-0.9455,0.096,0.829,0.076,55,False,0.336,0.173,11,-14.492,0,0.0477,0.99,0.927,0.076,0.0374,118.564,ambient
Run To You,Flo-Rida,0.6966,0.055,0.861,0.084,1,False,0.559,0.863,4,-4.704,1,0.0267,0.00229,8.29e-06,0.201,0.646,126.417,rock
Takeover,Flo-Rida,-0.9894,0.092,0.872,0.036,65,True,0.788,0.752,1,-3.823,1,0.0843,0.0711,0.0,0.61,0.236,140.032,hip-hop
Touch Me,Flo-Rida,0.9962,0.033,0.776,0.191,54,False,0.788,0.86,6,-5.988,0,0.048,0.264,0.000321,0.0687,0.853,104.982,indian
Troublemaker,Flo-Rida,-0.9989,0.299,0.581,0.119,35,False,0.853,0.625,9,-6.449,1,0.156,0.000772,0.0205,0.373,0.861,129.97,club
Aurora,Foo Fighters,-0.9607,0.132,0.778,0.09,27,False,0.178,0.0949,0,-23.573,1,0.0612,0.796,0.848,0.119,0.177,106.237,ambient
Burn Away,Foo Fighters,0.9169,0.032,0.875,0.093,22,False,0.355,0.846,4,-6.12,0,0.0384,0.000174,0.259,0.257,0.504,159.973,industrial
Butterflies,Foo Fighters,-0.9162,0.231,0.656,0.113,61,False,0.858,0.359,8,-12.197,1,0.0437,0.146,3.58e-06,0.101,0.432,99.989,chill
Everlong,Foo Fighters,0.9508,0.013,0.879,0.107,84,False,0.413,0.881,11,-5.541,0,0.0367,5.99e-05,0.000308,0.0805,0.364,158.066,alt-rock
Generator,Foo Fighters,-0.5859,0.14,0.724,0.136,48,False,0.405,0.957,5,-1.318,0,0.0627,0.0343,0.142,0.0988,0.0779,173.985,drum-and-bass
Halo,Foo Fighters,0.882,0.161,0.639,0.2,22,False,0.41,0.618,11,-8.491,1,0.0439,0.0042,0.000592,0.327,0.267,100.035,black-metal
Have It All,Foo Fighters,-0.6059,0.039,0.947,0.014,65,False,0.643,0.638,1,-4.947,0,0.0407,0.204,0.0,0.0707,0.6,82.001,acoustic
Kids In America,Foo Fighters,-0.8283,0.078,0.869,0.053,70,False,0.557,0.782,4,-3.899,1,0.0475,0.0953,6.75e-06,0.118,0.305,159.621,disco
Outside,Foo Fighters,-0.9853,0.165,0.826,0.009,65,False,0.587,0.639,6,-6.883,0,0.0769,0.0924,4.53e-06,0.269,0.258,94.927,chill
The Sign,Foo Fighters,0.9267,0.053,0.865,0.082,29,False,0.577,0.895,7,-2.842,0,0.0334,0.00793,0.000204,0.311,0.927,109.992,rockabilly
Times Like These,Foo Fighters,0.9801,0.022,0.763,0.215,66,False,0.437,0.935,8,-4.278,0,0.0675,0.0102,0.0,0.135,0.593,73.722,groove
Tired Of You,Foo Fighters,0.9843,0.152,0.603,0.245,43,False,0.369,0.643,3,-5.098,1,0.0346,0.00323,0.0,0.0907,0.212,175.233,grunge
Rain,Foreigner,0.9235,0.08,0.792,0.128,58,False,0.626,0.655,9,-6.69,1,0.0263,0.503,0.0,0.13,0.542,92.003,acoustic
All Or Nothing,Frank Sinatra,-0.5446,0.147,0.748,0.105,16,False,0.544,0.954,11,-3.296,0,0.0327,1.31e-05,0.593,0.103,0.319,140.016,breakbeat
"Anytime, Anywhere",Frank Sinatra,0.929,0.099,0.702,0.199,20,False,0.684,0.867,0,-3.681,1,0.0656,0.00493,1.8e-06,0.416,0.61,104.091,j-idol
Bang Bang (My Baby Shot Me Down),Frank Sinatra,-0.743,0.099,0.844,0.057,66,False,0.433,0.174,5,-18.791,0,0.0537,0.982,0.101,0.111,0.366,95.802,folk
Brazil,Frank Sinatra,0.9686,0.0,0.82,0.18,80,False,0.687,0.617,4,-5.213,1,0.0287,0.0941,1.27e-05,0.0898,0.665,121.079,alt-rock
Dancing On The Ceiling,Frank Sinatra,0.9937,0.054,0.62,0.326,0,False,0.688,0.874,0,-6.456,1,0.0521,0.121,0.0,0.394,0.709,133.214,disco
Day By Day,Frank Sinatra,0.9792,0.049,0.685,0.266,0,False,0.413,0.24,9,-15.817,0,0.0354,0.343,0.0,0.0741,0.339,77.712,brazil
Dolores,Frank Sinatra,0.9604,0.073,0.709,0.218,16,False,0.619,0.475,0,-12.042,1,0.0339,0.755,2.85e-05,0.133,0.542,119.214,honky-tonk
Downtown,Frank Sinatra,0.9735,0.119,0.697,0.184,72,False,0.775,0.679,4,-4.985,0,0.135,0.18,7.26e-05,0.068,0.619,166.008,funk
Happy Together,Frank Zappa,0.9947,0.017,0.739,0.244,76,False,0.584,0.367,6,-9.638,0,0.0328,0.55,1.38e-05,0.0818,0.588,120.175,folk
War,Frankie Goes To Hollywood,-0.9775,0.245,0.624,0.131,46,False,0.178,0.785,9,-11.093,1,0.0476,0.0077,0.0161,0.239,0.535,175.939,black-metal
Granada,Frankie Laine,0.9726,0.036,0.777,0.187,19,False,0.244,0.468,11,-11.832,0,0.0454,0.949,0.309,0.157,0.391,163.204,opera
"Hey, Good Lookin'",Frankie Laine,0.97,0.014,0.828,0.159,50,False,0.785,0.365,7,-9.963,1,0.0377,0.801,0.0,0.0662,0.913,141.167,honky-tonk
Some Day,Frankie Laine,0.91,0.0,0.879,0.121,21,False,0.68,0.152,8,-10.945,1,0.19,0.885,0.0,0.176,0.529,138.624,bluegrass
Wanted Man,Frankie Laine,-0.4997,0.127,0.743,0.13,59,False,0.514,0.319,3,-8.978,1,0.0941,0.805,0.0,0.211,0.677,203.651,acoustic
Call Me,Frankie Valli,0.9825,0.014,0.874,0.112,23,False,0.38,0.468,1,-4.245,1,0.0318,0.243,0.0,0.0973,0.303,143.504,acoustic
Take Good Care Of My Baby,Frankie Valli,0.9944,0.016,0.695,0.289,55,False,0.487,0.441,1,-11.297,1,0.0722,0.761,0.0,0.15,0.604,82.707,rockabilly
What A Wonderful World,Frankie Valli,0.9901,0.053,0.696,0.25,27,False,0.4,0.0859,10,-19.98,1,0.0325,0.989,0.648,0.119,0.147,140.15,disney
Will You Love Me Tomorrow,Frankie Valli,0.9985,0.019,0.552,0.429,64,False,0.527,0.308,0,-11.809,1,0.0284,0.551,4.25e-05,0.0921,0.514,136.297,rock-n-roll
Going Down,Freddie King,0.9485,0.0,0.826,0.174,61,False,0.565,0.526,0,-11.352,1,0.0365,0.0339,0.000119,0.11,0.637,167.936,blues
Sail On,Free,0.4019,0.087,0.815,0.098,0,False,0.463,0.55,1,-9.513,1,0.0394,0.459,0.0004,0.0667,0.452,143.475,disco
Till I Found You,Freestyle,-0.9748,0.17,0.748,0.082,47,False,0.368,0.681,4,-6.451,1,0.0689,0.0645,0.0,0.0666,0.185,125.071,world-music
It Gets Better,Fun.,0.999,0.059,0.549,0.393,55,False,0.737,0.707,0,-6.979,1,0.0369,0.00272,0.447,0.283,0.0608,118.979,progressive-house
The Gambler,Fun.,0.9947,0.064,0.754,0.182,75,False,0.671,0.501,4,-13.119,1,0.0594,0.342,0.0,0.194,0.86,87.04,country
Mr. Blue,Garth Brooks,0.922,0.086,0.777,0.137,56,False,0.374,0.0889,4,-17.475,1,0.0356,0.931,6.88e-06,0.111,0.211,96.677,rock-n-roll
The Dance,Garth Brooks,0.5346,0.128,0.726,0.146,12,False,0.763,0.963,8,-8.451,0,0.0677,0.0343,0.894,0.108,0.655,128.939,detroit-techno
Berserker,Gary Numan,-0.1154,0.057,0.871,0.073,45,False,0.221,0.809,10,-2.879,1,0.0665,0.00218,4.27e-05,0.138,0.0945,118.021,dubstep
Blue Eyes,Gary Numan,0.9876,0.087,0.575,0.338,68,False,0.77,0.51,10,-5.469,0,0.192,0.137,0.000106,0.0346,0.533,188.067,hip-hop
Conversation,Gary Numan,0.4485,0.094,0.794,0.112,23,False,0.619,0.778,8,-7.971,0,0.027,0.0494,0.201,0.136,0.64,102.993,goth
Hunger,Gary Numan,-0.3855,0.164,0.714,0.122,56,False,0.442,0.632,1,-6.77,1,0.0295,0.426,0.00419,0.0735,0.196,78.899,acoustic
Ice,Gary Numan,-0.7683,0.127,0.804,0.069,42,False,0.554,0.0666,4,-19.071,0,0.0716,0.916,0.669,0.0918,0.218,74.877,guitar
Moral,Gary Numan,0.1945,0.162,0.685,0.153,38,False,0.815,0.899,2,-5.013,1,0.0789,0.0955,1.02e-06,0.324,0.856,106.037,samba
Prophecy,Gary Numan,-0.9524,0.264,0.566,0.171,18,False,0.758,0.812,11,-4.21,1,0.158,0.00817,0.00672,0.284,0.379,172.031,drum-and-bass
The Fall,Gary Numan,-0.9927,0.283,0.582,0.135,23,False,0.537,0.689,7,-4.663,1,0.0296,0.0647,0.0,0.562,0.651,96.355,bluegrass
Hang On,Gary Valenciano,-0.3558,0.089,0.842,0.068,59,False,0.734,0.322,1,-13.418,1,0.0387,0.785,0.876,0.378,0.0785,124.043,anime
Dodo,Genesis,-0.6133,0.114,0.793,0.093,22,False,0.756,0.577,11,-13.623,0,0.0296,0.0071,0.0055,0.194,0.889,130.812,disney
Dusk,Genesis,-0.8796,0.162,0.747,0.091,39,False,0.63,0.82,0,-7.534,1,0.034,0.218,4.06e-05,0.147,0.397,126.015,dubstep
In Limbo,Genesis,0.9276,0.122,0.683,0.195,6,False,0.807,0.654,2,-9.884,1,0.0592,0.000305,0.923,0.058,0.406,124.991,detroit-techno
Tell Me Why,Genesis,-0.9175,0.144,0.754,0.101,34,False,0.392,0.828,7,-3.842,0,0.129,0.00385,0.000478,0.127,0.0946,139.964,dub
7 Deadly Sins,George Harrison,-0.9709,0.163,0.76,0.077,21,True,0.531,0.921,2,-13.488,0,0.0804,0.00179,8.05e-06,0.141,0.187,115.013,death-metal
Dark Horse,George Harrison,0.5074,0.074,0.836,0.09,0,False,0.647,0.585,6,-6.123,1,0.0512,0.00314,0.0,0.165,0.353,131.934,dance
If Not For You,George Harrison,-0.9317,0.112,0.87,0.017,13,False,0.588,0.294,2,-13.742,1,0.0261,0.918,0.000136,0.0888,0.575,102.404,honky-tonk
Knockin' On Heaven's Door,George Harrison,0.9926,0.047,0.664,0.289,73,False,0.513,0.396,7,-13.061,1,0.0299,0.251,0.177,0.11,0.229,140.208,country
Rising Sun,George Harrison,-0.9601,0.111,0.845,0.044,0,False,0.135,0.000804,4,-34.772,1,0.0507,0.968,0.728,0.108,0.0346,141.93,sleep
Save The World,George Harrison,0.9136,0.136,0.679,0.185,37,False,0.498,0.796,9,-2.1,0,0.0436,0.0499,0.0,0.109,0.278,112.853,club
She's My Baby,George Harrison,0.9488,0.024,0.86,0.116,19,False,0.705,0.755,4,-9.753,0,0.0511,0.0419,0.363,0.0754,0.522,96.088,trip-hop
This Is Love,George Harrison,0.9981,0.035,0.582,0.383,49,False,0.683,0.459,11,-8.848,1,0.119,0.257,0.000102,0.0759,0.287,93.083,acoustic
Back In My Baby's Arms Again,George Jones,0.9779,0.026,0.806,0.168,12,False,0.614,0.415,9,-10.523,1,0.0268,0.733,0.0,0.263,0.748,95.987,honky-tonk
Country Christmas,George Jones,0.9709,0.014,0.841,0.146,0,False,0.783,0.386,9,-10.36,1,0.0395,0.795,4.92e-05,0.129,0.834,99.322,country
Don't Leave Without Taking Your Silver,George Jones,-0.3472,0.038,0.935,0.027,10,False,0.604,0.205,9,-16.101,1,0.0391,0.698,0.0,0.161,0.309,87.049,honky-tonk
Don't Send Me No Angels,George Jones,0.8824,0.047,0.824,0.129,19,False,0.531,0.256,5,-14.161,1,0.0253,0.411,1.24e-05,0.377,0.355,82.246,honky-tonk
God's Gonna Get 'Cha (For That),George Jones,0.7184,0.091,0.806,0.104,13,False,0.75,0.524,5,-11.127,1,0.0603,0.791,0.0,0.657,0.962,105.563,honky-tonk
Ain't Nobody,George Michael,0.9904,0.066,0.725,0.209,0,False,0.824,0.766,10,-12.393,0,0.0457,0.223,6.34e-05,0.116,0.724,104.8,disco
Back To Life,George Michael,0.2399,0.085,0.802,0.113,0,False,0.817,0.484,7,-11.659,1,0.143,0.0515,0.000213,0.0391,0.671,100.978,british
Don't Let The Sun Go Down On Me,George Michael,0.9874,0.105,0.685,0.21,62,False,0.424,0.446,0,-8.526,1,0.0261,0.121,1.89e-06,0.0921,0.354,139.701,piano
Flawless,George Michael,0.9905,0.101,0.729,0.17,70,True,0.568,0.871,0,-3.453,1,0.0308,0.0553,0.51,0.303,0.374,119.99,alt-rock
I Can't Make You Love Me,George Michael,-0.9935,0.218,0.755,0.027,51,False,0.407,0.222,5,-7.991,0,0.0324,0.853,2.03e-06,0.11,0.204,123.618,acoustic
I'm Your Man,George Michael,0.9939,0.048,0.773,0.178,62,False,0.756,0.837,2,-6.943,1,0.051,0.297,0.0,0.0567,0.588,132.146,disco
Last Christmas,George Michael,0.9934,0.115,0.676,0.209,29,False,0.686,0.285,5,-10.912,1,0.0291,0.689,0.0,0.129,0.672,103.995,acoustic
You've Changed,George Michael,0.8942,0.124,0.704,0.172,33,False,0.512,0.902,1,-2.625,1,0.382,0.00991,3.88e-06,0.109,0.3,112.534,breakbeat
All I Want For Christmas (Is My Two Front Teeth),George Strait,0.992,0.014,0.783,0.203,0,False,0.771,0.158,6,-10.374,0,0.0621,0.895,0.0,0.144,0.504,130.072,jazz
Carried Away,George Strait,0.7783,0.016,0.897,0.087,18,False,0.634,0.872,1,-6.77,1,0.104,0.0116,0.0164,0.615,0.756,183.941,breakbeat
Christmas Cookies,George Strait,0.9961,0.046,0.694,0.26,0,False,0.743,0.621,0,-10.742,1,0.0651,0.465,0.0,0.108,0.865,90.384,country
Heartland,George Strait,0.3182,0.035,0.904,0.061,22,False,0.309,0.434,11,-11.351,0,0.0356,0.474,0.00155,0.317,0.462,91.026,opera
Maria,George Strait,-0.8616,0.096,0.859,0.045,26,True,0.633,0.832,0,-6.84,1,0.0863,0.0274,7.57e-06,0.0957,0.838,130.912,acoustic
Crazy Life,Gino Vannelli,-0.9582,0.241,0.641,0.117,28,False,0.705,0.798,9,-6.327,1,0.115,0.000189,8.72e-05,0.0888,0.365,111.025,industrial
Lady,Gino Vannelli,0.9839,0.016,0.724,0.26,18,False,0.747,0.858,1,-8.081,1,0.0544,0.302,8.49e-05,0.115,0.536,106.693,afrobeat
Shame,Gino Vannelli,-0.9957,0.258,0.646,0.096,53,False,0.619,0.299,2,-7.744,1,0.0279,0.846,4.99e-05,0.243,0.31,115.405,acoustic
Wild Horses,Gino Vannelli,0.9093,0.085,0.764,0.151,55,False,0.435,0.295,7,-9.773,1,0.0264,0.774,0.0247,0.0769,0.15,141.293,british
Addicted To Love,Glee,0.9985,0.012,0.613,0.374,0,False,0.669,0.81,2,-6.854,1,0.0341,0.408,8.58e-06,0.0614,0.966,111.58,blues
As If We Never Said Goodbye,Glee,0.4041,0.112,0.783,0.105,25,False,0.326,0.263,3,-9.668,1,0.0375,0.599,2.3e-06,0.221,0.229,111.109,club
Buenos Aires,Glee,0.9485,0.031,0.876,0.093,27,False,0.674,0.754,0,-6.643,1,0.158,0.315,2.39e-05,0.431,0.538,119.753,show-tunes
Cool,Glee,0.9145,0.155,0.609,0.236,48,False,0.825,0.63,6,-9.159,0,0.0517,0.0378,9.88e-06,0.0542,0.596,119.988,groove
Dark Side,Glee,0.9986,0.017,0.656,0.326,2,False,0.713,0.55,9,-5.982,1,0.065,0.613,1.12e-06,0.0887,0.13,138.07,alt-rock
Defying Gravity,Glee,0.9742,0.035,0.8,0.165,46,False,0.295,0.691,6,-4.322,1,0.0307,0.00564,0.0,0.162,0.178,151.598,show-tunes
Everybody Hurts,Glee,-0.9798,0.256,0.645,0.1,75,False,0.467,0.324,2,-10.451,1,0.0255,0.615,0.0248,0.118,0.166,94.301,alt-rock
Everybody Talks,Glee,0.9535,0.064,0.808,0.128,80,False,0.471,0.924,8,-3.906,1,0.0586,0.00301,0.0,0.313,0.725,154.961,alt-rock
Forget You,Glee,0.9973,0.162,0.563,0.275,40,True,0.545,0.904,1,-2.956,1,0.0663,0.0297,0.0,0.064,0.839,159.979,emo
Gloria,Glee,0.9042,0.009,0.942,0.049,65,False,0.776,0.743,9,-6.807,1,0.0289,0.107,0.293,0.149,0.84,131.343,disco
Here Comes The Sun,Glee,0.9841,0.014,0.801,0.185,58,False,0.652,0.777,10,-8.303,1,0.0317,0.00612,0.603,0.102,0.0715,124.97,deep-house
"Hey, Soul Sister",Glee,0.9644,0.034,0.848,0.118,82,False,0.673,0.886,1,-4.44,0,0.0431,0.185,0.0,0.0826,0.795,97.012,rock
I Kissed A Girl,Glee,0.9946,0.102,0.617,0.281,49,False,0.687,0.756,9,-3.601,0,0.0596,0.00335,0.0,0.0663,0.623,130.043,club
It's Time,Glee,0.7551,0.061,0.86,0.079,72,False,0.656,0.884,2,-4.748,1,0.0372,0.0162,0.0,0.144,0.86,105.009,rock
Just The Way You Are,Glee,0.998,0.036,0.698,0.266,43,False,0.606,0.719,8,-6.77,1,0.039,0.00864,0.0,0.0765,0.366,108.985,club
L-O-V-E,Glee,0.996,0.0,0.688,0.312,0,False,0.425,0.373,4,-7.543,1,0.0801,0.686,0.0,0.077,0.663,78.231,jazz
Lean On Me,Glee,0.9716,0.05,0.854,0.097,1,False,0.636,0.516,0,-9.945,1,0.0318,0.708,6.34e-05,0.0699,0.472,77.883,british
Let It Be,Glee,0.9747,0.029,0.847,0.124,44,False,0.665,0.7,8,-6.781,1,0.0663,0.126,4.52e-06,0.116,0.861,172.0,indian
Let Me Love You,Glee,0.9981,0.043,0.747,0.211,84,False,0.649,0.716,8,-5.371,1,0.0349,0.0863,2.63e-05,0.135,0.163,99.988,dance
Light Up The World,Glee,0.9907,0.041,0.832,0.126,43,False,0.689,0.796,10,-5.472,1,0.0406,0.000599,0.0,0.12,0.856,118.03,club
Listen,Glee,0.1901,0.046,0.899,0.055,19,False,0.702,0.826,5,-7.357,1,0.0312,0.0345,0.00338,0.0414,0.867,112.03,trip-hop
Here We Go Again,Glen Campbell,0.7845,0.077,0.792,0.131,44,False,0.535,0.842,4,-3.094,1,0.0846,0.132,0.0,0.148,0.598,152.807,drum-and-bass
I'm Gonna Love You,Glen Campbell,0.9874,0.042,0.666,0.292,66,False,0.519,0.445,0,-5.452,0,0.206,0.434,0.0,0.258,0.505,200.021,k-pop
Let It Be Me,Glen Campbell,0.9906,0.064,0.622,0.314,58,False,0.614,0.283,0,-8.008,1,0.027,0.472,0.0,0.114,0.331,107.673,acoustic
Unconditional Love,Glen Campbell,0.9945,0.022,0.712,0.266,31,False,0.678,0.735,7,-5.626,1,0.0323,0.024,0.0106,0.0847,0.963,145.898,ska
You Win Again,Glen Campbell,0.9901,0.146,0.54,0.314,65,False,0.547,0.831,11,-11.298,0,0.0319,0.0874,8.34e-06,0.222,0.909,168.581,disco
You'll Never Walk Alone,Glen Campbell,0.9464,0.0,0.805,0.195,58,False,0.474,0.365,0,-5.446,1,0.0306,0.251,2.02e-06,0.186,0.219,113.207,british
You're The One,Glen Campbell,0.5305,0.024,0.938,0.038,63,False,0.553,0.807,2,-5.805,1,0.0428,0.0125,0.00222,0.302,0.575,151.916,blues
Can't Forget You,Gloria Estefan,-0.8712,0.164,0.71,0.125,52,False,0.333,0.704,6,-5.528,1,0.0378,0.00374,0.0,0.0848,0.203,166.157,grunge
Christmas Through Your Eyes,Gloria Estefan,0.9593,0.026,0.863,0.111,0,False,0.584,0.579,1,-7.347,1,0.024,0.428,3.66e-05,0.302,0.256,99.024,country
Close My Eyes,Gloria Estefan,0.8811,0.045,0.861,0.094,18,False,0.674,0.885,4,-3.098,0,0.0458,0.00636,0.0734,0.0613,0.814,126.921,drum-and-bass
Don't Stop Now,Gloria Estefan,0.9906,0.105,0.628,0.267,38,False,0.741,0.648,7,-6.794,1,0.0338,0.0417,0.0,0.095,0.275,107.026,deep-house
Don't Wanna Lose You,Gloria Estefan,0.9504,0.069,0.791,0.139,34,False,0.779,0.528,1,-6.025,1,0.0365,0.124,0.0,0.096,0.566,98.007,j-dance
Everlasting Love,Gloria Estefan,0.9986,0.029,0.68,0.292,56,False,0.648,0.806,10,-11.078,1,0.032,0.154,0.029,0.163,0.473,120.024,synth-pop
Hot Summer Nights,Gloria Estefan,0.9868,0.044,0.782,0.174,62,False,0.61,0.75,10,-4.688,0,0.0412,0.00533,0.0,0.199,0.354,128.022,progressive-house
Keep On Trying,Gloria Estefan,0.3241,0.057,0.891,0.053,58,False,0.622,0.802,7,-6.272,1,0.0725,0.188,0.0,0.389,0.329,120.012,french
Movies,Gloria Estefan,0.9749,0.024,0.836,0.14,24,False,0.327,0.48,0,-10.431,1,0.031,0.685,0.00123,0.174,0.504,159.222,bluegrass
Oye,Gloria Estefan,0.802,0.072,0.799,0.128,56,False,0.588,0.675,9,-7.005,0,0.105,0.314,0.0,0.389,0.962,93.621,spanish
Oye Mi Canto,Gloria Estefan,0.802,0.072,0.799,0.128,32,True,0.677,0.946,6,-2.887,1,0.0548,0.184,3.73e-06,0.274,0.948,96.011,hardcore
Say,Gloria Estefan,0.9974,0.036,0.749,0.215,61,False,0.485,0.723,10,-6.565,1,0.0317,0.541,1.12e-06,0.075,0.541,167.845,singer-songwriter
Silver Bells,Gloria Estefan,0.9477,0.018,0.815,0.167,0,False,0.606,0.329,10,-14.312,1,0.0249,0.616,0.0,0.121,0.87,99.408,blues
The Way You Look Tonight,Gloria Estefan,0.9908,0.086,0.641,0.273,0,False,0.626,0.255,7,-17.945,0,0.0423,0.938,0.875,0.0814,0.622,130.473,piano
They Can't Take That Away From Me,Gloria Estefan,0.0258,0.076,0.855,0.069,0,False,0.551,0.232,3,-13.619,1,0.0782,0.626,0.0,0.13,0.394,103.308,blues
Breathless,Gloria Gaynor,-0.6249,0.122,0.801,0.077,52,False,0.323,0.956,6,-3.971,0,0.0372,0.000116,0.533,0.123,0.0467,133.605,deep-house
Hark The Herald Angels Sing,Gloria Gaynor,0.9934,0.031,0.685,0.284,0,False,0.345,0.679,11,-5.25,1,0.0377,0.00404,0.0,0.39,0.542,177.178,punk-rock
Holy,GMB,0.8779,0.044,0.817,0.139,18,False,0.791,0.932,7,-4.881,1,0.133,0.0584,0.796,0.373,0.743,140.025,club
Broken Dreams,Gordon Lightfoot,0.9923,0.0,0.797,0.203,55,False,0.859,0.599,10,-9.738,1,0.145,0.511,0.0,0.11,0.183,98.008,hip-hop
Cabaret,Gordon Lightfoot,0.9457,0.038,0.826,0.136,16,False,0.59,0.201,0,-13.623,1,0.056,0.719,0.0,0.213,0.566,125.26,tango
I'll Do Anything,Gordon Lightfoot,0.9296,0.076,0.76,0.164,24,False,0.57,0.711,9,-4.155,1,0.0703,0.119,0.0,0.352,0.648,163.117,acoustic
Mama Said,Gordon Lightfoot,0.9853,0.016,0.853,0.131,60,False,0.448,0.504,8,-7.749,0,0.0317,0.0171,0.000849,0.38,0.391,135.254,hard-rock
My Little Love,Gordon Lightfoot,0.9969,0.041,0.717,0.241,70,False,0.339,0.492,1,-10.661,1,0.0559,0.829,0.00377,0.147,0.102,151.865,british
Salute,Gordon Lightfoot,0.4263,0.067,0.854,0.079,17,False,0.326,0.979,7,-2.245,1,0.085,0.0011,0.0485,0.0947,0.402,174.023,drum-and-bass
Gimme Shelter,Grand Funk Railroad,-0.9862,0.221,0.63,0.148,0,False,0.634,0.63,1,-8.277,0,0.031,0.447,0.0374,0.169,0.489,118.642,british
Good Things,Grand Funk Railroad,0.9989,0.014,0.525,0.461,63,False,0.529,0.621,11,-6.018,1,0.0296,0.13,0.0,0.173,0.617,97.189,country
Memories,Grand Funk Railroad,0.0421,0.168,0.668,0.164,53,False,0.46,0.195,10,-12.093,1,0.0459,0.867,1.65e-05,0.112,0.384,176.119,acoustic
Dark Hollow,Grateful Dead,-0.0644,0.037,0.928,0.035,24,False,0.47,0.474,4,-9.794,1,0.0344,0.681,0.000226,0.141,0.802,187.82,bluegrass
Green Green Grass Of Home,Grateful Dead,0.9853,0.016,0.777,0.207,40,False,0.539,0.298,8,-17.579,1,0.0267,0.386,1.33e-05,0.112,0.791,95.412,british
Summer Nights,Grease,0.9968,0.027,0.799,0.174,54,False,0.561,0.684,1,-6.72,1,0.0317,0.106,0.000108,0.108,0.541,150.985,electronic
Goin Up,Great Big Sea,0.9168,0.012,0.892,0.096,67,True,0.732,0.672,10,-8.462,0,0.148,0.0642,0.0,0.121,0.16,137.03,r-n-b
Something Beautiful,Great Big Sea,0.3898,0.139,0.707,0.154,40,False,0.524,0.768,7,-7.821,1,0.0309,0.00816,0.0213,0.0666,0.0562,117.947,acoustic
Amanda,Green Day,-0.1727,0.12,0.763,0.116,48,False,0.653,0.369,9,-11.469,1,0.0307,0.747,0.0059,0.115,0.478,116.467,country
American Idiot,Green Day,-0.9417,0.195,0.692,0.113,79,True,0.38,0.988,1,-2.042,1,0.0639,2.64e-05,7.86e-05,0.368,0.769,186.113,punk
I Was There,Green Day,-0.9217,0.125,0.817,0.058,17,False,0.753,0.954,8,-7.177,1,0.0461,0.00205,0.888,0.096,0.886,128.023,drum-and-bass
Still Breathing,Green Day,0.9419,0.034,0.88,0.086,61,False,0.54,0.902,1,-3.577,1,0.0442,0.0142,0.0,0.0756,0.692,75.033,punk
Take Back,Green Day,-0.6219,0.174,0.702,0.124,28,False,0.492,0.842,7,-4.52,0,0.11,0.0604,0.0,0.419,0.649,159.846,hardstyle
Decapitated,Gucci Mane,-0.9843,0.174,0.692,0.135,15,False,0.237,0.87,10,-8.804,0,0.0646,2.97e-06,0.852,0.368,0.3,187.706,grindcore
Heavy,Gucci Mane,0.4585,0.097,0.794,0.109,23,True,0.688,0.854,0,-3.981,1,0.143,0.0169,0.0,0.387,0.741,139.899,drum-and-bass
Civil War,Guns N' Roses,-0.9994,0.349,0.598,0.054,70,False,0.336,0.787,10,-8.803,0,0.0732,0.0793,0.0648,0.32,0.383,140.003,hard-rock
Estranged,Guns N' Roses,-0.0107,0.067,0.871,0.062,67,False,0.359,0.762,11,-8.323,1,0.032,0.0105,0.281,0.368,0.167,89.259,hard-rock
Free Fallin',Guns N' Roses,0.9342,0.119,0.657,0.224,0,False,0.619,0.504,5,-11.562,1,0.025,0.0614,0.0,0.06,0.568,84.335,folk
Heartbreak Hotel,Guns N' Roses,-0.9937,0.341,0.597,0.062,30,False,0.642,0.724,7,-5.043,1,0.0411,0.0452,0.0,0.26,0.473,159.966,goth
Sweet Child O' Mine,Guns N' Roses,0.9914,0.082,0.704,0.214,84,True,0.454,0.91,6,-7.766,1,0.0448,0.0866,0.0996,0.116,0.629,125.116,hard-rock
Whole Lotta Rosie,Guns N' Roses,0.1742,0.042,0.904,0.054,65,False,0.292,0.838,9,-4.459,1,0.078,0.0014,0.479,0.0953,0.423,159.176,hard-rock
Yesterdays,Guns N' Roses,0.1779,0.039,0.924,0.037,63,False,0.363,0.849,6,-7.744,1,0.0554,0.0666,0.00517,0.306,0.429,170.627,hard-rock
Among My Souvenirs,Hank Snow,0.0516,0.07,0.858,0.072,27,False,0.464,0.447,9,-6.15,1,0.0266,0.464,2.9e-05,0.165,0.466,109.081,rockabilly
Lonesome Whistle,Hank Snow,-0.9698,0.186,0.779,0.034,11,False,0.467,0.411,2,-7.989,1,0.0272,0.9,0.0,0.249,0.653,96.334,honky-tonk
A House Without Love,Hank Williams,0.9921,0.042,0.613,0.345,15,False,0.618,0.314,0,-11.041,1,0.0264,0.862,0.000168,0.21,0.737,71.172,honky-tonk
Be Careful Of Stones That You Throw,Hank Williams,-0.9847,0.246,0.665,0.089,15,False,0.616,0.147,0,-13.985,1,0.03,0.83,0.0,0.199,0.57,86.703,honky-tonk
Beyond The Sunset,Hank Williams,0.9812,0.07,0.761,0.169,16,False,0.447,0.188,0,-13.829,1,0.0342,0.889,0.0,0.121,0.445,91.425,honky-tonk
Calling You,Hank Williams,0.9876,0.057,0.725,0.218,23,False,0.659,0.42,2,-7.953,1,0.0248,0.542,2.7e-05,0.105,0.93,95.927,honky-tonk
Crazy Heart,Hank Williams,-0.2426,0.138,0.749,0.113,34,False,0.743,0.507,11,-10.448,0,0.0456,0.42,0.273,0.414,0.481,107.992,electronic
Everything's Okay,Hank Williams,0.5048,0.088,0.802,0.11,15,False,0.558,0.375,7,-13.613,1,0.156,0.816,0.0,0.0894,0.885,74.028,honky-tonk
First Year Blues,Hank Williams,-0.8352,0.076,0.87,0.055,12,False,0.726,0.269,4,-13.91,1,0.0502,0.966,0.0,0.277,0.642,120.147,honky-tonk
Fly Trouble,Hank Williams,0.7688,0.097,0.798,0.105,10,False,0.809,0.402,5,-12.753,1,0.0941,0.776,0.0,0.352,0.938,123.383,honky-tonk
I Can't Help It,Hank Williams,0.9458,0.11,0.694,0.196,22,False,0.568,0.412,0,-8.475,1,0.0286,0.435,1.09e-06,0.103,0.328,135.447,disco
I Could Never Be Ashamed Of You,Hank Williams,-0.9325,0.18,0.751,0.07,10,False,0.538,0.219,0,-11.66,1,0.0294,0.964,0.349,0.121,0.435,113.797,honky-tonk
I'll Never Get Out Of This World Alive,Hank Williams,-0.9751,0.223,0.634,0.143,14,False,0.848,0.218,7,-11.344,1,0.0753,0.936,3.29e-06,0.0538,0.793,116.386,honky-tonk
I'm A Long Gone Daddy,Hank Williams,0.6751,0.041,0.881,0.078,11,False,0.581,0.301,9,-13.45,1,0.0903,0.958,0.0,0.14,0.824,151.157,honky-tonk
I'm Going Home,Hank Williams,0.9772,0.009,0.836,0.155,12,False,0.359,0.213,0,-15.134,1,0.031,0.991,0.064,0.138,0.708,178.242,honky-tonk
It Just Don't Matter Now,Hank Williams,0.1795,0.139,0.734,0.127,12,False,0.511,0.369,0,-9.667,1,0.0277,0.985,0.0,0.34,0.41,107.416,honky-tonk
I've Been Down That Road Before,Hank Williams,0.8552,0.098,0.783,0.119,12,False,0.511,0.405,7,-11.092,1,0.0403,0.656,0.0,0.157,0.497,93.971,honky-tonk
Just Waitin',Hank Williams,0.6059,0.018,0.948,0.034,11,False,0.626,0.276,7,-11.863,1,0.0738,0.849,0.0,0.106,0.662,126.381,honky-tonk
Men With Broken Hearts,Hank Williams,-0.9964,0.292,0.587,0.121,15,False,0.685,0.175,9,-15.138,1,0.0444,0.921,0.0,0.0885,0.456,110.153,honky-tonk
Message To My Mother,Hank Williams,0.9483,0.087,0.686,0.227,9,False,0.435,0.197,0,-13.696,1,0.033,0.948,0.00592,0.381,0.355,128.541,honky-tonk
My Sweet Love Ain't Around,Hank Williams,0.9173,0.123,0.651,0.227,20,False,0.532,0.266,0,-11.076,1,0.029,0.791,0.000358,0.164,0.626,124.832,honky-tonk
Never Again,Hank Williams,-0.6376,0.169,0.695,0.136,27,False,0.554,0.888,8,-8.964,1,0.049,0.353,1.97e-05,0.0819,0.649,135.16,bluegrass
Ready To Go Home,Hank Williams,-0.6921,0.159,0.711,0.13,16,False,0.495,0.168,4,-12.249,1,0.0318,0.965,0.0,0.284,0.573,74.434,honky-tonk
Wait For The Light To Shine,Hank Williams,-0.7669,0.091,0.845,0.064,13,False,0.367,0.304,2,-10.619,1,0.0397,0.89,0.0,0.729,0.55,194.911,honky-tonk
Free Born Man,Hank Williams Jr.,0.925,0.067,0.824,0.109,26,False,0.41,0.744,9,-7.702,1,0.0421,0.665,0.0915,0.152,0.858,131.423,bluegrass
Honky Tonkin',Hank Williams Jr.,-0.5106,0.09,0.844,0.065,23,False,0.537,0.414,4,-9.909,1,0.0307,0.831,1e-06,0.102,0.859,165.352,honky-tonk
Howlin' At The Moon,Hank Williams Jr.,-0.6061,0.044,0.937,0.019,14,False,0.788,0.383,2,-9.886,1,0.0463,0.642,0.0,0.062,0.948,95.673,honky-tonk
I Don't Care (If Tomorrow Never Comes),Hank Williams Jr.,-0.9702,0.203,0.779,0.019,10,False,0.449,0.291,4,-8.148,1,0.0288,0.955,0.0,0.493,0.681,136.019,honky-tonk
I Saw The Light,Hank Williams Jr.,-0.4018,0.225,0.58,0.195,52,False,0.349,0.273,7,-11.443,1,0.0325,0.95,6.21e-05,0.146,0.493,204.922,honky-tonk
Lone Wolf,Hank Williams Jr.,-0.969,0.174,0.758,0.068,54,False,0.502,0.981,1,-1.573,1,0.0616,0.00177,0.4,0.154,0.208,150.013,dub
Promises,Hank Williams Jr.,-0.9941,0.267,0.631,0.101,56,False,0.484,0.943,9,-4.364,0,0.0647,3.77e-05,0.00452,0.593,0.345,143.933,drum-and-bass
Thanks A Lot,Hank Williams Jr.,0.9879,0.163,0.505,0.332,55,False,0.636,0.511,0,-14.016,1,0.0389,0.387,0.00035,0.211,0.769,167.37,honky-tonk
Christmas Time,Hanson,0.959,0.044,0.843,0.113,0,False,0.299,0.377,0,-7.425,1,0.0283,0.859,0.0,0.116,0.378,69.272,r-n-b
Hey,Hanson,0.9145,0.06,0.759,0.18,31,False,0.652,0.639,5,-8.577,1,0.458,0.153,0.0,0.381,0.633,89.984,hardcore
More Than Anything,Hanson,0.9674,0.017,0.824,0.16,46,False,0.125,0.214,4,-28.989,0,0.0413,0.991,0.94,0.133,0.0328,82.521,ambient
Need You Now,Hanson,0.5719,0.018,0.924,0.058,45,False,0.55,0.674,4,-5.248,1,0.0277,0.0881,0.0,0.0873,0.248,108.037,club
Never Let Go,Hanson,0.9925,0.073,0.713,0.214,19,False,0.438,0.975,6,-2.279,1,0.0453,0.00129,3.04e-05,0.304,0.13,149.919,hardstyle
One Way Ticket,Hanson,-0.8984,0.113,0.822,0.066,62,False,0.719,0.732,1,-9.227,0,0.0408,0.319,6.51e-06,0.0745,0.96,123.569,disco
Pick Me Up,Hanson,0.6331,0.045,0.882,0.073,0,False,0.472,0.701,2,-4.563,1,0.0369,0.0387,0.0,0.107,0.515,79.805,country
Teach Your Children,Hanson,0.9781,0.078,0.721,0.201,64,False,0.497,0.285,2,-14.537,1,0.0264,0.643,1.69e-05,0.389,0.667,154.707,blues
Weird,Hanson,0.8343,0.137,0.681,0.182,0,False,0.532,0.989,0,-4.025,0,0.101,0.000525,0.656,0.271,0.462,160.028,iranian
You Never Know,Hanson,-0.2856,0.051,0.902,0.047,66,False,0.527,0.462,5,-5.504,1,0.0494,0.227,0.0,0.164,0.334,144.573,k-pop
If I Were A Carpenter,Harry Belafonte,0.9743,0.078,0.729,0.193,29,False,0.421,0.476,9,-10.552,1,0.0295,0.626,2.58e-05,0.137,0.828,150.283,rock-n-roll
Skin To Skin,Harry Belafonte,-0.9851,0.151,0.786,0.062,38,False,0.549,0.478,11,-7.563,0,0.061,0.596,0.00357,0.0806,0.308,167.874,mandopop
The First Time Ever I Saw Your Face,Harry Belafonte,0.9726,0.053,0.789,0.158,0,False,0.422,0.0605,6,-18.861,1,0.0383,0.931,0.0569,0.111,0.0794,126.251,soul
Careless Love,"Harry Connick, Jr.",0.9929,0.099,0.57,0.331,36,False,0.701,0.419,1,-9.912,1,0.0397,0.828,0.0368,0.112,0.327,108.244,j-pop
It's Beginning To Look A Lot Like Christmas,"Harry Connick, Jr.",0.9869,0.0,0.816,0.184,0,False,0.653,0.308,2,-11.926,1,0.0474,0.636,0.0,0.0899,0.462,107.72,ska
More,"Harry Connick, Jr.",0.9718,0.047,0.783,0.17,13,False,0.66,0.835,8,-11.132,0,0.0487,0.000916,0.000589,0.129,0.483,114.331,breakbeat
My Prayer,"Harry Connick, Jr.",0.3612,0.027,0.936,0.037,53,False,0.359,0.272,10,-8.393,1,0.0294,0.812,0.0,0.095,0.254,109.249,rockabilly
On The Street Where You Live,"Harry Connick, Jr.",-0.6734,0.072,0.882,0.046,1,False,0.369,0.421,8,-10.346,1,0.0397,0.61,0.0,0.195,0.326,71.923,jazz
Once,"Harry Connick, Jr.",0.9795,0.072,0.701,0.228,15,False,0.499,0.929,9,-3.804,0,0.0398,3.17e-05,0.566,0.588,0.0356,174.992,drum-and-bass
Only You,"Harry Connick, Jr.",0.9812,0.029,0.724,0.247,56,False,0.545,0.255,8,-14.844,1,0.0311,0.362,1.77e-05,0.0841,0.831,98.088,acoustic
Supercalifragilisticexpialidocious,"Harry Connick, Jr.",0.5106,0.028,0.931,0.041,44,False,0.524,0.609,7,-13.03,0,0.401,0.607,0.0,0.126,0.948,80.232,show-tunes
The Little Drummer Boy,"Harry Connick, Jr.",0.9551,0.027,0.852,0.121,0,False,0.523,0.448,2,-13.53,1,0.0593,0.442,0.0,0.111,0.351,134.511,funk
All I Wanna Do Is Make Love To You,Heart,0.9987,0.02,0.702,0.278,67,False,0.626,0.746,7,-8.832,1,0.0282,0.16,0.0,0.0618,0.8,102.896,hard-rock
Barracuda,Heart,0.9295,0.077,0.758,0.165,74,False,0.548,0.691,4,-13.553,0,0.0369,0.015,0.106,0.144,0.667,137.145,hard-rock
Break,Heart,0.9398,0.076,0.795,0.13,67,False,0.578,0.897,0,-3.906,1,0.0357,0.000666,0.0,0.0924,0.737,115.491,grunge
Heavy Heart,Heart,-0.2387,0.076,0.858,0.067,0,False,0.451,0.7,10,-6.597,0,0.0431,0.455,0.00233,0.405,0.37,150.055,acoustic
It's Christmas Time,Heart,0.9555,0.021,0.834,0.146,0,False,0.637,0.711,5,-4.957,1,0.0338,0.0254,0.00169,0.134,0.299,94.995,funk
Rage,Heart,-0.9882,0.257,0.723,0.02,44,True,0.571,0.833,2,-4.493,1,0.222,0.056,0.374,0.145,0.394,150.188,dub
Say Hello,Heart,0.6804,0.041,0.855,0.104,51,False,0.745,0.766,0,-8.688,1,0.0335,0.0355,0.636,0.153,0.662,121.031,progressive-house
Secret,Heart,-0.6743,0.114,0.788,0.098,42,False,0.508,0.256,1,-13.302,1,0.0392,0.653,0.722,0.0797,0.624,171.02,guitar
The Night,Heart,-0.9698,0.137,0.846,0.018,0,False,0.132,0.42,4,-7.761,0,0.0368,0.209,0.00293,0.11,0.185,45.857,blues
The Wolf,Heart,0.1864,0.108,0.771,0.121,51,False,0.777,0.912,9,-4.746,1,0.186,0.0932,0.0,0.143,0.659,100.941,funk
Cold Sweat,Helloween,0.5742,0.076,0.834,0.089,23,False,0.537,0.619,7,-11.404,1,0.0339,0.101,0.887,0.582,0.897,119.222,afrobeat
I Can,Helloween,0.8672,0.163,0.631,0.206,59,False,0.837,0.885,6,-3.914,0,0.182,0.103,0.0,0.0666,0.694,95.313,hardcore
Juggernaut,Helloween,-0.9835,0.194,0.708,0.098,0,True,0.772,0.794,10,-3.22,0,0.0674,0.104,0.0,0.638,0.674,101.071,dancehall
Midnight Sun,Helloween,-0.8291,0.169,0.732,0.098,34,False,0.733,0.355,0,-11.854,1,0.0369,0.287,0.752,0.0895,0.216,80.972,study
My Sacrifice,Helloween,0.8934,0.14,0.657,0.203,71,False,0.32,0.88,2,-6.035,1,0.0504,0.000101,4.31e-06,0.076,0.257,146.349,alt-rock
Power,Helloween,0.9306,0.046,0.848,0.106,36,False,0.517,0.87,7,-6.138,1,0.0482,0.00125,0.811,0.632,0.208,95.027,club
Push,Helloween,0.4082,0.076,0.828,0.096,37,False,0.711,0.693,7,-7.394,0,0.0371,0.00954,0.0014,0.103,0.684,107.915,disco
Revolution,Helloween,-0.7181,0.152,0.725,0.123,67,False,0.574,0.833,8,-6.239,0,0.0563,0.0611,0.0,0.105,0.574,86.008,alt-rock
Always Will,Hillsong,0.965,0.088,0.701,0.211,22,False,0.45,0.186,0,-14.866,1,0.0393,0.932,0.85,0.12,0.886,95.845,bluegrass
Anchor,Hillsong,0.9908,0.022,0.658,0.319,75,False,0.457,0.407,9,-11.475,1,0.0308,0.805,0.884,0.126,0.126,117.053,ambient
Best Friend,Hillsong,0.9886,0.0,0.78,0.22,4,True,0.959,0.598,8,-5.534,1,0.0713,0.0358,0.0,0.358,0.408,127.028,hip-hop
Evermore,Hillsong,0.9538,0.057,0.775,0.169,64,False,0.285,0.396,1,-8.741,1,0.0318,0.674,6.6e-05,0.102,0.219,79.442,disney
Glory,Hillsong,0.9829,0.028,0.679,0.293,60,False,0.564,0.613,11,-5.055,1,0.0318,0.111,3.22e-06,0.0825,0.48,84.951,alt-rock
Hosanna,Hillsong,0.9761,0.039,0.756,0.205,61,False,0.404,0.634,1,-4.772,0,0.0311,0.0371,0.00209,0.182,0.0943,153.951,alt-rock
Made Me Glad,Hillsong,0.9975,0.02,0.655,0.324,41,False,0.341,0.748,10,-5.559,1,0.0334,0.047,0.000529,0.396,0.326,161.714,world-music
Shout To The Lord,Hillsong,0.9887,0.045,0.71,0.245,40,False,0.338,0.371,9,-13.026,1,0.0334,0.705,0.0,0.334,0.244,159.633,world-music
Above All,Hillsong United,0.3818,0.124,0.735,0.142,45,False,0.374,0.291,10,-11.251,1,0.0305,0.723,0.000882,0.12,0.108,133.009,world-music
Aftermath,Hillsong United,0.8922,0.053,0.835,0.112,19,False,0.242,0.989,2,-4.362,1,0.107,0.000225,2.6e-05,0.155,0.195,169.955,black-metal
All Things New,Hillsong United,0.9926,0.059,0.666,0.276,36,False,0.369,0.637,11,-6.279,1,0.0299,0.0443,0.0,0.179,0.121,75.37,world-music
Bones,Hillsong United,0.9956,0.01,0.665,0.324,47,False,0.31,0.886,8,-4.917,1,0.318,0.000299,0.853,0.163,0.0387,179.888,drum-and-bass
Calvary,Hillsong United,0.8781,0.121,0.712,0.167,45,False,0.382,0.558,9,-6.471,1,0.0324,0.00355,0.0,0.167,0.215,136.575,world-music
Depths,Hillsong United,0.9944,0.011,0.71,0.279,37,False,0.363,0.462,7,-8.232,1,0.0284,0.00887,8.81e-06,0.706,0.0687,80.003,world-music
Empires,Hillsong United,0.2144,0.093,0.821,0.086,46,False,0.349,0.774,4,-6.312,1,0.0539,0.00187,0.000134,0.306,0.398,173.277,dub
Fall,Hillsong United,0.9949,0.0,0.574,0.426,55,False,0.688,0.845,7,-4.095,1,0.0436,0.0014,0.64,0.117,0.453,130.0,progressive-house
I Belong To You,Hillsong United,0.9951,0.022,0.573,0.405,32,False,0.588,0.405,5,-12.279,1,0.0327,0.304,0.00587,0.107,0.625,94.866,disco
Dark Light,HIM,-0.9062,0.266,0.58,0.154,52,False,0.665,0.714,6,-6.462,1,0.0377,0.00388,0.528,0.139,0.0353,105.068,house
Fade Into You,HIM,0.6908,0.091,0.79,0.118,79,False,0.42,0.33,9,-13.925,1,0.0275,0.245,0.000679,0.0677,0.175,157.143,alt-rock
Motor,HIM,0.9037,0.116,0.666,0.218,38,False,0.335,0.559,4,-5.554,1,0.0283,0.202,0.011,0.114,0.123,59.704,hard-rock
No Love,HIM,0.9866,0.194,0.486,0.319,62,True,0.716,0.553,1,-10.229,1,0.139,0.109,0.000214,0.106,0.217,112.264,chill
Pretending,HIM,0.9881,0.076,0.683,0.241,44,False,0.477,0.687,9,-5.721,1,0.0468,0.291,0.0,0.118,0.421,167.947,club
Resurrection,HIM,0.988,0.013,0.782,0.205,43,False,0.622,0.778,2,-10.705,1,0.0471,0.0548,0.865,0.111,0.206,125.995,club
Take My Breath Away,HIM,0.9251,0.062,0.824,0.114,65,False,0.718,0.616,8,-6.598,1,0.0901,0.0741,0.00287,0.367,0.354,102.981,electro
I Shall Be Released,Hollies,-0.2117,0.025,0.955,0.02,2,False,0.38,0.379,9,-12.742,1,0.0346,0.807,0.0164,0.0908,0.399,120.89,blues
It's Only Make Believe,Hollies,0.9946,0.024,0.663,0.313,35,False,0.419,0.382,9,-13.438,1,0.0322,0.32,0.0,0.106,0.462,84.185,british
My Back Pages,Hollies,-0.9846,0.206,0.705,0.089,55,False,0.558,0.524,4,-10.528,1,0.0339,0.109,0.0,0.17,0.727,123.243,psych-rock
No Rules,Hollies,-0.9336,0.258,0.666,0.076,37,True,0.678,0.992,10,-0.644,0,0.096,0.123,0.709,0.629,0.761,150.07,dub
Nobody,Hollies,0.9797,0.076,0.667,0.256,46,False,0.86,0.479,1,-7.871,1,0.0366,0.265,0.0,0.112,0.962,105.023,chill
Rockin' Robin,Hollies,0.9845,0.0,0.892,0.108,47,False,0.549,0.686,7,-10.313,1,0.136,0.291,0.0,0.201,0.926,172.601,blues
Blue Wonder Power Milk,Hooverphonic,0.9787,0.021,0.774,0.205,18,False,0.568,0.904,0,-6.901,1,0.0979,0.133,0.152,0.122,0.595,127.681,trip-hop
Jackie Cane,Hooverphonic,0.1941,0.057,0.879,0.064,17,False,0.474,0.825,10,-5.75,1,0.0295,0.00527,0.00108,0.163,0.85,171.53,trip-hop
Mad About You,Hooverphonic,-0.9989,0.42,0.516,0.063,61,False,0.465,0.844,1,-4.352,0,0.0379,0.00109,0.399,0.0865,0.155,170.358,electronic
Opium,Hooverphonic,0.8773,0.164,0.61,0.225,16,False,0.664,0.702,5,-6.98,0,0.0353,0.0014,0.49,0.0916,0.0862,130.055,happy
Bow Down,Housemartins,-0.514,0.088,0.845,0.067,55,True,0.892,0.455,9,-11.206,1,0.292,0.0181,0.0,0.344,0.473,92.885,hardcore
All I Want,Howard Jones,-0.8053,0.179,0.683,0.137,5,False,0.804,0.647,4,-11.555,0,0.0705,0.00447,0.408,0.0733,0.399,119.384,chicago-house
Blue,Howard Jones,0.9579,0.092,0.763,0.146,0,False,0.488,0.175,8,-9.5,1,0.0491,0.952,1.01e-06,0.105,0.201,117.291,country
No One Is To Blame,Howard Jones,-0.9875,0.229,0.703,0.068,24,False,0.777,0.375,9,-11.13,1,0.0276,0.509,0.000437,0.178,0.669,95.092,synth-pop
Spectrum,Howard Jones,-0.8055,0.162,0.755,0.084,54,False,0.539,0.717,3,-7.385,1,0.031,0.000298,0.111,0.125,0.212,117.973,acoustic
Things Can Only Get Better,Howard Jones,0.9955,0.085,0.531,0.384,23,False,0.752,0.743,7,-6.083,1,0.0331,0.0314,0.000117,0.128,0.832,108.254,synth-pop
Wedding Song,Howard Jones,0.9929,0.022,0.731,0.247,0,False,0.426,0.491,0,-9.864,1,0.034,0.641,0.00127,0.25,0.276,137.438,disco
All I Ever Wanted,Human League,0.9854,0.051,0.826,0.123,46,False,0.781,0.63,2,-9.768,0,0.0628,0.00755,0.792,0.11,0.365,123.021,deep-house
Darkness,Human League,-0.9559,0.175,0.749,0.076,49,False,0.638,0.637,2,-10.727,1,0.0332,0.0429,0.752,0.11,0.0664,95.989,club
Never Let Me Go,Human League,0.9091,0.053,0.851,0.095,66,False,0.452,0.736,9,-3.212,1,0.0378,0.297,2.2e-06,0.381,0.24,144.683,alternative
The Snake,Human League,0.9954,0.019,0.828,0.153,32,False,0.434,0.822,1,-7.785,0,0.0671,4.74e-05,0.853,0.135,0.109,134.888,metal
The Sound Of The Crowd,Human League,0.9062,0.062,0.804,0.134,23,False,0.781,0.38,7,-12.077,1,0.0492,0.0821,1.01e-06,0.0887,0.548,144.887,synth-pop
American Music,Ian Hunter,0.992,0.015,0.769,0.215,29,False,0.448,0.873,4,-10.266,1,0.0545,0.00873,2.88e-05,0.347,0.968,192.572,rock-n-roll
God,Ian Hunter,0.9911,0.082,0.751,0.167,10,False,0.67,0.981,1,-5.404,0,0.0787,0.0143,0.254,0.362,0.901,157.034,idm
The Outsider,Ian Hunter,-0.9344,0.103,0.865,0.032,49,False,0.681,0.838,0,-6.538,1,0.0797,0.0874,0.49,0.348,0.456,112.608,afrobeat
Too Much,Ian Hunter,-0.8492,0.146,0.766,0.088,0,True,0.799,0.696,1,-6.621,1,0.134,0.211,2.46e-06,0.133,0.414,115.067,alternative
Us,Ice Cube,-0.9838,0.139,0.775,0.086,57,False,0.584,0.888,4,-2.571,0,0.0385,0.0115,0.000113,0.341,0.331,150.042,electronic
You Know How We Do It,Ice Cube,0.9841,0.118,0.72,0.162,79,True,0.747,0.52,10,-10.523,0,0.0357,0.0977,0.0537,0.142,0.601,92.869,funk
Brave,Idina Menzel,0.5299,0.077,0.844,0.079,70,False,0.551,0.836,10,-3.838,0,0.0524,0.00502,2.1e-05,0.0425,0.758,185.063,acoustic
Gorgeous,Idina Menzel,0.986,0.093,0.739,0.169,61,False,0.826,0.538,2,-7.717,1,0.0361,0.39,0.228,0.163,0.344,115.99,electronic
Heaven Help My Heart,Idina Menzel,0.9962,0.052,0.618,0.33,23,False,0.266,0.167,2,-16.83,1,0.0506,0.869,5.03e-05,0.699,0.163,100.106,show-tunes
No Good Deed,Idina Menzel,0.9407,0.15,0.659,0.191,26,False,0.352,0.546,11,-6.768,1,0.0384,0.71,0.0,0.105,0.274,114.814,show-tunes
1969,Iggy Pop,0.8825,0.0,0.871,0.129,25,False,0.575,0.4,3,-7.674,1,0.0598,0.000348,0.00263,0.0536,0.0724,110.199,garage
Bang Bang,Iggy Pop,0.9183,0.073,0.784,0.142,17,True,0.728,0.626,0,-11.613,0,0.0341,0.00511,0.000111,0.174,0.841,150.006,breakbeat
Blah Blah Blah,Iggy Pop,0.3687,0.126,0.626,0.248,66,False,0.612,0.963,5,-3.912,0,0.0531,0.00897,0.00378,0.294,0.179,138.009,edm
Brick By Brick,Iggy Pop,0.6669,0.121,0.722,0.157,53,False,0.285,0.807,2,-4.741,1,0.0528,0.00123,0.00368,0.317,0.542,132.206,garage
Cold Metal,Iggy Pop,0.9136,0.104,0.735,0.161,22,False,0.509,0.604,7,-8.47,1,0.0332,0.0161,0.000589,0.0933,0.322,128.039,goth
Girls,Iggy Pop,0.9902,0.029,0.704,0.266,44,False,0.663,0.961,1,-4.737,0,0.0653,0.000119,0.432,0.195,0.537,124.701,breakbeat
High On You,Iggy Pop,0.1119,0.099,0.799,0.102,42,False,0.798,0.549,4,-10.646,0,0.0474,0.134,0.000145,0.119,0.419,120.05,deep-house
Howl,Iggy Pop,0.1263,0.105,0.776,0.12,1,False,0.577,0.866,0,-4.05,1,0.0601,0.006,0.000708,0.164,0.28,130.016,alternative
I Wanna Be Your Dog,Iggy Pop,0.9795,0.035,0.749,0.216,0,False,0.541,0.913,4,-8.03,1,0.0359,0.0681,0.0521,0.414,0.113,120.634,blues
Loser,Iggy Pop,-0.9872,0.204,0.764,0.032,22,False,0.494,0.267,2,-13.019,1,0.0321,0.577,0.033,0.101,0.367,151.536,bluegrass
Mask,Iggy Pop,-0.7399,0.126,0.773,0.101,23,False,0.499,0.96,6,-3.847,1,0.0728,0.000878,0.0,0.388,0.474,109.96,death-metal
Shakin' All Over,Iggy Pop,0.3612,0.0,0.97,0.03,32,False,0.767,0.626,9,-8.408,1,0.036,0.188,1.03e-05,0.327,0.715,125.237,british
Social Life,Iggy Pop,-0.9773,0.176,0.75,0.073,23,False,0.347,0.979,7,-3.828,1,0.0688,2.61e-05,0.00186,0.19,0.467,199.901,power-pop
The Passenger,Iggy Pop,0.9778,0.0,0.905,0.095,60,False,0.457,0.93,2,-4.544,0,0.0673,0.0309,6.27e-05,0.135,0.294,139.819,goth
Tonight,Il Divo,0.5106,0.054,0.865,0.08,22,False,0.631,0.905,0,-4.503,1,0.0568,0.102,0.000137,0.327,0.515,138.964,goth
Wasted Time,Il Divo,-0.9679,0.138,0.792,0.07,13,False,0.296,0.995,4,-2.521,0,0.121,2.46e-05,0.929,0.386,0.0707,97.319,grindcore
Battle Cry,Imagine Dragons,-0.968,0.265,0.562,0.173,22,True,0.867,0.487,7,-9.212,1,0.115,0.231,0.0,0.0872,0.204,100.104,j-dance
Monster,Imagine Dragons,-0.9124,0.112,0.811,0.077,77,False,0.64,0.957,8,-2.336,1,0.0741,0.0431,0.0,0.0789,0.692,134.992,alt-rock
Warriors,Imagine Dragons,0.9772,0.0,0.881,0.119,51,False,0.569,0.924,7,-3.433,0,0.074,0.00698,0.000464,0.426,0.0455,127.91,progressive-house
Always There,Incognito,0.9865,0.055,0.635,0.31,18,False,0.605,0.792,10,-5.503,0,0.044,0.000803,0.709,0.0484,0.405,175.994,breakbeat
Anything,Incubus,0.3818,0.0,0.968,0.032,40,False,0.57,0.789,1,-4.534,1,0.0403,0.25,0.143,0.112,0.564,102.012,disney
Dig,Incubus,0.9819,0.031,0.84,0.13,64,False,0.623,0.983,11,-3.548,0,0.151,9.62e-05,0.0617,0.261,0.271,134.975,groove
Pardon Me,Incubus,0.9828,0.058,0.759,0.183,69,False,0.579,0.812,1,-6.509,0,0.0693,0.00114,0.00333,0.115,0.278,152.002,grunge
Teardrop,Incubus,0.9914,0.067,0.568,0.365,0,False,0.615,0.419,11,-8.799,0,0.0396,0.0173,0.505,0.135,0.216,76.996,electronic
The Answer,Incubus,-0.9501,0.153,0.756,0.091,14,False,0.797,0.229,9,-13.059,0,0.13,0.000133,0.936,0.0778,0.663,133.989,detroit-techno
Heaven On Earth,Indiana Bible College,0.9975,0.0,0.626,0.374,28,False,0.471,0.328,3,-10.358,1,0.0301,0.529,0.0,0.124,0.579,111.946,rockabilly
Right Now,Indiana Bible College,0.9678,0.04,0.797,0.163,11,False,0.816,0.701,2,-5.911,1,0.368,0.126,0.0,0.29,0.734,93.963,breakbeat
Testimony,Indiana Bible College,0.9943,0.14,0.562,0.298,60,False,0.428,0.0145,2,-31.154,1,0.047,0.994,0.895,0.0881,0.345,128.522,piano
Void,Indiana Bible College,0.1428,0.114,0.794,0.091,68,False,0.534,0.582,5,-7.912,1,0.0401,0.047,0.0328,0.0883,0.346,84.183,alt-rock
Blister In The Sun,Indigo Girls,-0.6486,0.077,0.874,0.05,71,False,0.726,0.537,0,-8.896,1,0.114,0.316,0.0,0.0707,0.882,96.889,acoustic
Compromise,Indigo Girls,0.9751,0.0,0.843,0.157,11,False,0.303,0.971,6,-4.53,0,0.212,5.46e-06,0.563,0.336,0.0635,113.75,grindcore
Drift Away,Indigo Girls,0.9824,0.093,0.729,0.178,1,False,0.584,0.66,11,-5.078,1,0.0375,0.18,0.0,0.0979,0.868,151.958,country
Fare Thee Well,Indigo Girls,0.995,0.084,0.664,0.252,51,False,0.431,0.371,7,-8.709,1,0.0272,0.547,0.0154,0.0921,0.196,66.853,grunge
Girls Talk,Indigo Girls,0.9044,0.051,0.817,0.132,25,False,0.588,0.513,2,-17.406,1,0.033,0.318,0.0,0.168,0.965,136.314,power-pop
Go Go Go,Indigo Girls,-0.6808,0.095,0.835,0.07,5,False,0.881,0.327,11,-15.568,1,0.119,0.000202,0.0693,0.0994,0.459,89.994,chicago-house
High Horse,Indigo Girls,0.9532,0.056,0.837,0.108,56,False,0.492,0.961,2,-3.943,1,0.0957,3.14e-05,0.00315,0.122,0.324,129.988,metalcore
It's Too Late,Indigo Girls,0.9646,0.12,0.679,0.2,25,False,0.521,0.88,4,-11.238,1,0.0448,0.136,4.88e-05,0.346,0.482,127.932,power-pop
Killing Time,Indigo Girls,-0.9945,0.212,0.711,0.077,26,False,0.544,0.931,1,-5.519,0,0.128,0.00207,1.12e-05,0.034,0.324,90.814,industrial
Reunion,Indigo Girls,-0.5883,0.177,0.652,0.171,49,False,0.427,0.823,7,-4.997,1,0.0466,6e-05,0.000129,0.127,0.311,124.024,french
Something Real,Indigo Girls,0.8084,0.042,0.888,0.07,57,False,0.519,0.61,8,-10.808,1,0.0608,0.458,0.151,0.191,0.184,119.919,electronic
Afterlife,Ingrid Michaelson,0.9633,0.068,0.811,0.121,63,False,0.561,0.866,2,-5.258,0,0.0352,0.00623,0.039,0.0414,0.824,93.104,alt-rock
End Of The World,Ingrid Michaelson,0.4515,0.014,0.961,0.026,40,False,0.278,0.421,1,-9.388,0,0.0341,0.377,0.000784,0.0763,0.308,82.071,psych-rock
Far Away,Ingrid Michaelson,0.9684,0.008,0.897,0.096,73,False,0.518,0.797,6,-5.153,1,0.0309,0.000681,0.0,0.107,0.293,132.918,alt-rock
Girls Chase Boys,Ingrid Michaelson,-0.9775,0.105,0.839,0.056,56,False,0.518,0.828,8,-5.725,1,0.04,0.03,1.33e-05,0.0456,0.69,84.835,acoustic
Giving Up,Ingrid Michaelson,0.9595,0.059,0.75,0.192,0,False,0.427,0.23,4,-11.317,1,0.0353,0.764,1.6e-06,0.327,0.109,83.219,funk
Glass,Ingrid Michaelson,0.7569,0.062,0.817,0.12,57,False,0.472,0.291,9,-13.512,0,0.0433,0.958,0.569,0.106,0.0701,113.011,chill
Highway,Ingrid Michaelson,-0.8336,0.113,0.865,0.022,59,False,0.457,0.941,6,-5.174,1,0.0339,0.000136,3.12e-06,0.0896,0.704,154.038,blues
Masochist,Ingrid Michaelson,-0.8836,0.139,0.805,0.056,58,True,0.49,0.941,3,-3.242,0,0.0495,0.000634,1.16e-05,0.101,0.264,119.998,hardcore
Overboard,Ingrid Michaelson,0.886,0.022,0.916,0.062,58,True,0.756,0.533,11,-8.303,1,0.0416,0.24,0.0,0.111,0.636,101.998,sad
Snowfall,Ingrid Michaelson,0.9952,0.0,0.65,0.35,1,True,0.775,0.685,11,-5.863,0,0.253,0.626,0.0,0.096,0.785,143.036,french
Deja Vu,Inna,-0.9987,0.48,0.486,0.035,13,False,0.545,0.691,4,-14.343,0,0.0309,0.247,0.828,0.107,0.103,99.953,chicago-house
On And On,Inna,-0.7345,0.065,0.935,0.0,60,False,0.53,0.727,1,-5.179,0,0.0441,0.0387,0.0,0.212,0.385,76.943,alt-rock
Confessions,Insane Clown Posse,-0.9915,0.169,0.78,0.05,43,False,0.561,0.942,4,-3.384,0,0.266,0.0516,4.95e-06,0.372,0.55,90.974,dubstep
Cotton Candy,Insane Clown Posse,-0.9958,0.16,0.782,0.058,54,False,0.606,0.275,10,-10.004,1,0.0288,0.39,0.0,0.135,0.19,81.041,chill
Intro,Insane Clown Posse,0.957,0.062,0.816,0.122,19,True,0.146,0.993,9,-3.506,1,0.091,1.4e-06,0.91,0.266,0.502,190.151,black-metal
Let Me Go,Insane Clown Posse,-0.9831,0.163,0.724,0.113,40,False,0.764,0.595,1,-9.233,0,0.0441,0.0224,0.00178,0.109,0.371,121.018,club
Innocence,Inside Out,0.99,0.051,0.741,0.208,45,False,0.373,0.734,7,-5.707,0,0.0658,0.00128,0.356,0.0868,0.0678,137.233,drum-and-bass
Sacrifice,Inside Out,0.163,0.151,0.705,0.144,16,False,0.823,0.518,1,-14.343,0,0.0489,0.00278,0.000147,0.099,0.588,116.645,chicago-house
Squirrels,Inside Out,0.9872,0.068,0.607,0.325,24,False,0.611,0.508,9,-10.434,1,0.0306,0.866,0.163,0.118,0.773,95.187,bluegrass
Afterglow,INXS,-0.9489,0.098,0.885,0.017,33,False,0.711,0.168,0,-16.504,1,0.0367,0.868,1.99e-05,0.114,0.299,109.937,acoustic
Disappear,INXS,-0.7309,0.141,0.754,0.105,22,True,0.436,0.91,10,-4.872,0,0.151,0.000139,0.029,0.185,0.168,154.744,death-metal
Horizons,INXS,0.9423,0.028,0.794,0.177,18,False,0.55,0.754,6,-6.213,1,0.0488,0.137,0.0459,0.201,0.239,161.074,drum-and-bass
Jumping,INXS,-0.1546,0.049,0.91,0.041,11,False,0.957,0.372,10,-9.42,1,0.0876,0.206,0.00101,0.141,0.349,110.986,kids
Lately,INXS,0.9883,0.03,0.778,0.193,29,False,0.781,0.686,11,-8.284,1,0.0394,0.00126,0.863,0.0854,0.0387,126.014,deep-house
Never Let You Go,INXS,0.8979,0.018,0.922,0.059,66,False,0.726,0.499,1,-9.056,1,0.0379,0.0921,0.0,0.0717,0.465,114.9,singer-songwriter
This Time,INXS,0.9523,0.105,0.701,0.194,31,False,0.498,0.72,7,-9.238,1,0.0298,0.312,0.00505,0.247,0.899,148.953,bluegrass
What You Need,INXS,-0.8,0.115,0.845,0.04,53,False,0.519,0.264,0,-11.171,1,0.0601,0.918,0.000253,0.237,0.192,140.354,acoustic
Hallowed Be Thy Name,Iron Maiden,0.7543,0.104,0.78,0.116,51,False,0.428,0.972,2,-1.998,0,0.0666,7.16e-05,0.0736,0.0787,0.225,118.306,black-metal
Judgement Day,Iron Maiden,-0.9818,0.18,0.764,0.056,25,False,0.479,0.59,2,-7.014,1,0.0923,0.306,0.0,0.335,0.156,123.993,dancehall
Killers,Iron Maiden,-0.9186,0.196,0.639,0.165,21,False,0.639,0.94,6,-0.074,1,0.0573,0.00494,0.66,0.105,0.0711,175.004,drum-and-bass
Massacre,Iron Maiden,-0.9564,0.225,0.671,0.104,3,False,0.503,0.506,0,-7.554,0,0.0332,0.0989,0.0,0.352,0.11,89.888,dance
The Prophecy,Iron Maiden,-0.9871,0.225,0.668,0.107,21,False,0.452,0.974,9,-2.866,0,0.189,0.00683,0.0,0.378,0.319,155.019,hardstyle
All Alone,Irving Berlin,-0.7306,0.156,0.743,0.101,57,False,0.601,0.556,7,-10.722,0,0.395,0.776,0.0465,0.236,0.457,80.003,chill
Blue Skies,Irving Berlin,0.9814,0.055,0.717,0.227,0,False,0.401,0.368,7,-10.511,1,0.0452,0.822,0.0,0.0674,0.681,159.844,blues
It's A Lovely Day Today,Irving Berlin,0.9985,0.01,0.707,0.283,56,False,0.573,0.275,8,-10.684,1,0.0534,0.84,0.0,0.196,0.588,140.9,blues
Lazy,Irving Berlin,0.1531,0.1,0.782,0.119,24,False,0.712,0.301,2,-9.028,0,0.0307,0.931,0.444,0.0802,0.167,84.937,study
Marie,Irving Berlin,0.899,0.074,0.742,0.184,0,False,0.424,0.079,9,-16.861,1,0.0376,0.954,0.00147,0.0915,0.155,167.449,british
Moonshine Lullaby,Irving Berlin,0.7466,0.022,0.893,0.085,22,False,0.405,0.262,10,-12.19,1,0.0346,0.951,0.000742,0.113,0.228,80.154,show-tunes
Suppertime,Irving Berlin,0.9248,0.0,0.872,0.128,28,False,0.504,0.333,7,-12.575,1,0.303,0.298,0.0,0.297,0.305,82.921,disney
When I Lost You,Irving Berlin,-0.9325,0.325,0.564,0.111,12,False,0.549,0.464,0,-13.988,1,0.0343,0.876,0.954,0.0799,0.841,168.873,honky-tonk
Eternal,Isley Brothers,0.998,0.008,0.763,0.229,16,False,0.467,0.969,1,-6.543,1,0.0836,2.67e-06,0.654,0.148,0.247,109.0,black-metal
Hello It's Me,Isley Brothers,0.9712,0.058,0.796,0.146,55,False,0.578,0.848,5,-6.842,1,0.0261,0.0563,0.00426,0.0963,0.779,87.246,power-pop
Inside You,Isley Brothers,0.9917,0.0,0.793,0.207,21,False,0.555,0.796,4,-6.102,1,0.0781,0.00016,0.0325,0.12,0.355,119.678,industrial
Superstar,Isley Brothers,0.9535,0.01,0.922,0.068,43,False,0.62,0.24,10,-9.262,1,0.0382,0.878,3.16e-06,0.157,0.556,72.007,chill
Take A Ride,Isley Brothers,0.9946,0.038,0.628,0.333,37,False,0.868,0.534,0,-11.522,1,0.221,0.0148,0.694,0.109,0.224,125.031,minimal-techno
Tears,Isley Brothers,0.9973,0.105,0.562,0.333,26,False,0.657,0.676,11,-5.181,1,0.246,0.232,0.0,0.146,0.286,80.132,dancehall
You're All I Need,Isley Brothers,-0.5117,0.2,0.621,0.179,61,False,0.506,0.539,2,-10.654,1,0.0293,0.11,0.0,0.185,0.208,118.668,hard-rock
Come Holy Spirit,Israel,0.9941,0.023,0.661,0.316,36,False,0.437,0.638,4,-6.483,0,0.0308,0.211,0.000428,0.138,0.159,148.0,world-music
Here I Am To Worship,Israel,0.9936,0.055,0.578,0.366,61,False,0.373,0.435,4,-6.685,1,0.029,0.352,0.0,0.128,0.176,143.868,world-music
Sweeter,Israel Houghton,0.9877,0.0,0.801,0.199,33,False,0.686,0.377,9,-9.59,1,0.0589,0.638,0.0,0.128,0.551,92.042,acoustic
You Found Me,Israel Houghton,0.9987,0.12,0.618,0.262,27,False,0.638,0.758,10,-6.851,1,0.0401,0.328,8.11e-05,0.101,0.51,102.956,deep-house
Be Free,J Cole,0.9825,0.077,0.754,0.169,33,False,0.356,0.505,10,-11.126,0,0.146,0.782,0.596,0.12,0.352,190.41,electronic
Daddy's Little Girl,J Cole,0.9762,0.042,0.867,0.091,49,False,0.427,0.376,11,-8.812,1,0.0318,0.785,0.0,0.0736,0.334,78.444,british
Friday Night,J Cole,-0.2558,0.122,0.752,0.126,23,False,0.689,0.854,8,-4.788,0,0.0334,0.0168,0.00146,0.104,0.632,127.03,drum-and-bass
In the Morning,J Cole,0.9945,0.077,0.752,0.172,48,False,0.277,0.198,7,-11.923,1,0.0306,0.498,0.00623,0.0984,0.134,149.937,acoustic
Interlude,J Cole,0.9048,0.127,0.688,0.184,66,False,0.584,0.0831,7,-21.379,1,0.0395,0.988,0.934,0.111,0.591,100.079,folk
Roll Call,J Cole,-0.9981,0.32,0.622,0.058,52,False,0.864,0.414,1,-11.933,0,0.0408,0.196,0.0,0.299,0.971,90.942,british
Unabomber,J Cole,0.9925,0.094,0.735,0.171,25,False,0.489,0.967,2,-3.652,1,0.0811,8.32e-05,0.000191,0.374,0.16,139.992,death-metal
You Got It,J Cole,-0.9967,0.205,0.671,0.125,69,False,0.649,0.618,9,-10.728,1,0.0265,0.596,1.46e-06,0.192,0.667,114.688,rock-n-roll
The Road,Jackson Browne,-0.5346,0.075,0.864,0.061,39,False,0.683,0.927,4,-3.14,1,0.139,0.0919,0.0,0.103,0.734,160.065,dancehall
All Around The World,The Jam,0.5826,0.045,0.819,0.137,0,False,0.694,0.816,3,-3.949,0,0.191,0.0217,2.92e-06,0.167,0.798,128.009,pop
Art School,The Jam,0.9404,0.041,0.803,0.156,21,True,0.544,0.605,1,-11.676,1,0.905,0.77,0.0,0.565,0.397,114.099,comedy
The Combine,The Jam,0.5413,0.136,0.692,0.172,25,True,0.622,0.92,10,-4.745,1,0.0815,0.0117,2.37e-05,0.36,0.49,112.109,death-metal
Town Called Malice,The Jam,-0.9581,0.169,0.753,0.078,0,False,0.534,0.955,7,-5.338,1,0.0918,0.00368,0.0519,0.0719,0.759,101.724,punk-rock
Wasteland,The Jam,0.9914,0.061,0.736,0.203,51,False,0.563,0.836,1,-3.901,0,0.0903,0.108,0.0,0.243,0.657,141.923,dub
"Baby, It's Cold Outside",James Taylor,0.9693,0.098,0.76,0.142,0,False,0.609,0.575,1,-4.789,1,0.0387,0.723,0.0,0.176,0.662,113.958,country
Blossom,James Taylor,0.9786,0.044,0.735,0.221,63,False,0.873,0.238,5,-16.148,1,0.138,0.327,0.0,0.178,0.741,94.985,chill
Deck The Halls,James Taylor,0.9975,0.005,0.715,0.28,0,False,0.607,0.522,4,-10.068,1,0.0279,0.235,0.0,0.129,0.887,162.081,country
Fading Away,James Taylor,0.9335,0.042,0.871,0.087,40,False,0.503,0.581,9,-7.596,1,0.0346,0.155,0.00137,0.175,0.262,140.063,dub
Gaia,James Taylor,-0.8481,0.124,0.793,0.083,30,False,0.69,0.879,10,-9.097,0,0.0711,0.00548,0.917,0.0791,0.209,131.994,minimal-techno
Hymn,James Taylor,0.9778,0.035,0.777,0.188,0,False,0.14,0.125,1,-16.519,1,0.041,0.86,0.875,0.112,0.0362,140.811,ambient
I Will Follow,James Taylor,0.9994,0.017,0.559,0.425,53,False,0.586,0.783,10,-3.684,1,0.026,0.0617,0.0,0.129,0.483,95.932,world-music
It's Only A Paper Moon,James Taylor,-0.2163,0.094,0.811,0.095,59,False,0.761,0.103,10,-16.964,1,0.0416,0.944,0.0,0.127,0.53,114.044,blues
Lighthouse,James Taylor,0.9764,0.052,0.793,0.155,44,False,0.271,0.816,9,-2.332,1,0.0441,0.0568,0.0,0.397,0.139,150.053,hardstyle
Love Songs,James Taylor,0.9977,0.029,0.76,0.211,23,False,0.404,0.688,4,-14.802,1,0.0516,0.0892,5.23e-05,0.0671,0.515,71.684,goth
Migration,James Taylor,0.6286,0.052,0.882,0.066,23,False,0.281,0.141,4,-19.125,0,0.0334,0.978,0.883,0.103,0.206,135.356,new-age
Only One,James Taylor,0.9659,0.03,0.837,0.133,47,False,0.367,0.749,9,-4.279,1,0.187,0.135,0.0,0.102,0.286,179.791,dub
She Thinks I Still Care,James Taylor,0.9325,0.081,0.731,0.188,49,False,0.591,0.424,11,-8.512,1,0.0301,0.283,0.0,0.134,0.613,115.01,honky-tonk
Bad Day,Janis Joplin,-0.2329,0.124,0.765,0.112,22,True,0.637,0.303,1,-9.532,0,0.0905,0.193,0.0,0.155,0.202,50.68,j-dance
My Baby,Janis Joplin,0.9967,0.029,0.658,0.314,22,False,0.737,0.269,0,-12.654,1,0.0309,0.91,7.69e-06,0.105,0.333,119.988,bluegrass
Summertime,Janis Joplin,-0.9985,0.572,0.353,0.074,24,False,0.324,0.0655,10,-17.031,0,0.11,0.874,0.0,0.964,0.471,180.082,bluegrass
Absolutely Zero,Jason Mraz,-0.9503,0.146,0.758,0.096,20,False,0.521,0.495,5,-7.756,1,0.027,0.128,0.0,0.296,0.116,135.061,acoustic
If It Kills Me,Jason Mraz,-0.9742,0.177,0.685,0.138,0,False,0.633,0.429,4,-6.784,0,0.0381,0.0444,0.0,0.132,0.52,143.793,acoustic
I'm Yours,Jason Mraz,0.999,0.043,0.63,0.327,80,False,0.703,0.444,11,-9.331,1,0.0417,0.559,0.0,0.0973,0.712,150.96,acoustic
No Stopping Us,Jason Mraz,0.9874,0.047,0.748,0.205,19,False,0.646,0.836,1,-6.203,1,0.0327,0.301,3.23e-05,0.29,0.727,105.991,acoustic
One Love,Jason Mraz,0.9938,0.067,0.65,0.283,28,False,0.666,0.189,10,-14.536,1,0.0367,0.748,0.613,0.0899,0.85,76.001,children
Running,Jason Mraz,0.9887,0.076,0.771,0.153,59,False,0.606,0.853,5,-4.601,0,0.0392,0.00673,1.19e-06,0.241,0.333,122.001,electronic
Who Needs Shelter,Jason Mraz,0.7461,0.131,0.711,0.158,22,False,0.514,0.569,6,-7.866,0,0.03,0.601,2.21e-06,0.218,0.264,142.597,acoustic
Baila,Jennifer Lopez,0.9587,0.03,0.891,0.079,46,True,0.8,0.46,0,-8.735,0,0.0551,0.473,0.00105,0.104,0.585,145.002,brazil
Dance Again,Jennifer Lopez,0.9997,0.042,0.615,0.343,0,False,0.784,0.552,1,-7.261,0,0.0874,0.0447,0.0,0.196,0.464,111.984,dance
If You Had My Love,Jennifer Lopez,0.9998,0.029,0.606,0.365,68,False,0.77,0.875,10,-4.012,0,0.0817,0.375,0.0,0.335,0.766,113.99,french
So Good,Jennifer Lopez,0.9967,0.035,0.765,0.2,18,False,0.808,0.364,10,-10.472,0,0.103,0.0363,0.000203,0.0656,0.692,87.07,afrobeat
Still,Jennifer Lopez,0.9924,0.064,0.762,0.174,65,False,0.485,0.315,4,-11.599,1,0.0946,0.581,0.000349,0.11,0.425,134.714,chill
The One,Jennifer Lopez,0.9936,0.024,0.799,0.176,59,True,0.76,0.303,2,-11.362,1,0.0284,0.238,8.09e-06,0.294,0.15,99.991,edm
What Is Love,Jennifer Lopez,0.9998,0.071,0.606,0.322,42,False,0.632,0.362,5,-13.499,1,0.0348,0.624,0.000194,0.108,0.299,78.968,indian
Stop,Jimi Hendrix,-0.9863,0.308,0.544,0.148,39,False,0.326,0.3,9,-13.671,1,0.0454,0.443,0.0,0.139,0.391,185.63,british
Dallas,Jimmy Buffett,-0.3711,0.103,0.811,0.087,36,False,0.597,0.924,6,-4.415,0,0.0313,0.00929,1.02e-05,0.0405,0.684,141.012,swedish
Escape,Jimmy Buffett,0.9959,0.039,0.753,0.208,57,False,0.454,0.942,5,-5.22,0,0.0638,0.00656,0.000111,0.353,0.0955,149.922,hardstyle
Happily Ever After,Jimmy Buffett,0.9853,0.051,0.789,0.16,23,True,0.483,0.659,0,-7.288,1,0.166,0.813,0.0,0.274,0.876,186.16,comedy
Hey Good Lookin',Jimmy Buffett,0.97,0.01,0.872,0.118,10,False,0.724,0.298,2,-11.761,1,0.0379,0.758,0.0,0.0645,0.958,76.574,honky-tonk
Holiday,Jimmy Buffett,0.994,0.071,0.721,0.208,22,False,0.552,0.862,6,-5.693,1,0.0411,0.00148,4.19e-05,0.114,0.742,120.032,goth
Annie's Song,John Denver,0.9837,0.05,0.68,0.269,71,False,0.304,0.305,2,-10.879,1,0.0298,0.871,0.00368,0.367,0.464,146.066,country
Away In The Manger,John Denver,0.9834,0.082,0.695,0.222,0,False,0.308,0.119,5,-18.25,1,0.0343,0.973,0.941,0.11,0.0826,126.44,new-age
Circus,John Denver,-0.9293,0.088,0.884,0.028,37,False,0.655,0.589,8,-6.879,1,0.0659,0.491,0.029,0.0979,0.186,179.956,dub
Country Roads,John Denver,0.8024,0.0,0.949,0.051,57,False,0.37,0.824,9,-3.82,1,0.0944,0.167,3.8e-06,0.972,0.273,155.005,hardstyle
Eleanor Rigby,John Denver,-0.9839,0.195,0.768,0.037,68,False,0.521,0.301,4,-7.118,0,0.0356,0.836,0.0,0.398,0.621,137.382,british
Isabel,John Denver,0.1027,0.088,0.812,0.1,21,False,0.685,0.977,1,-2.775,1,0.107,0.0943,1.62e-05,0.091,0.863,141.944,happy
Old Train,John Denver,-0.5719,0.089,0.855,0.056,22,False,0.526,0.445,4,-11.845,1,0.0362,0.815,4.04e-05,0.0999,0.828,121.073,bluegrass
One World,John Denver,0.9056,0.074,0.837,0.089,17,False,0.677,0.746,4,-10.734,0,0.127,0.171,9.93e-06,0.101,0.71,97.075,afrobeat
Good Morning,John Legend,0.9973,0.03,0.633,0.337,50,False,0.659,0.633,1,-5.343,1,0.0334,0.0621,0.0128,0.334,0.0752,125.939,k-pop
Green Light,John Legend,0.9985,0.043,0.763,0.194,10,False,0.798,0.737,10,-5.343,0,0.205,0.00167,2.42e-05,0.137,0.707,175.057,breakbeat
Number One,John Legend,0.9831,0.076,0.778,0.145,39,False,0.647,0.887,11,-3.531,0,0.0346,0.0071,0.0001,0.106,0.337,109.931,synth-pop
So High,John Legend,0.9842,0.025,0.858,0.116,72,False,0.538,0.763,11,-6.346,0,0.205,0.0152,0.0,0.109,0.484,180.002,hip-hop
Dusty,John Martyn,-0.4404,0.015,0.985,0.0,41,False,0.8,0.783,11,-7.499,0,0.0911,0.000686,0.933,0.0881,0.186,127.002,minimal-techno
Glory Box,John Martyn,0.9948,0.031,0.744,0.225,0,False,0.51,0.433,1,-10.006,1,0.036,0.175,0.516,0.0603,0.208,119.695,electronic
John Wayne,John Martyn,0.9653,0.0,0.906,0.094,65,False,0.441,0.465,3,-8.389,1,0.0291,0.343,0.884,0.0982,0.173,123.933,ambient
Over The Hill,John Martyn,-0.9045,0.114,0.86,0.026,59,False,0.613,0.46,9,-13.006,0,0.0316,0.31,0.0044,0.136,0.759,93.846,british
Silent Night,John McDermott,0.9814,0.0,0.733,0.267,0,False,0.442,0.131,7,-10.49,1,0.028,0.687,0.0,0.127,0.277,76.991,country
The Old Man,John McDermott,0.9348,0.043,0.843,0.115,23,False,0.388,0.177,7,-17.333,1,0.0308,0.802,0.392,0.133,0.169,95.889,new-age
The Secret Of Christmas,John McDermott,0.8955,0.016,0.873,0.11,0,False,0.258,0.175,0,-11.903,1,0.0323,0.939,0.000156,0.136,0.107,89.072,blues
Voyage,John McDermott,0.9636,0.039,0.834,0.127,34,False,0.645,0.494,2,-9.537,0,0.0282,0.576,0.907,0.222,0.436,128.948,new-age
Check It Out,John Mellencamp,0.982,0.021,0.855,0.124,50,False,0.645,0.945,5,-3.516,0,0.0862,0.017,0.00122,0.318,0.718,120.029,blues
Cherry Bomb,John Mellencamp,0.9976,0.055,0.677,0.268,0,False,0.495,0.855,11,-6.49,1,0.0694,0.0427,4.12e-05,0.141,0.496,136.735,punk
Hurts So Good,John Mellencamp,0.9948,0.123,0.588,0.289,69,False,0.675,0.609,7,-5.027,0,0.0586,0.084,0.0,0.0957,0.378,120.039,dance
Beautiful World,John Prine,0.9598,0.086,0.732,0.181,36,False,0.621,0.524,2,-7.588,1,0.0347,0.538,1.03e-05,0.358,0.246,139.862,folk
Dear John,John Prine,0.907,0.03,0.87,0.1,22,False,0.745,0.346,0,-10.764,1,0.0387,0.739,0.0,0.13,0.71,169.689,honky-tonk
Leave The Lights On,John Prine,0.9623,0.034,0.846,0.121,56,False,0.649,0.821,1,-6.483,0,0.0313,0.0302,0.000141,0.0843,0.661,121.938,acoustic
Let's Invite Them Over,John Prine,0.6979,0.099,0.761,0.139,16,False,0.544,0.352,4,-6.73,1,0.0314,0.739,0.0,0.311,0.446,96.262,honky-tonk
Loose Talk,John Prine,0.9886,0.133,0.63,0.236,12,False,0.743,0.455,2,-10.84,1,0.0369,0.727,0.0,0.26,0.964,113.381,honky-tonk
Milwaukee Here I Come,John Prine,0.5859,0.041,0.905,0.055,10,False,0.405,0.469,0,-12.32,1,0.0437,0.452,0.0,0.383,0.921,205.402,honky-tonk
Out Of Love,John Prine,0.9958,0.041,0.712,0.246,74,False,0.481,0.267,7,-9.249,1,0.0339,0.8,0.0,0.249,0.137,117.64,electro
Sour Grapes,John Prine,-0.7891,0.202,0.665,0.134,77,False,0.779,0.801,6,-5.564,0,0.0457,0.395,0.0,0.108,0.72,139.998,k-pop
Souvenirs,John Prine,-0.9782,0.247,0.692,0.061,25,False,0.468,0.675,2,-6.201,0,0.0338,0.00551,0.000247,0.539,0.168,113.963,goth
We Could,John Prine,0.9913,0.0,0.73,0.27,12,False,0.537,0.305,7,-11.896,1,0.03,0.476,0.0,0.208,0.52,96.098,honky-tonk
We Must Have Been Out Of Our Minds,John Prine,0.9613,0.053,0.745,0.202,14,False,0.477,0.15,5,-14.3,1,0.029,0.826,0.0,0.138,0.458,90.939,honky-tonk
In Dreams,John Waite,0.9919,0.075,0.666,0.259,57,False,0.49,0.592,0,-13.54,1,0.0405,0.614,0.713,0.136,0.28,126.621,british
Lust For Life,John Waite,-0.484,0.175,0.675,0.15,66,False,0.383,0.97,9,-5.638,1,0.0435,0.0276,0.0,0.0942,0.62,101.603,punk-rock
She's The One,John Waite,0.9534,0.029,0.872,0.099,66,False,0.449,0.487,5,-7.456,0,0.0753,0.181,0.0,0.105,0.498,133.98,pop
Temptation,John Waite,0.991,0.077,0.682,0.24,60,False,0.734,0.541,7,-8.86,1,0.131,0.454,0.000851,0.132,0.501,140.044,chill
The Hard Way,John Waite,0.9887,0.144,0.645,0.211,19,False,0.368,0.233,1,-12.382,1,0.0303,0.861,2.56e-06,0.103,0.36,158.241,bluegrass
Always Alone,Johnny Cash,0.0644,0.192,0.678,0.13,24,False,0.713,0.869,0,-5.203,1,0.0305,0.00373,3.14e-06,0.398,0.377,127.982,power-pop
Bad News,Johnny Cash,-0.9854,0.214,0.695,0.091,49,False,0.599,0.856,7,-7.964,1,0.0387,0.175,0.868,0.114,0.663,93.007,club
Hana,Joni Mitchell,0.9781,0.075,0.71,0.216,0,False,0.679,0.43,0,-12.8,1,0.0928,0.152,0.447,0.086,0.473,120.005,iranian
Jericho,Joni Mitchell,0.9943,0.021,0.735,0.244,55,False,0.501,0.716,10,-4.661,1,0.0411,0.189,0.0,0.0606,0.363,70.919,acoustic
Lakota,Joni Mitchell,-0.9934,0.207,0.729,0.064,49,False,0.536,0.786,0,-3.718,0,0.0307,0.0315,1.96e-05,0.111,0.0386,86.999,drum-and-bass
Twisted,Joni Mitchell,-0.5407,0.119,0.783,0.098,66,False,0.577,0.789,2,-4.661,1,0.0427,0.00532,0.0105,0.214,0.149,97.52,alt-rock
All I Know,Josh Groban,0.9984,0.013,0.761,0.227,60,False,0.486,0.911,2,-5.214,0,0.0566,0.00824,0.0,0.124,0.308,155.953,groove
Falling Slowly,Josh Groban,0.8674,0.081,0.783,0.136,23,False,0.468,0.282,0,-9.802,1,0.03,0.712,0.000511,0.113,0.25,138.051,opera
Somewhere,Josh Groban,0.9432,0.0,0.84,0.16,53,False,0.502,0.963,8,-2.739,0,0.0506,0.033,0.00579,0.112,0.314,173.903,drum-and-bass
To Where You Are,Josh Groban,0.9909,0.011,0.78,0.209,54,False,0.286,0.322,5,-9.288,1,0.0317,0.651,0.000335,0.0994,0.109,124.96,opera
All That Really Matters,Journey,0.9715,0.022,0.812,0.166,70,False,0.352,0.666,1,-4.909,1,0.0512,0.117,1.81e-06,0.0934,0.227,169.965,dub
Any Way You Want It,Journey,0.9816,0.023,0.772,0.205,73,False,0.529,0.932,7,-7.501,1,0.0488,0.00251,0.00109,0.136,0.571,138.158,hard-rock
Daydream,Journey,0.9344,0.017,0.761,0.222,43,False,0.818,0.371,8,-8.319,1,0.0502,0.189,0.000489,0.124,0.39,90.006,chill
Don't Stop Believin',Journey,0.7823,0.051,0.851,0.097,83,False,0.5,0.748,4,-9.072,1,0.0363,0.127,0.0,0.447,0.514,118.852,hard-rock
Frontiers,Journey,-0.128,0.145,0.695,0.16,37,False,0.67,0.591,8,-14.319,0,0.0472,0.456,0.912,0.346,0.185,105.003,idm
Next,Journey,-0.0267,0.128,0.765,0.107,62,True,0.515,0.472,8,-10.644,0,0.052,0.876,0.00325,0.101,0.454,195.56,soul
Atmosphere,Joy Division,-0.6124,0.164,0.723,0.113,1,False,0.616,0.387,6,-11.813,1,0.0314,0.227,0.514,0.116,0.435,120.03,alt-rock
Transmission,Joy Division,-0.7224,0.096,0.844,0.06,17,True,0.0614,0.988,1,-3.821,1,0.13,0.000659,0.867,0.544,0.0579,62.17,grindcore
Come And Get It,Judas Priest,0.7909,0.081,0.769,0.15,62,True,0.567,0.987,4,-4.069,1,0.0765,0.000133,2.38e-05,0.371,0.383,107.974,metalcore
Death Row,Judas Priest,-0.9983,0.352,0.573,0.076,23,False,0.338,0.689,2,-12.255,1,0.0852,0.00302,0.000202,0.133,0.856,181.82,rockabilly
Revelations,Judas Priest,-0.9666,0.17,0.757,0.073,56,False,0.534,0.882,7,-4.161,1,0.0482,0.00785,0.0,0.107,0.368,113.045,grunge
Running Wild,Judas Priest,0.8199,0.066,0.833,0.101,31,False,0.529,0.663,1,-7.036,1,0.0251,0.368,0.00225,0.107,0.223,96.991,acoustic
Savage,Judas Priest,-0.9975,0.3,0.611,0.089,23,False,0.532,0.998,3,-2.17,0,0.132,0.00155,0.0,0.228,0.373,111.709,death-metal
Sinner,Judas Priest,-0.9921,0.229,0.655,0.116,42,True,0.724,0.802,11,-5.188,0,0.172,0.0269,2.81e-06,0.161,0.88,170.049,german
United,Judas Priest,-0.9986,0.421,0.544,0.035,5,False,0.654,0.687,6,-12.735,1,0.0444,0.00417,0.432,0.365,0.439,124.798,detroit-techno
Visions,Judas Priest,0.9479,0.055,0.83,0.115,59,False,0.658,0.67,7,-7.093,0,0.0255,0.499,0.0071,0.256,0.696,95.3,garage
Worth Fighting For,Judas Priest,0.8735,0.083,0.777,0.14,28,False,0.425,0.818,11,-8.173,0,0.0431,2.71e-06,5.74e-05,0.0912,0.323,129.836,metalcore
Alone Together,Judy Garland,0.9492,0.131,0.618,0.251,0,False,0.541,0.871,1,-4.741,1,0.122,0.00527,0.0,0.0867,0.666,179.973,country
Drummer Boy,Judy Garland,0.9217,0.03,0.848,0.121,0,False,0.752,0.85,8,-8.327,1,0.0819,0.025,0.000131,0.149,0.491,122.991,pop
Friendship,Judy Garland,0.9938,0.082,0.666,0.252,13,False,0.159,0.983,9,-2.468,1,0.0834,1.15e-05,0.39,0.536,0.246,82.935,grindcore
Merry Christmas,Judy Garland,0.9921,0.035,0.579,0.386,5,False,0.594,0.935,0,-2.018,1,0.0357,0.243,2.36e-06,0.102,0.602,113.99,pop
Girlfriend,Justin Bieber,0.9872,0.018,0.727,0.255,24,True,0.635,0.698,5,-10.039,1,0.237,0.05,2.94e-05,0.569,0.568,179.959,industrial
Love Me,Justin Bieber,0.9993,0.127,0.539,0.334,55,False,0.706,0.606,1,-7.059,0,0.0789,0.033,0.00215,0.116,0.254,101.491,french
Never Say Never,Justin Bieber,0.9511,0.05,0.876,0.074,0,False,0.469,0.931,0,-4.187,0,0.0563,0.00752,0.0,0.111,0.49,140.059,country
Recovery,Justin Bieber,0.9862,0.083,0.759,0.158,50,False,0.456,0.461,2,-11.337,1,0.0593,0.0978,0.815,0.102,0.119,155.008,ambient
So Sick,Justin Bieber,-0.995,0.265,0.572,0.163,3,False,0.679,0.682,6,-5.837,1,0.261,0.265,0.0,0.287,0.59,94.971,dance
Time For Bed,Justin Bieber,-0.3882,0.055,0.899,0.047,26,False,0.737,0.323,4,-7.48,1,0.0427,0.832,0.0,0.348,0.598,79.092,british
Where Are You Now,Justin Bieber,0.9877,0.044,0.757,0.199,26,False,0.474,0.508,6,-6.845,0,0.0235,0.316,0.0,0.166,0.358,77.31,blues
Gone,Justin Timberlake,-0.2432,0.075,0.862,0.063,0,False,0.483,0.329,9,-7.407,0,0.0504,0.956,0.0,0.0911,0.312,128.454,british
I'm Lovin' It,Justin Timberlake,-0.9265,0.075,0.881,0.044,14,False,0.815,0.872,6,-7.308,0,0.0484,0.0754,0.876,0.122,0.494,119.002,chicago-house
I'm Sorry,Justin Timberlake,-0.3839,0.193,0.672,0.136,50,False,0.698,0.239,4,-11.138,1,0.103,0.928,0.934,0.146,0.254,156.131,chill
Pose,Justin Timberlake,0.9824,0.065,0.807,0.128,26,True,0.923,0.587,10,-3.826,0,0.103,0.0125,0.0133,0.0729,0.252,100.003,dancehall
What You Got,Justin Timberlake,-0.8934,0.119,0.881,0.0,19,False,0.454,0.952,11,-2.6,0,0.199,0.0447,0.000243,0.0441,0.233,170.01,hardstyle
Anyway,Kanye West,-0.9901,0.176,0.735,0.089,18,False,0.541,0.31,11,-9.523,0,0.0479,0.813,3.66e-05,0.308,0.324,137.956,afrobeat
Electric Relaxation,Kanye West,0.9982,0.044,0.793,0.163,68,False,0.866,0.534,11,-9.201,1,0.229,0.184,0.266,0.0929,0.841,98.243,hardcore
Freestyle,Kanye West,-0.9901,0.144,0.76,0.095,9,False,0.791,0.949,11,-9.189,0,0.0633,2.46e-05,0.9,0.0309,0.825,134.096,detroit-techno
Homecoming,Kanye West,0.9905,0.031,0.86,0.11,0,False,0.302,0.382,0,-13.66,1,0.0362,0.701,0.837,0.11,0.0508,123.964,iranian
Last Call,Kanye West,-0.9938,0.163,0.741,0.096,62,False,0.636,0.528,2,-3.857,1,0.0346,0.299,0.0,0.326,0.27,107.244,soul
Lift Off,Kanye West,-0.9438,0.044,0.945,0.011,66,False,0.815,0.845,9,-6.832,0,0.0457,0.416,1.54e-06,0.117,0.955,129.874,indie-pop
My Way,Kanye West,0.9937,0.061,0.793,0.146,76,False,0.818,0.913,4,-3.06,0,0.0426,0.093,3.69e-05,0.161,0.536,119.986,electro
Roses,Kanye West,0.9712,0.08,0.794,0.125,74,False,0.713,0.802,4,-7.055,1,0.0561,0.0435,0.00377,0.309,0.343,100.001,edm
Revelation Song,Kari Jobe,0.9967,0.0,0.719,0.281,53,False,0.276,0.263,7,-7.859,1,0.0372,0.609,0.0,0.0802,0.0997,124.404,world-music
Sanctuary,Kari Jobe,0.8201,0.0,0.943,0.057,16,False,0.512,0.888,11,-5.657,0,0.0601,3.4e-05,0.76,0.23,0.113,174.057,drum-and-bass
Steady My Heart,Kari Jobe,0.905,0.095,0.75,0.155,43,False,0.58,0.654,7,-4.0,1,0.0262,0.0517,0.0,0.147,0.526,93.979,world-music
We Are,Kari Jobe,0.3194,0.078,0.842,0.08,60,False,0.41,0.834,5,-5.375,1,0.054,0.0651,0.0,0.115,0.333,147.982,emo
Candle In The Wind,Kate Bush,0.9022,0.054,0.847,0.1,46,False,0.596,0.468,4,-11.694,1,0.0292,0.208,5.17e-06,0.195,0.584,124.139,piano
My Lagan Love,Kate Bush,0.9688,0.103,0.688,0.209,19,False,0.223,0.046,6,-18.845,1,0.0398,0.985,3.72e-05,0.0804,0.282,86.356,opera
She's Leaving Home,Kate Bush,-0.4767,0.076,0.869,0.055,36,False,0.527,0.366,4,-8.458,1,0.0313,0.323,0.35,0.132,0.0993,125.072,children
Bad Dream,Katy Perry,0.9828,0.097,0.653,0.25,7,False,0.762,0.853,8,-4.062,1,0.368,0.24,0.0,0.327,0.748,79.846,kids
Bullet,Katy Perry,0.9873,0.055,0.762,0.183,46,False,0.34,0.751,1,-6.295,0,0.0653,0.234,2.04e-05,0.131,0.205,139.501,dubstep
Cheerleader,Katy Perry,0.9774,0.044,0.71,0.246,29,False,0.655,0.811,7,-4.89,1,0.0358,0.0132,4.23e-06,0.0788,0.873,146.989,garage
In Between,Katy Perry,-0.9219,0.102,0.867,0.031,34,False,0.56,0.849,0,-4.128,1,0.0306,0.66,1.19e-05,0.311,0.771,117.19,garage
It Takes Two,Katy Perry,0.9716,0.114,0.716,0.17,67,False,0.731,0.597,4,-7.661,1,0.0567,0.338,0.00114,0.0771,0.863,101.991,chill
Pearl,Katy Perry,0.9761,0.061,0.811,0.128,48,False,0.659,0.593,0,-6.814,0,0.0456,0.0427,2.17e-06,0.0689,0.47,84.945,chill
Simple,Katy Perry,0.8836,0.046,0.877,0.077,48,False,0.624,0.124,5,-11.191,1,0.028,0.917,0.0,0.12,0.206,78.014,ambient
This Moment,Katy Perry,0.9948,0.0,0.846,0.154,36,False,0.456,0.702,4,-8.934,0,0.0351,0.0183,0.0065,0.137,0.183,173.963,drum-and-bass
I Can't Believe It,Keith Green,0.9737,0.089,0.692,0.218,29,False,0.575,0.663,9,-5.375,1,0.0276,0.366,0.0,0.344,0.563,126.604,rockabilly
All For You,Keith Urban,-0.3925,0.125,0.752,0.123,57,False,0.526,0.783,0,-3.681,0,0.0376,0.00499,0.0,0.136,0.138,173.972,drum-and-bass
Don't Go,Keith Urban,-0.9442,0.1,0.871,0.029,56,True,0.521,0.916,0,-2.832,0,0.0555,0.00594,0.0,0.0781,0.841,170.012,british
I Can't Stop Loving You,Keith Urban,-0.9735,0.256,0.608,0.136,63,False,0.31,0.279,5,-13.552,1,0.0308,0.815,0.0,0.318,0.377,79.397,blues
Already Gone,Kelly Clarkson,0.8809,0.155,0.703,0.142,69,False,0.418,0.248,3,-9.997,1,0.0451,0.954,4.21e-06,0.108,0.298,130.953,ambient
Beautiful Disaster,Kelly Clarkson,0.9974,0.168,0.489,0.343,41,False,0.3,0.27,8,-14.397,0,0.0371,0.9,4.47e-05,0.1,0.214,144.589,acoustic
Go,Kelly Clarkson,-0.8804,0.106,0.83,0.064,1,True,0.751,0.897,1,-3.602,1,0.0468,0.00957,2.72e-05,0.329,0.483,119.97,alternative
It's Raining Men,Kelly Clarkson,0.9211,0.029,0.893,0.077,64,False,0.682,0.925,5,-5.896,0,0.121,0.315,0.000718,0.702,0.611,136.27,disco
Nostalgic,Kelly Clarkson,0.9165,0.073,0.814,0.113,0,False,0.691,0.539,0,-9.952,1,0.105,0.246,0.155,0.178,0.328,99.974,indie-pop
Not Today,Kelly Clarkson,-0.6483,0.168,0.699,0.133,71,False,0.593,0.945,8,-3.408,1,0.126,0.00174,0.0,0.923,0.674,110.023,k-pop
Maximum,Kelly Family,-0.0387,0.111,0.798,0.091,0,True,0.642,0.835,9,-3.442,1,0.0595,0.0452,0.0,0.0952,0.503,103.992,dancehall
One More Song,Kelly Family,-0.9403,0.127,0.828,0.044,49,False,0.508,0.342,7,-8.336,1,0.0409,0.649,0.0,0.0914,0.557,87.034,show-tunes
Santa Maria,Kelly Family,-0.5326,0.112,0.803,0.084,70,False,0.664,0.656,7,-7.089,1,0.0399,0.408,0.0,0.246,0.562,169.978,french
Thunder,Kelly Family,-0.6658,0.211,0.608,0.18,0,False,0.684,0.83,10,-3.908,1,0.0465,0.0132,0.000203,0.258,0.82,167.91,children
Just A Kid,Kenny Chesney,0.8698,0.053,0.871,0.076,24,False,0.397,0.948,2,-4.177,1,0.0635,0.094,0.00648,0.177,0.767,169.345,garage
Only Time Will Tell,Kenny Chesney,-0.9432,0.156,0.775,0.069,0,False,0.29,0.884,9,-5.71,0,0.0673,0.0435,0.0,0.225,0.294,125.314,hard-rock
Reality,Kenny Chesney,0.9882,0.047,0.749,0.204,30,False,0.54,0.537,2,-6.383,1,0.0321,0.0271,0.0115,0.101,0.0711,110.012,club
Seven Days,Kenny Chesney,0.9616,0.009,0.905,0.086,19,False,0.658,0.366,7,-20.075,0,0.0444,0.0184,0.736,0.214,0.295,118.042,german
1234,Kenny Loggins,0.9602,0.056,0.808,0.137,55,False,0.558,0.953,7,-4.705,1,0.0288,5.32e-05,0.000375,0.062,0.75,95.0,industrial
Changes,Kenny Loggins,0.9246,0.036,0.861,0.102,15,False,0.647,0.44,11,-15.182,0,0.0379,0.0175,0.0364,0.103,0.644,118.035,chicago-house
Danger Zone,Kenny Loggins,-0.981,0.192,0.808,0.0,20,False,0.679,0.49,2,-8.167,0,0.0299,0.507,4.04e-06,0.146,0.491,157.949,bluegrass
Don't Fight It,Kenny Loggins,0.9976,0.052,0.636,0.312,30,False,0.409,0.738,4,-4.582,0,0.0353,0.0204,0.0,0.34,0.359,153.955,grunge
If You Believe,Kenny Loggins,0.9799,0.024,0.853,0.123,22,False,0.357,0.273,0,-16.756,1,0.0426,0.945,0.758,0.25,0.196,145.498,new-age
Leap Of Faith,Kenny Loggins,0.9799,0.035,0.807,0.158,46,False,0.419,0.925,4,-6.055,1,0.0931,0.00411,0.0,0.306,0.245,142.517,metalcore
Love Will Follow,Kenny Loggins,0.998,0.011,0.797,0.192,45,False,0.683,0.6,7,-10.334,1,0.0324,0.58,0.452,0.0815,0.791,99.135,jazz
Now Or Never,Kenny Loggins,0.9229,0.03,0.893,0.077,67,False,0.67,0.585,6,-4.861,0,0.0354,0.107,1.11e-06,0.131,0.447,110.03,indie-pop
Rainbow Connection,Kenny Loggins,0.9763,0.036,0.813,0.151,51,False,0.513,0.183,2,-10.249,1,0.0407,0.966,0.0,0.327,0.266,107.18,ambient
Starbright,Kenny Loggins,0.9709,0.0,0.689,0.311,50,False,0.458,0.67,10,-4.993,1,0.0397,0.025,3.78e-06,0.358,0.107,160.05,dub
The One That Got Away,Kenny Loggins,-0.9753,0.157,0.784,0.059,45,False,0.655,0.502,8,-7.962,1,0.0349,0.579,0.0,0.117,0.368,123.931,acoustic
This Is It,Kenny Loggins,-0.9316,0.112,0.822,0.066,55,False,0.73,0.8,1,-4.779,1,0.042,0.0399,5.09e-05,0.109,0.692,117.038,blues
Calling Me,Kenny Rogers,0.973,0.033,0.797,0.17,44,False,0.515,0.687,1,-8.673,0,0.0363,0.195,0.0336,0.245,0.105,112.047,swedish
In The Wee Small Hours Of The Morning,Kenny Rogers,-0.7783,0.086,0.914,0.0,0,False,0.535,0.385,7,-13.102,0,0.0314,0.747,0.0129,0.0715,0.304,124.874,jazz
Kentucky Homemade Christmas,Kenny Rogers,0.9713,0.084,0.771,0.145,0,False,0.563,0.709,9,-7.855,1,0.0272,0.0936,0.0,0.066,0.497,118.126,country
Kids,Kenny Rogers,0.8402,0.03,0.883,0.087,78,False,0.451,0.931,9,-3.871,1,0.0719,0.00076,0.0049,0.361,0.172,122.961,alt-rock
One Life,Kenny Rogers,0.9915,0.025,0.765,0.21,0,True,0.658,0.719,9,-6.567,1,0.251,0.147,0.0,0.32,0.561,81.049,alternative
One More Day,Kenny Rogers,0.9269,0.047,0.769,0.185,55,False,0.574,0.86,7,-5.719,1,0.0358,0.00256,4.79e-06,0.128,0.279,105.009,metalcore
One Night,Kenny Rogers,0.9404,0.083,0.731,0.186,54,False,0.741,0.65,6,-8.809,1,0.0445,0.14,0.000256,0.599,0.426,118.003,deep-house
Collide,Kid Rock,-0.8876,0.218,0.64,0.142,56,False,0.636,0.625,11,-7.895,1,0.0277,0.222,5.35e-05,0.119,0.342,93.931,acoustic
Live,Kid Rock,0.9832,0.053,0.793,0.154,43,False,0.808,0.658,3,-3.706,1,0.0341,0.819,0.0,0.184,0.859,128.067,forro
New Orleans,Kid Rock,0.9967,0.021,0.774,0.206,19,False,0.628,0.671,4,-6.556,0,0.079,0.0658,0.812,0.0654,0.26,173.025,drum-and-bass
Prodigal Son,Kid Rock,0.99,0.099,0.751,0.15,25,False,0.531,0.947,6,-3.903,1,0.0871,0.000102,0.0,0.126,0.285,105.009,death-metal
A Great Big Sled,The Killers,0.998,0.009,0.747,0.244,0,False,0.532,0.872,0,-3.869,1,0.0636,0.00223,0.0,0.283,0.299,127.959,alt-rock
Go All The Way,The Killers,0.9604,0.027,0.847,0.126,62,False,0.305,0.849,9,-4.892,1,0.0999,0.548,0.000134,0.0995,0.555,134.287,j-rock
Mr. Brightside,The Killers,0.5343,0.125,0.735,0.14,2,False,0.344,0.931,1,-3.759,1,0.0783,0.00104,0.0,0.0903,0.251,148.104,alt-rock
Waiting For Love,The Killers,0.9982,0.013,0.669,0.318,81,False,0.579,0.736,6,-3.863,0,0.0527,0.31,0.0,0.198,0.613,127.999,dance
When You Were Young,The Killers,0.9603,0.076,0.775,0.149,5,False,0.441,0.976,8,-3.09,0,0.147,0.000335,0.0475,0.298,0.248,130.411,alt-rock
Brothers,Kim Wilde,0.9327,0.064,0.781,0.154,58,True,0.67,0.63,1,-3.651,1,0.0694,0.133,0.0,0.118,0.582,86.025,french
Cambodia,Kim Wilde,0.6778,0.083,0.809,0.107,23,False,0.578,0.995,6,-6.538,0,0.0401,0.000336,0.813,0.282,0.713,144.998,happy
Take Me Tonight,Kim Wilde,0.5032,0.1,0.733,0.167,28,False,0.52,0.586,8,-5.802,1,0.0332,0.456,0.0,0.131,0.41,143.753,show-tunes
Book Of Saturday,King Crimson,0.8074,0.094,0.783,0.123,49,False,0.332,0.0818,9,-21.575,0,0.0472,0.597,1.82e-06,0.104,0.202,69.023,psych-rock
Exiles,King Crimson,0.3071,0.061,0.868,0.071,17,False,0.188,0.982,4,-5.187,0,0.114,7.33e-05,0.816,0.592,0.0392,131.964,black-metal
I Talk To The Wind,King Crimson,-0.7435,0.081,0.902,0.017,55,False,0.281,0.309,4,-17.589,0,0.0373,0.545,0.618,0.109,0.309,81.173,j-rock
One Time,King Crimson,0.7184,0.087,0.767,0.146,3,False,0.69,0.856,1,-2.549,0,0.0376,0.0689,7.82e-05,0.0761,0.74,145.966,pop
The Howler,King Crimson,0.0459,0.182,0.667,0.151,10,False,0.171,0.988,9,-5.364,1,0.133,2.77e-06,0.868,0.303,0.487,121.961,grindcore
Christmas,King Diamond,-0.9871,0.159,0.825,0.016,24,False,0.691,0.712,7,-5.381,0,0.0695,0.396,0.0,0.127,0.812,160.056,comedy
Funeral,King Diamond,-0.7579,0.105,0.856,0.039,7,False,0.729,0.658,1,-11.527,0,0.0723,0.531,0.916,0.125,0.225,124.959,idm
Six Feet Under,King Diamond,-0.9485,0.167,0.738,0.096,75,False,0.576,0.307,11,-12.732,0,0.0428,0.807,0.000355,0.0792,0.157,67.513,electro
Spirits,King Diamond,0.6742,0.071,0.834,0.095,63,False,0.556,0.657,0,-6.075,1,0.0265,0.17,0.0,0.113,0.79,80.529,folk
The Lake,King Diamond,0.0422,0.177,0.63,0.193,24,False,0.503,0.0895,2,-17.979,0,0.0332,0.958,0.87,0.108,0.303,107.86,new-age
The Storm,King Diamond,-0.9081,0.106,0.84,0.055,20,False,0.337,0.323,7,-12.477,0,0.0318,0.909,0.765,0.166,0.157,80.917,disney
Animal Farm,Kinks,-0.7927,0.118,0.783,0.099,69,False,0.617,0.57,5,-4.28,0,0.0308,0.0178,5.92e-06,0.55,0.375,107.971,k-pop
Arthur,Kinks,0.9909,0.065,0.771,0.164,25,False,0.378,0.763,9,-5.626,1,0.0335,0.117,0.0169,0.339,0.501,139.674,garage
Attitude,Kinks,0.9652,0.056,0.828,0.116,43,False,0.644,0.77,1,-4.807,1,0.0561,0.0541,0.0,0.22,0.367,93.989,hip-hop
Full Moon,Kinks,0.2361,0.087,0.822,0.091,30,False,0.796,0.55,11,-13.184,0,0.0684,0.372,0.759,0.0885,0.643,109.985,chicago-house
Get Up,Kinks,0.7662,0.06,0.848,0.091,13,False,0.756,0.906,6,-4.07,0,0.0585,0.0338,0.00527,0.0813,0.931,130.029,breakbeat
Hold My Hand,Kinks,0.9967,0.0,0.721,0.279,46,False,0.32,0.0296,4,-22.273,0,0.0386,0.993,0.96,0.0798,0.142,175.971,classical
I Need You,Kinks,-0.9022,0.105,0.849,0.045,28,False,0.246,0.0569,7,-27.911,1,0.0353,0.957,0.945,0.0745,0.034,74.791,disney
Moments,Kinks,-0.1903,0.112,0.786,0.102,54,True,0.772,0.658,1,-5.612,0,0.226,0.0622,0.0,0.0997,0.16,129.345,dancehall
Noise,Kinks,0.5345,0.067,0.874,0.059,57,False,0.5,0.85,2,-7.759,1,0.0493,0.000406,0.00515,0.121,0.434,76.976,goth
Hold Me Now,Kirk Franklin,-0.9635,0.174,0.733,0.093,55,False,0.498,0.92,5,-6.465,0,0.0497,0.00331,2.77e-06,0.142,0.346,140.049,metalcore
Jesus Paid It All,Kirk Franklin,-0.9657,0.164,0.819,0.017,47,False,0.317,0.562,11,-8.719,1,0.0343,0.0925,0.0,0.893,0.218,76.915,world-music
Let It Go,Kirk Franklin,-0.9723,0.152,0.726,0.123,51,False,0.599,0.349,1,-9.269,1,0.0301,0.819,0.0,0.112,0.444,147.913,acoustic
September,Kirk Franklin,0.9984,0.016,0.764,0.221,54,False,0.754,0.442,6,-8.801,1,0.0481,0.0078,1.9e-05,0.106,0.33,110.028,deep-house
Stomp,Kirk Franklin,0.8746,0.059,0.79,0.151,13,False,0.415,0.795,4,-6.957,0,0.0578,0.00046,0.183,0.0649,0.79,99.989,breakbeat
Till We Meet Again,Kirk Franklin,0.9829,0.02,0.678,0.302,24,False,0.357,0.943,1,-6.679,1,0.0608,0.000122,0.313,0.226,0.257,83.101,black-metal
Wake Up,Kirk Franklin,0.9831,0.036,0.753,0.211,50,False,0.768,0.873,1,-3.922,0,0.0648,0.0612,1.69e-06,0.0615,0.771,119.984,alternative
You Are,Kirk Franklin,0.9816,0.061,0.749,0.19,30,False,0.698,0.496,9,-11.991,0,0.0367,0.557,0.852,0.091,0.282,160.007,idm
Annie,Kirsty Maccoll,0.9896,0.034,0.794,0.172,4,False,0.67,0.888,7,-4.639,1,0.0684,0.0106,0.708,0.264,0.37,120.986,house
Bad,Kirsty Maccoll,-0.8767,0.205,0.599,0.197,51,False,0.561,0.624,8,-7.44,0,0.0393,0.0698,0.000152,0.12,0.559,82.56,blues
Berlin,Kirsty Maccoll,0.7783,0.142,0.713,0.145,81,False,0.796,0.766,1,-4.237,1,0.0422,0.18,1.53e-06,0.164,0.846,121.008,latino
I Wanna Be Sedated,Kirsty Maccoll,-0.875,0.074,0.926,0.0,0,False,0.598,0.96,11,-3.989,1,0.042,0.169,2.89e-05,0.105,0.937,163.011,punk-rock
Ride,Kirsty Maccoll,-0.9407,0.186,0.79,0.024,67,False,0.757,0.393,5,-7.942,1,0.212,0.788,0.000986,0.0501,0.715,77.985,chill
Still Life,Kirsty Maccoll,0.5204,0.037,0.892,0.071,47,False,0.165,0.0448,2,-28.218,1,0.0426,0.943,0.779,0.0912,0.0565,135.893,ambient
Detroit Rock City,Kiss,0.8101,0.081,0.827,0.092,70,False,0.454,0.847,0,-10.981,0,0.115,0.00953,0.000285,0.15,0.317,90.291,hard-rock
Exciter,Kiss,0.9895,0.094,0.642,0.264,23,False,0.393,0.716,5,-8.087,0,0.0378,0.001,0.0,0.148,0.179,83.941,goth
Gimme More,Kiss,0.9511,0.087,0.753,0.16,79,False,0.788,0.844,2,-3.131,1,0.0334,0.25,0.000678,0.0723,0.382,113.324,dance
Heaven's On Fire,Kiss,-0.3645,0.122,0.765,0.113,1,False,0.627,0.909,0,-4.731,1,0.0658,0.000957,7.03e-05,0.336,0.697,124.313,hard-rock
Hell Or High Water,Kiss,-0.9983,0.34,0.532,0.128,1,False,0.57,0.939,5,-7.177,0,0.0701,0.155,0.0,0.633,0.538,117.322,hard-rock
I Love It Loud,Kiss,0.9955,0.044,0.68,0.276,64,False,0.414,0.897,5,-6.406,0,0.0538,0.000402,1.85e-06,0.0809,0.263,170.916,hard-rock
King Of The Mountain,Kiss,0.264,0.064,0.857,0.079,27,False,0.592,0.885,4,-3.274,1,0.0334,0.0112,2.02e-05,0.13,0.964,139.678,psych-rock
Last Chance,Kiss,0.9788,0.06,0.725,0.215,28,False,0.51,0.522,9,-10.52,1,0.0291,0.74,0.00452,0.284,0.527,134.114,bluegrass
Let Me Know,Kiss,0.9202,0.025,0.867,0.108,61,False,0.797,0.39,2,-6.594,1,0.0303,0.726,0.0,0.144,0.536,97.944,chill
Out Of This World,Kiss,0.955,0.045,0.85,0.105,22,False,0.598,0.936,6,-3.423,0,0.0482,0.00866,1.82e-06,0.0368,0.722,118.13,power-pop
Rock And Roll All Nite,Kiss,0.984,0.033,0.821,0.146,1,False,0.54,0.926,1,-6.205,1,0.162,0.0191,0.0,0.651,0.686,144.8,hard-rock
Rock Bottom,Kiss,0.9654,0.091,0.696,0.212,20,False,0.58,0.988,8,-5.145,1,0.0696,0.00634,0.000684,0.321,0.239,143.066,happy
Silver Spoon,Kiss,0.8568,0.08,0.769,0.151,71,False,0.65,0.879,9,-2.886,1,0.073,0.00104,0.0,0.0483,0.536,166.895,k-pop
Evolution,Korn,-0.8897,0.082,0.855,0.063,8,False,0.773,0.78,11,-7.167,0,0.0545,4.05e-05,0.866,0.185,0.318,124.348,detroit-techno
Fake,Korn,-0.9683,0.146,0.854,0.0,62,True,0.703,0.656,6,-5.363,0,0.078,0.139,0.0,0.0947,0.455,82.964,electro
Illuminati,Korn,0.7269,0.157,0.641,0.201,1,False,0.793,0.617,7,-4.32,1,0.0766,0.0464,0.00402,0.165,0.418,134.909,dance
It's Gonna Go Away,Korn,-0.9613,0.237,0.763,0.0,27,False,0.506,0.74,9,-7.773,0,0.0492,0.36,0.754,0.128,0.781,126.143,garage
It's On,Korn,0.8436,0.076,0.771,0.153,44,True,0.657,0.436,5,-7.074,0,0.386,0.26,0.0679,0.127,0.423,123.893,dancehall
Make Believe,Korn,0.9678,0.169,0.613,0.218,16,False,0.703,0.101,2,-17.993,1,0.0452,0.984,0.84,0.135,0.765,138.128,honky-tonk
Never Never,Korn,-0.9978,0.316,0.661,0.023,18,False,0.621,0.897,6,-4.027,0,0.16,0.0228,5.88e-05,0.367,0.716,175.874,breakbeat
No Place To Hide,Korn,-0.9607,0.261,0.547,0.192,22,False,0.607,0.748,6,-7.204,0,0.032,0.376,0.0201,0.0674,0.783,105.306,bluegrass
Souvenir,Korn,-0.8993,0.145,0.745,0.11,60,False,0.605,0.299,6,-11.192,0,0.0264,0.751,0.474,0.0943,0.181,109.008,ambient
Take It Back,Korn,-0.9827,0.22,0.627,0.153,39,False,0.409,0.991,5,-2.241,0,0.334,0.000333,8.98e-05,0.0838,0.17,173.948,drum-and-bass
Word Up,Korn,0.8817,0.079,0.816,0.105,65,False,0.878,0.84,6,-13.105,0,0.064,0.0421,0.0035,0.053,0.882,116.222,disco
Funny How Time Slips Away,Kris Kristofferson,0.9717,0.053,0.744,0.203,19,False,0.551,0.259,0,-12.877,1,0.0326,0.785,0.0585,0.177,0.426,85.436,honky-tonk
Help Me,Kris Kristofferson,0.9315,0.084,0.741,0.175,60,False,0.745,0.436,5,-9.617,0,0.043,0.597,0.0213,0.61,0.771,114.216,acoustic
One Day At A Time,Kris Kristofferson,0.936,0.023,0.83,0.146,53,False,0.671,0.799,6,-4.433,1,0.0626,0.0221,0.657,0.0742,0.727,173.996,drum-and-bass
One For The Money,Kris Kristofferson,-0.8402,0.136,0.82,0.045,40,False,0.759,0.536,3,-8.537,1,0.0429,0.0455,0.0,0.0313,0.842,90.073,j-pop
Ping Pong,Kris Kristofferson,0.7651,0.124,0.749,0.127,4,False,0.871,0.654,7,-8.836,1,0.0512,0.012,0.018,0.0995,0.568,125.023,chicago-house
Silver,Kris Kristofferson,0.9313,0.128,0.725,0.147,40,False,0.462,0.69,5,-7.192,1,0.0331,0.348,0.143,0.106,0.709,94.961,club
Stranger,Kris Kristofferson,0.9887,0.034,0.788,0.177,24,False,0.463,0.794,5,-7.95,1,0.0363,0.00199,0.000677,0.214,0.813,126.298,bluegrass
The Promise,Kris Kristofferson,0.9964,0.0,0.715,0.285,55,False,0.184,0.161,9,-18.261,1,0.0464,0.925,0.771,0.109,0.087,86.351,new-age
Human Nature,Kyla,0.9217,0.007,0.92,0.073,66,False,0.638,0.511,2,-10.041,1,0.0289,0.541,0.00478,0.26,0.68,93.108,soul
Wait For You,Kyla,-0.5002,0.084,0.845,0.071,54,False,0.565,0.453,2,-9.332,1,0.0309,0.114,0.0,0.142,0.131,114.906,deep-house
You Make Me Feel,Kyla,0.9993,0.051,0.591,0.357,52,False,0.461,0.52,6,-7.049,0,0.0325,0.00321,0.0183,0.134,0.256,124.937,german
Crystallize,Kylie Minogue,0.9382,0.033,0.861,0.105,46,False,0.73,0.655,2,-2.737,1,0.0816,0.165,0.00179,0.115,0.316,149.999,dub
Fine,Kylie Minogue,0.9704,0.103,0.719,0.178,69,False,0.36,0.565,7,-4.898,1,0.0608,0.358,0.0,0.0448,0.311,173.281,k-pop
Fragile,Kylie Minogue,0.9902,0.034,0.771,0.195,41,False,0.624,0.651,2,-10.015,0,0.0429,0.0226,0.853,0.139,0.0549,159.983,club
Paper Dolls,Kylie Minogue,0.9969,0.025,0.741,0.234,27,False,0.295,0.955,4,-4.746,1,0.0618,0.0485,0.088,0.191,0.377,174.414,power-pop
Rhythm Of Love,Kylie Minogue,0.9987,0.01,0.739,0.251,53,False,0.531,0.549,8,-7.895,1,0.0378,0.363,0.0,0.118,0.681,171.781,punk-rock
Secrets,Kylie Minogue,-0.6617,0.09,0.827,0.083,45,True,0.561,0.4,6,-5.996,0,0.146,0.769,9.16e-06,0.1,0.359,107.954,dancehall
Stars,Kylie Minogue,0.9549,0.0,0.89,0.11,17,False,0.47,0.869,2,-8.245,1,0.0376,5.15e-05,0.0914,0.0801,0.448,144.471,black-metal
Alejandro,Lady Gaga,0.9903,0.075,0.763,0.163,27,False,0.66,0.891,8,-7.813,1,0.104,0.197,0.829,0.108,0.192,148.001,trance
Bloody Mary,Lady Gaga,0.9104,0.07,0.807,0.123,11,False,0.584,0.638,9,-6.437,0,0.0302,0.0134,3.06e-06,0.101,0.456,99.97,dance
Dope,Lady Gaga,-0.8207,0.14,0.755,0.105,50,False,0.874,0.634,11,-6.672,1,0.126,0.202,0.61,0.0895,0.136,88.115,house
Ink,Lady Gaga,-0.9731,0.11,0.86,0.03,21,False,0.795,0.988,11,-4.409,0,0.16,0.181,2.15e-06,0.228,0.889,139.961,kids
Judas,Lady Gaga,0.9907,0.163,0.613,0.224,10,False,0.661,0.937,10,-3.83,0,0.0744,0.000967,1.58e-05,0.355,0.535,130.999,dance
Just Dance,Lady Gaga,0.9955,0.029,0.817,0.154,0,False,0.813,0.74,1,-4.668,0,0.0327,0.0318,1.43e-05,0.166,0.699,118.976,dance
New York,Lady Gaga,0.8716,0.064,0.805,0.131,52,False,0.664,0.458,9,-8.581,0,0.0285,0.89,0.945,0.115,0.571,93.561,garage
Optimist,Lady Gaga,0.997,0.082,0.675,0.243,25,False,0.305,0.902,0,-6.227,1,0.096,3.74e-05,0.0119,0.185,0.248,112.623,metalcore
Out Of Control,Lady Gaga,0.8057,0.05,0.877,0.073,48,False,0.551,0.933,10,-4.361,0,0.0333,0.000622,0.086,0.0851,0.417,131.964,breakbeat
Poker Face,Lady Gaga,0.9971,0.007,0.785,0.207,3,False,0.851,0.818,4,-4.637,1,0.0789,0.112,2.94e-06,0.0945,0.808,119.006,dance
Starstruck,Lady Gaga,-0.2657,0.043,0.91,0.046,0,False,0.555,0.879,9,-2.484,0,0.0983,0.011,0.0,0.298,0.691,113.852,edm
Wish You Were Here,Lady Gaga,0.9904,0.079,0.609,0.313,26,False,0.457,0.922,11,-2.974,0,0.0557,0.0332,0.00342,0.293,0.139,173.067,drum-and-bass
Afraid,Lana Del Rey,-0.9933,0.164,0.766,0.07,77,True,0.464,0.701,6,-5.693,0,0.0411,0.00892,0.309,0.335,0.356,83.996,alt-rock
Dum Dum,Lana Del Rey,0.7806,0.081,0.793,0.126,50,False,0.748,0.812,0,-7.938,1,0.0471,0.0634,0.00146,0.114,0.906,99.994,folk
Goodbye Kiss,Lana Del Rey,-0.8073,0.164,0.704,0.132,5,False,0.818,0.666,11,-10.661,0,0.185,0.0144,0.479,0.0867,0.651,122.645,detroit-techno
On Our Way,Lana Del Rey,0.9936,0.031,0.763,0.206,53,False,0.581,0.793,1,-5.949,1,0.0914,0.0084,0.0,0.183,0.352,130.902,swedish
Puppy Love,Lana Del Rey,-0.9885,0.203,0.64,0.157,18,False,0.683,0.517,9,-8.594,0,0.399,0.106,0.0,0.116,0.445,95.048,kids
Can't Take My Eyes Off You,Lauryn Hill,0.9993,0.027,0.571,0.403,38,False,0.653,0.968,5,-4.035,0,0.177,0.00598,0.0,0.355,0.323,127.998,party
A Whole New World,Lea Salonga,0.9769,0.013,0.86,0.126,15,False,0.467,0.568,11,-8.626,0,0.0326,0.231,0.351,0.135,0.0946,119.959,idm
Happiness,Lea Salonga,0.9986,0.007,0.609,0.384,70,False,0.662,0.905,11,-5.036,1,0.0383,0.0529,0.0521,0.202,0.857,117.997,alt-rock
I Don't Love You Anymore,Lea Salonga,0.645,0.108,0.769,0.123,10,False,0.648,0.299,9,-13.274,1,0.0287,0.769,0.0,0.0536,0.839,130.849,honky-tonk
I Still Believe,Lea Salonga,0.9467,0.1,0.758,0.142,54,False,0.414,0.25,9,-11.802,1,0.029,0.776,0.0,0.0886,0.25,148.402,ambient
On My Own,Lea Salonga,0.9867,0.033,0.794,0.173,69,False,0.361,0.871,8,-4.313,1,0.0393,0.0119,0.0,0.318,0.575,176.026,alt-rock
Please,Lea Salonga,0.9888,0.062,0.765,0.172,35,False,0.73,0.932,9,-3.792,1,0.0619,0.0372,0.00102,0.352,0.846,135.024,ska
Promise Me,Lea Salonga,0.9875,0.04,0.802,0.158,48,False,0.408,0.939,11,-4.993,1,0.0531,0.000141,0.0,0.143,0.432,174.967,metalcore
Reaching Out,Lea Salonga,0.9888,0.011,0.799,0.19,42,False,0.401,0.925,7,-5.45,0,0.0382,0.00298,0.799,0.106,0.145,176.009,breakbeat
Sing,Lea Salonga,0.982,0.0,0.816,0.184,69,False,0.33,0.905,4,-5.047,1,0.0497,0.000233,8.14e-06,0.0712,0.259,163.142,r-n-b
Sunlight,Lea Salonga,0.9908,0.041,0.788,0.171,46,False,0.482,0.662,3,-6.08,0,0.0521,0.279,0.0,0.121,0.182,145.078,dub
The Journey,Lea Salonga,0.919,0.056,0.834,0.11,59,False,0.165,0.0375,9,-30.391,1,0.0446,0.93,0.939,0.0855,0.0654,75.222,sleep
Tomorrow,Lea Salonga,0.8373,0.051,0.819,0.129,24,False,0.547,0.627,10,-7.311,0,0.0359,0.0513,0.00145,0.112,0.615,174.967,afrobeat
Don't Worry,Leann Rimes,0.997,0.017,0.536,0.447,27,False,0.744,0.391,2,-11.858,1,0.0796,0.0117,1.18e-06,0.0785,0.803,165.919,dancehall
Headphones,Leann Rimes,0.8352,0.02,0.902,0.077,56,False,0.559,0.455,5,-8.937,1,0.0306,0.421,2.08e-06,0.103,0.396,159.985,acoustic
Honestly,Leann Rimes,0.991,0.071,0.687,0.243,56,False,0.535,0.489,9,-10.626,1,0.0274,0.0621,0.0,0.143,0.0883,126.384,hard-rock
Long Night,Leann Rimes,0.9553,0.056,0.813,0.131,10,False,0.805,0.273,4,-15.269,1,0.0629,0.864,0.000226,0.108,0.265,115.048,honky-tonk
Santa Baby,Leann Rimes,0.9155,0.034,0.871,0.094,16,False,0.706,0.308,8,-7.35,1,0.0343,0.6,0.0,0.254,0.62,114.974,club
Satisfied,Leann Rimes,0.963,0.061,0.779,0.16,14,False,0.51,0.5,9,-9.383,0,0.0421,0.037,0.0,0.0965,0.627,105.793,honky-tonk
Sign Of Life,Leann Rimes,0.8959,0.081,0.772,0.147,65,False,0.507,0.929,0,-3.246,0,0.0756,4.37e-05,1.52e-05,0.397,0.429,101.05,metalcore
Strong,Leann Rimes,0.9595,0.116,0.67,0.214,53,False,0.583,0.9,4,-3.104,1,0.0574,0.0857,0.0,0.354,0.66,120.657,drum-and-bass
Suddenly,Leann Rimes,-0.9737,0.228,0.682,0.09,56,False,0.651,0.465,4,-7.538,1,0.0328,0.503,0.0455,0.495,0.585,107.75,garage
Yesterday,Leann Rimes,-0.6808,0.099,0.853,0.048,53,False,0.541,0.8,6,-3.687,1,0.0382,0.0442,0.0,0.398,0.56,129.939,anime
American Woman,Lenny Kravitz,0.7197,0.088,0.84,0.073,64,False,0.55,0.726,2,-8.51,1,0.0516,0.146,0.00608,0.428,0.37,92.697,psych-rock
Brother,Lenny Kravitz,0.9967,0.031,0.642,0.327,77,True,0.592,0.625,10,-6.203,0,0.2,0.618,9.71e-05,0.287,0.555,166.018,latino
Happy Birthday,Lenny Kravitz,0.9995,0.008,0.46,0.532,38,False,0.906,0.441,4,-6.908,1,0.042,0.198,0.0,0.401,0.952,112.936,children
I'll Be Around,Lenny Kravitz,0.9117,0.054,0.833,0.113,65,False,0.659,0.302,1,-12.283,1,0.0296,0.723,1.51e-05,0.111,0.331,79.024,folk
I'll Be Waiting,Lenny Kravitz,-0.0036,0.095,0.817,0.089,54,False,0.547,0.848,2,-2.684,1,0.0367,0.049,0.0,0.114,0.749,160.063,british
My Love,Lenny Kravitz,0.9916,0.112,0.423,0.466,12,False,0.772,0.873,4,-5.594,1,0.089,0.00156,0.0057,0.13,0.726,132.025,breakbeat
No Expectations,Lenny Kravitz,0.9811,0.074,0.672,0.254,27,False,0.419,0.607,9,-10.193,1,0.0296,0.615,0.632,0.716,0.56,117.456,bluegrass
Rosemary,Lenny Kravitz,0.9672,0.041,0.831,0.127,73,False,0.285,0.613,5,-6.412,1,0.0421,0.0185,0.1,0.114,0.0772,126.628,metal
Sunflower,Lenny Kravitz,0.9897,0.049,0.796,0.154,51,False,0.568,0.213,2,-11.882,1,0.0379,0.955,0.0,0.113,0.302,72.932,acoustic
Superstition,Lenny Kravitz,-0.9489,0.183,0.732,0.084,0,False,0.611,0.583,1,-14.182,1,0.0668,0.057,0.0195,0.0857,0.877,100.82,funk
More Than I Can Say,Leo Sayer,0.9951,0.063,0.679,0.258,64,False,0.53,0.807,6,-5.348,1,0.147,0.000532,2.75e-06,0.496,0.263,127.991,deep-house
Oh Girl,Leo Sayer,-0.3164,0.133,0.748,0.119,56,False,0.57,0.575,9,-7.032,1,0.0318,0.267,0.0,0.0823,0.421,135.903,synth-pop
Sea Of Heartbreak,Leo Sayer,-0.9852,0.251,0.638,0.111,29,False,0.594,0.613,11,-8.062,1,0.0291,0.384,0.000626,0.115,0.877,104.859,bluegrass
Here It Is,Leonard Cohen,0.9891,0.109,0.663,0.228,7,False,0.806,0.601,6,-13.054,1,0.103,3.88e-05,0.823,0.185,0.776,123.868,chicago-house
The Law,Leonard Cohen,0.8137,0.126,0.725,0.149,21,False,0.636,0.75,5,-4.697,0,0.253,0.264,0.0,0.293,0.497,133.116,j-dance
The Traitor,Leonard Cohen,-0.6931,0.133,0.751,0.115,55,False,0.628,0.585,3,-8.036,0,0.0421,0.147,0.927,0.0465,0.618,100.95,afrobeat
There For You,Leonard Cohen,-0.0258,0.097,0.792,0.111,56,False,0.7,0.422,8,-14.276,0,0.0356,0.523,0.424,0.12,0.193,111.967,deep-house
To Love Somebody,Leonard Cohen,0.9989,0.0,0.59,0.41,68,False,0.423,0.384,9,-12.503,1,0.0315,0.729,4.11e-06,0.27,0.521,90.43,disco
You Want It Darker,Leonard Cohen,-0.9855,0.195,0.69,0.115,62,False,0.674,0.327,4,-16.986,0,0.0574,0.613,0.199,0.0756,0.494,108.995,singer-songwriter
Bring Him Home,Les Miserables,0.8591,0.083,0.752,0.165,20,False,0.163,0.154,9,-16.223,1,0.0376,0.962,0.00604,0.108,0.0515,75.659,opera
Finale,Les Miserables,0.916,0.043,0.856,0.101,43,False,0.665,0.53,0,-9.127,0,0.0437,0.0551,0.795,0.233,0.17,126.993,minimal-techno
Little People,Les Miserables,-0.9488,0.156,0.712,0.132,16,False,0.545,0.524,8,-14.175,0,0.252,0.00915,0.0377,0.31,0.486,98.371,idm
Action,Lil Wayne,-0.9811,0.167,0.708,0.125,21,False,0.705,0.589,1,-9.178,1,0.0862,0.00422,0.879,0.192,0.0547,90.032,happy
Blinded,Lil Wayne,0.9732,0.0,0.823,0.177,48,False,0.78,0.57,11,-8.207,0,0.0467,0.218,0.00015,0.0955,0.277,124.98,deep-house
Coco,Lil Wayne,-0.9972,0.182,0.755,0.063,51,False,0.17,0.364,2,-21.87,1,0.0701,0.839,0.948,0.975,0.21,83.16,ambient
Earthquake,Lil Wayne,0.8347,0.084,0.817,0.099,41,False,0.618,0.88,2,-4.667,1,0.0912,0.00231,0.0,0.247,0.737,101.973,dancehall
Flowers,Lil Wayne,-0.9945,0.217,0.653,0.13,52,False,0.371,0.582,9,-7.372,1,0.0272,0.0835,0.00547,0.0794,0.488,145.562,garage
Ground Zero,Lil Wayne,-0.9844,0.117,0.797,0.086,62,False,0.536,0.89,1,-3.4,0,0.053,4.89e-05,5.35e-05,0.0472,0.454,113.05,metalcore
Blue Bayou,Linda Ronstadt,0.9756,0.052,0.79,0.158,20,False,0.579,0.26,7,-9.869,1,0.0312,0.912,0.000218,0.114,0.345,82.339,opera
Colorado,Linda Ronstadt,-0.8108,0.129,0.784,0.087,38,False,0.607,0.588,9,-6.882,1,0.0268,0.406,0.0,0.127,0.495,93.705,bluegrass
Day Dream,Linda Ronstadt,0.887,0.094,0.752,0.154,65,False,0.432,0.0951,1,-23.511,1,0.0388,0.909,0.89,0.117,0.093,100.265,jazz
Dedicated To The One I Love,Linda Ronstadt,0.9571,0.056,0.774,0.171,62,False,0.396,0.452,7,-8.809,1,0.0326,0.814,0.0,0.192,0.307,103.264,psych-rock
Faithful,Linda Ronstadt,0.2409,0.162,0.676,0.162,61,False,0.451,0.724,11,-5.758,1,0.0409,0.0309,0.0,0.0844,0.284,139.972,ambient
Give Me A Reason,Linda Ronstadt,-0.9228,0.12,0.805,0.075,65,False,0.33,0.658,9,-5.551,1,0.0929,0.31,7.37e-05,0.0988,0.142,194.98,singer-songwriter
I Can't Help It (If I'm Still In Love With You),Linda Ronstadt,0.9547,0.119,0.677,0.204,14,False,0.67,0.149,4,-13.795,1,0.0415,0.724,0.0,0.335,0.598,116.096,honky-tonk
I Fall In Love Too Easily,Linda Ronstadt,0.9946,0.103,0.461,0.436,66,False,0.532,0.0657,0,-19.136,0,0.0406,0.94,0.00488,0.0946,0.292,128.607,jazz
Justine,Linda Ronstadt,0.9825,0.055,0.77,0.175,26,False,0.61,0.834,1,-6.45,1,0.0348,0.129,4.19e-06,0.174,0.352,82.092,synth-pop
Burn It Down,Linkin Park,0.9515,0.025,0.892,0.083,35,False,0.778,0.696,9,-8.794,0,0.0434,0.0103,0.869,0.107,0.383,134.99,trance
Don't Stay,Linkin Park,-0.351,0.11,0.77,0.12,63,False,0.488,0.995,1,-3.096,0,0.108,0.00153,0.0,0.911,0.679,90.058,grunge
Empty Spaces,Linkin Park,-0.9953,0.192,0.747,0.061,25,False,0.302,0.772,4,-4.145,1,0.0646,0.00342,0.922,0.437,0.27,106.396,groove
Hands Held High,Linkin Park,-0.9899,0.142,0.775,0.083,44,True,0.565,0.603,9,-8.597,1,0.0329,0.324,4.87e-05,0.195,0.132,104.0,grunge
I'll Be Gone,Linkin Park,-0.5057,0.077,0.875,0.049,25,False,0.386,0.995,9,-5.145,1,0.039,0.0717,0.118,0.37,0.294,154.49,garage
In Pieces,Linkin Park,-0.8908,0.24,0.593,0.167,48,False,0.508,0.886,8,-6.074,1,0.0408,0.009,2.13e-06,0.136,0.79,160.11,grunge
Iridescent,Linkin Park,-0.9935,0.269,0.646,0.085,42,False,0.484,0.727,0,-6.107,1,0.0358,0.198,0.00204,0.107,0.216,120.066,alternative
Not Alone,Linkin Park,0.8651,0.069,0.748,0.183,56,False,0.682,0.766,6,-5.546,1,0.0313,0.149,3.38e-06,0.144,0.545,120.04,grunge
Robot Boy,Linkin Park,0.9675,0.068,0.761,0.171,25,False,0.58,0.784,7,-5.739,1,0.0289,0.0153,0.00912,0.142,0.214,129.993,grunge
Soul Song,Linkin Park,0.9442,0.064,0.732,0.204,44,False,0.399,0.611,9,-6.285,0,0.0353,0.431,0.00724,0.119,0.125,74.691,grunge
Spin,Linkin Park,-0.8453,0.134,0.759,0.107,34,False,0.742,0.726,11,-5.498,0,0.0884,0.309,0.0,0.143,0.962,94.005,british
System,Linkin Park,0.9256,0.056,0.808,0.136,18,False,0.525,0.894,5,-5.013,0,0.0863,0.025,0.00856,0.354,0.147,173.975,drum-and-bass
The Catalyst,Linkin Park,-0.6619,0.14,0.722,0.139,36,False,0.56,0.925,0,-5.48,1,0.0362,0.0372,0.0,0.104,0.178,135.009,alternative
The Little Things Give You Away,Linkin Park,0.9843,0.033,0.854,0.112,43,False,0.562,0.479,7,-7.233,1,0.0278,0.036,0.000126,0.0562,0.113,140.051,grunge
Valentine's Day,Linkin Park,-0.985,0.167,0.818,0.015,45,False,0.654,0.66,5,-5.594,1,0.0283,0.0252,0.0371,0.278,0.412,108.039,grunge
Victimized,Linkin Park,-0.9231,0.234,0.662,0.104,11,True,0.249,0.989,6,-4.988,1,0.0971,0.000362,0.0135,0.323,0.0313,109.351,grindcore
Wastelands,Linkin Park,-0.9898,0.172,0.769,0.059,51,False,0.44,0.993,2,-3.481,0,0.184,0.0104,0.0,0.964,0.614,169.77,grunge
What I've Done,Linkin Park,0.1672,0.079,0.839,0.082,58,False,0.623,0.93,5,-5.285,1,0.0324,0.0141,1.64e-06,0.138,0.287,120.119,alternative
Easy,Lionel Richie,0.9985,0.043,0.519,0.437,67,False,0.722,0.282,5,-7.484,1,0.106,0.373,0.00557,0.147,0.217,91.367,chill
I Apologize,Lionel Richie,-0.8359,0.105,0.786,0.109,56,False,0.505,0.929,9,-4.69,0,0.0529,0.00068,0.0,0.167,0.419,77.991,groove
I'm In Love,Lionel Richie,0.996,0.139,0.62,0.242,42,False,0.712,0.833,11,-5.909,1,0.0478,0.106,0.000135,0.417,0.605,106.012,dancehall
I'm Not Okay,Lionel Richie,0.9847,0.076,0.758,0.166,40,True,0.582,0.298,8,-11.6,0,0.0439,0.731,0.000116,0.0914,0.114,120.147,sad
In My Dreams,Lionel Richie,0.9956,0.006,0.748,0.246,41,False,0.431,0.93,8,-2.854,1,0.146,0.00309,0.00937,0.354,0.191,104.971,club
Oh No,Lionel Richie,-0.7501,0.195,0.677,0.128,58,False,0.505,0.827,0,-5.517,1,0.0456,0.00626,1.07e-05,0.112,0.0974,114.987,metalcore
Outrageous,Lionel Richie,-0.8755,0.202,0.636,0.162,19,True,0.537,0.637,4,-5.159,0,0.323,0.0438,0.0,0.271,0.185,139.261,j-dance
Stuck On You,Lionel Richie,0.9523,0.068,0.774,0.158,71,False,0.509,0.317,5,-16.063,1,0.0305,0.621,5.28e-05,0.0878,0.247,131.783,disco
Sweet Love,Lionel Richie,0.9996,0.012,0.592,0.396,46,False,0.547,0.328,8,-11.118,1,0.0321,0.163,0.0926,0.0884,0.186,139.959,acoustic
Tender Heart,Lionel Richie,0.8937,0.186,0.609,0.205,20,False,0.37,0.0384,2,-21.693,0,0.0517,0.986,0.932,0.0822,0.0393,116.611,new-age
Three Times A Lady,Lionel Richie,0.9674,0.0,0.802,0.198,1,False,0.486,0.242,8,-12.029,1,0.026,0.809,0.000326,0.177,0.0855,74.782,disco
To Love A Woman,Lionel Richie,0.9991,0.04,0.637,0.323,38,False,0.608,0.689,7,-4.846,1,0.0299,0.175,0.0,0.231,0.523,80.009,disco
Touch,Lionel Richie,0.9906,0.01,0.769,0.221,65,False,0.483,0.5,6,-9.403,1,0.0241,0.354,0.912,0.103,0.368,95.981,ambient
Truly,Lionel Richie,0.9954,0.013,0.645,0.342,59,False,0.449,0.383,4,-9.808,1,0.0278,0.145,0.565,0.0846,0.311,96.549,ambient
Move,Little Mix,0.9971,0.043,0.756,0.201,22,False,0.618,0.887,10,-8.369,0,0.0638,0.000516,0.708,0.27,0.17,180.868,happy
My Babe,Little Walter,0.9952,0.0,0.667,0.333,59,False,0.676,0.334,5,-10.572,1,0.0508,0.862,0.0,0.32,0.867,158.0,acoustic
Lost Weekend,Lloyd Cole,0.9856,0.072,0.745,0.183,0,False,0.593,0.856,9,-6.601,1,0.0415,0.00374,0.116,0.184,0.823,138.638,synth-pop
Loveless,Lloyd Cole,-0.9549,0.158,0.759,0.084,27,False,0.359,0.706,4,-4.236,0,0.0338,0.0132,0.00059,0.114,0.266,86.005,garage
Man Enough,Lloyd Cole,0.9965,0.072,0.658,0.27,37,False,0.812,0.476,10,-10.11,1,0.0381,0.334,0.0,0.12,0.85,99.861,blues
Millionaire,Lloyd Cole,0.9905,0.015,0.761,0.224,19,True,0.815,0.757,7,-7.126,1,0.122,0.0776,0.251,0.0626,0.891,93.571,afrobeat
Patience,Lloyd Cole,-0.9584,0.177,0.719,0.103,54,False,0.741,0.488,5,-14.283,0,0.0427,0.354,0.768,0.0576,0.127,110.055,french
Perfect Skin,Lloyd Cole,0.9954,0.109,0.63,0.261,35,False,0.599,0.72,4,-10.427,0,0.0333,0.12,0.109,0.67,0.76,130.243,synth-pop
Rattlesnakes,Lloyd Cole,0.9694,0.077,0.754,0.169,35,False,0.416,0.808,9,-11.45,1,0.0769,0.0822,2.01e-05,0.146,0.63,152.064,synth-pop
Rich,Lloyd Cole,0.9883,0.079,0.702,0.22,27,False,0.733,0.814,6,-5.36,0,0.391,0.325,0.0,0.114,0.192,96.906,dancehall
Sweetheart,Lloyd Cole,0.9463,0.069,0.761,0.17,66,False,0.768,0.806,8,-6.277,1,0.0517,0.376,1.65e-06,0.0787,0.925,123.039,pop-film
Sweetness,Lloyd Cole,0.2108,0.147,0.692,0.161,68,False,0.487,0.898,5,-4.436,1,0.038,0.00305,0.0,0.26,0.597,135.331,power-pop
Undressed,Lloyd Cole,-0.7821,0.175,0.664,0.16,20,False,0.378,0.548,10,-9.467,1,0.0335,0.00413,0.0309,0.123,0.154,131.407,black-metal
Everybody Wants To Rule The World,Lorde,0.9544,0.054,0.776,0.17,87,False,0.645,0.795,7,-12.095,1,0.0527,0.347,0.00389,0.104,0.535,112.067,synth-pop
Lost Boys,Lorde,0.7178,0.115,0.73,0.155,46,True,0.464,0.949,2,-2.454,1,0.336,0.003,0.000113,0.0808,0.374,77.121,industrial
Royals,Lorde,0.9938,0.062,0.783,0.155,25,False,0.716,0.86,1,-5.512,1,0.0738,0.513,8.35e-06,0.356,0.94,109.0,rockabilly
Team,Lorde,0.843,0.087,0.789,0.125,46,True,0.622,0.622,10,-7.259,1,0.0289,0.0056,0.0,0.326,0.257,102.055,dub
God's Country,Loretta Lynn,0.9686,0.061,0.759,0.18,0,False,0.537,0.754,10,-5.102,1,0.0399,0.0586,4.8e-06,0.118,0.212,139.986,country
Hello Darlin',Loretta Lynn,0.9895,0.046,0.714,0.24,10,False,0.543,0.204,0,-13.746,1,0.0313,0.783,1.78e-06,0.0929,0.512,110.41,honky-tonk
High On A Mountain,Loretta Lynn,0.9988,0.003,0.694,0.302,29,False,0.439,0.274,0,-16.033,1,0.0377,0.793,8.49e-05,0.227,0.682,201.5,bluegrass
Hold Her,Loretta Lynn,-0.7536,0.09,0.869,0.04,53,False,0.393,0.481,0,-9.168,1,0.0523,0.45,0.0,0.222,0.104,80.086,world-music
How Great Thou Art,Loretta Lynn,0.985,0.0,0.711,0.289,49,False,0.46,0.509,2,-6.997,1,0.0303,0.289,0.000143,0.351,0.297,115.89,world-music
I Feel Like Traveling On,Loretta Lynn,0.9956,0.038,0.482,0.48,12,False,0.589,0.18,7,-13.785,1,0.0267,0.754,0.0,0.105,0.672,82.344,honky-tonk
Once A Day,Loretta Lynn,0.6775,0.117,0.739,0.144,12,False,0.445,0.254,0,-15.018,1,0.0315,0.735,0.0,0.0904,0.706,131.252,honky-tonk
Sometimes You Just Can't Win,Loretta Lynn,-0.9464,0.222,0.701,0.077,13,False,0.43,0.139,5,-18.666,1,0.0283,0.852,0.00316,0.113,0.298,73.426,honky-tonk
America,Lou Reed,0.9553,0.022,0.81,0.168,24,False,0.397,0.408,9,-9.955,1,0.0732,0.635,0.0,0.103,0.519,73.322,comedy
Mad,Lou Reed,-0.999,0.364,0.57,0.066,56,False,0.453,0.878,7,-4.414,1,0.0898,0.00515,0.0,0.434,0.635,168.043,british
My House,Lou Reed,0.9963,0.042,0.679,0.279,27,False,0.186,0.969,1,-2.351,1,0.0722,1.41e-05,0.00118,0.0409,0.105,152.017,garage
Ocean,Lou Reed,-0.9163,0.111,0.86,0.029,48,False,0.662,0.711,5,-4.924,1,0.0279,0.0686,1.17e-05,0.085,0.352,119.989,acoustic
Starlight,Lou Reed,-0.9761,0.143,0.792,0.065,10,False,0.884,0.365,11,-16.929,1,0.193,0.00487,0.838,0.0836,0.387,126.986,detroit-techno
Autumn In New York,Louis Armstrong,0.9832,0.063,0.74,0.197,62,False,0.425,0.0469,7,-18.612,0,0.0354,0.955,0.0,0.137,0.154,135.335,blues
Bibbidi-Bobbidi-Boo,Louis Armstrong,-0.5448,0.051,0.949,0.0,33,False,0.357,0.278,8,-11.197,1,0.0693,0.95,1.08e-05,0.107,0.208,88.085,disney
Chim Chim Cher-ee,Louis Armstrong,0.9682,0.048,0.81,0.143,23,False,0.375,0.172,9,-15.302,0,0.0342,0.976,0.474,0.118,0.109,105.037,disney
"Cold, Cold Heart",Louis Armstrong,-0.7502,0.197,0.65,0.153,46,False,0.576,0.166,2,-12.052,1,0.0371,0.887,0.0,0.153,0.541,113.199,honky-tonk
Lemonade,Louis Jordan,0.9648,0.055,0.811,0.135,74,False,0.789,0.744,1,-7.245,1,0.0414,0.281,0.0,0.0763,0.783,143.998,pop
Dracula,Lucky Dube,0.9936,0.101,0.643,0.256,56,False,0.727,0.791,4,-4.47,1,0.13,0.444,0.0,0.131,0.711,74.994,hip-hop
Victims,Lucky Dube,-0.9991,0.368,0.618,0.014,34,False,0.428,0.312,8,-14.24,1,0.0333,0.431,0.0,0.111,0.371,126.75,disco
Apologize,Luther Vandross,0.9925,0.104,0.718,0.178,51,False,0.566,0.168,3,-12.483,1,0.0372,0.812,0.0,0.125,0.238,116.286,acoustic
How Deep Is Your Love,Luther Vandross,0.9491,0.059,0.823,0.119,16,False,0.853,0.699,10,-5.678,0,0.108,0.00992,0.0136,0.142,0.335,140.001,club
My Favorite Things,Luther Vandross,-0.7154,0.132,0.736,0.132,57,False,0.622,0.247,1,-12.472,1,0.0758,0.87,0.0,0.14,0.627,114.417,show-tunes
Since You've Been Gone,Luther Vandross,0.9568,0.019,0.867,0.114,21,False,0.723,0.393,9,-8.303,1,0.102,0.542,0.0,0.321,0.92,132.218,comedy
End Of The Road,Lynyrd Skynyrd,0.8979,0.027,0.896,0.076,48,False,0.585,0.441,7,-9.271,0,0.0311,0.501,0.534,0.0967,0.0591,114.091,acoustic
One Thing,Lynyrd Skynyrd,0.9536,0.04,0.804,0.156,45,False,0.508,0.51,0,-7.485,1,0.0281,0.144,0.0,0.68,0.0905,113.046,world-music
Ready To Fly,Lynyrd Skynyrd,0.9948,0.062,0.694,0.244,64,False,0.485,0.969,8,-0.517,0,0.0561,0.0485,0.664,0.192,0.448,173.941,drum-and-bass
South Of Heaven,Lynyrd Skynyrd,0.9841,0.06,0.756,0.183,64,True,0.31,0.991,5,-3.769,0,0.316,0.000132,0.085,0.0969,0.0395,140.071,death-metal
Through It All,Lynyrd Skynyrd,0.6176,0.123,0.74,0.136,24,False,0.474,0.865,7,-3.926,0,0.0483,0.000659,1.78e-06,0.198,0.344,87.074,drum-and-bass
A New Argentina,Madonna,-0.8623,0.151,0.717,0.132,20,False,0.383,0.483,4,-8.869,0,0.069,0.366,0.0,0.169,0.39,86.358,show-tunes
Addicted,Madonna,0.9803,0.088,0.757,0.155,57,False,0.605,0.386,5,-7.9,0,0.134,0.586,6.95e-06,0.109,0.449,171.052,chill
Celebration,Madonna,0.9881,0.025,0.847,0.128,1,False,0.857,0.782,1,-5.633,1,0.0657,0.139,0.0357,0.0495,0.899,120.763,disco
Holy Water,Madonna,0.9975,0.042,0.633,0.325,0,False,0.519,0.363,9,-8.238,1,0.0302,0.317,1.17e-06,0.108,0.211,95.275,country
Holy War,Manowar,-0.9963,0.321,0.62,0.059,50,False,0.195,0.995,11,-3.78,1,0.26,0.000395,0.000551,0.335,0.147,90.753,death-metal
Mountains,Manowar,-0.8708,0.139,0.785,0.076,25,True,0.323,0.329,3,-10.273,1,0.0325,0.992,0.000464,0.35,0.272,133.018,garage
Valhalla,Manowar,0.8519,0.093,0.755,0.152,49,False,0.537,0.925,5,-5.143,0,0.181,0.00581,5.39e-05,0.714,0.294,155.022,hardstyle
Bye Bye,Mariah Carey,0.9992,0.043,0.73,0.227,15,False,0.665,0.902,4,-6.319,0,0.0429,0.049,0.000684,0.107,0.517,116.792,chicago-house
Cruise Control,Mariah Carey,0.8733,0.078,0.814,0.108,34,False,0.729,0.546,2,-7.689,1,0.0452,0.0198,2.31e-06,0.0427,0.927,164.01,blues
Crybaby,Mariah Carey,-0.9976,0.177,0.741,0.082,46,False,0.172,0.371,11,-10.516,0,0.033,0.904,0.921,0.107,0.101,63.998,anime
Good Times,Mariah Carey,0.988,0.02,0.627,0.353,15,False,0.792,0.794,0,-4.414,0,0.0661,0.133,0.0,0.286,0.684,117.993,breakbeat
I Am Free,Mariah Carey,0.9965,0.087,0.443,0.47,37,False,0.516,0.717,2,-6.718,1,0.0329,0.00194,0.00306,0.904,0.176,135.9,world-music
I Wish You Well,Mariah Carey,0.9969,0.144,0.606,0.249,13,False,0.68,0.833,11,-5.585,1,0.0595,0.0312,0.000432,0.245,0.7,97.649,kids
Last Kiss,Mariah Carey,0.9964,0.039,0.715,0.246,71,False,0.622,0.692,7,-6.97,1,0.0276,0.363,0.000158,0.193,0.774,112.053,alt-rock
Loverboy,Mariah Carey,0.9989,0.013,0.758,0.229,20,False,0.826,0.335,2,-12.88,1,0.0746,0.727,0.937,0.0736,0.222,123.498,minimal-techno
Oh Come All Ye Faithful,Mariah Carey,0.9959,0.0,0.638,0.362,25,False,0.431,0.17,0,-14.912,1,0.0389,0.988,0.845,0.0846,0.385,146.479,new-age
Reflections,Mariah Carey,0.9958,0.051,0.676,0.273,80,False,0.648,0.594,11,-7.027,0,0.0293,0.114,0.0462,0.116,0.544,113.983,alt-rock
Stay The Night,Mariah Carey,0.6817,0.127,0.742,0.13,53,False,0.828,0.697,7,-7.035,0,0.034,0.0585,0.156,0.107,0.387,122.998,deep-house
House Of The Rising Sun,Marianne Faithfull,-0.0644,0.065,0.873,0.062,61,False,0.804,0.776,9,-6.892,0,0.0557,0.014,0.216,0.838,0.127,117.99,deep-house
Ruby Tuesday,Marianne Faithfull,-0.9291,0.13,0.814,0.056,63,False,0.524,0.553,0,-10.767,1,0.0292,0.831,0.0,0.174,0.517,104.578,british
Something Better,Marianne Faithfull,-0.296,0.092,0.818,0.09,12,False,0.618,0.922,11,-4.344,0,0.0461,0.00348,0.0022,0.0838,0.599,108.042,honky-tonk
Fake Plastic Trees,Marillion,0.7655,0.108,0.764,0.127,72,False,0.463,0.229,2,-12.592,1,0.0297,0.167,0.0997,0.202,0.135,73.543,alt-rock
Garden Party,Marillion,0.9689,0.052,0.786,0.162,56,False,0.774,0.247,2,-21.657,1,0.0779,0.786,0.0186,0.116,0.803,143.955,rockabilly
Go!,Marillion,0.6903,0.0,0.907,0.093,47,False,0.497,0.742,7,-6.353,0,0.0291,0.00132,0.0395,0.0522,0.209,90.994,french
Neverland,Marillion,0.872,0.136,0.682,0.181,52,False,0.312,0.937,8,-3.994,0,0.0504,0.00301,0.182,0.288,0.257,137.993,progressive-house
Sympathy,Marillion,-0.9716,0.234,0.638,0.128,49,False,0.69,0.423,2,-9.194,0,0.0294,0.883,0.0123,0.111,0.59,130.121,acoustic
The Great Escape,Marillion,-0.839,0.142,0.753,0.105,55,False,0.423,0.94,1,-4.012,0,0.0635,0.00166,0.0,0.178,0.505,149.934,punk-rock
Coma White,Marilyn Manson,-0.99,0.213,0.715,0.072,56,True,0.347,0.741,9,-7.937,0,0.0324,6.73e-06,0.115,0.267,0.0994,159.918,industrial
Come Together,Marilyn Manson,0.7673,0.05,0.851,0.099,61,False,0.447,0.788,2,-4.994,0,0.0464,0.00257,1.68e-05,0.0744,0.505,80.04,blues
Disposable Teens,Marilyn Manson,0.9987,0.094,0.505,0.401,62,True,0.3,0.956,10,-5.016,1,0.185,5.32e-05,0.0161,0.532,0.271,134.083,industrial
Redeemer,Marilyn Manson,-0.9873,0.258,0.671,0.07,20,False,0.218,0.107,7,-18.676,1,0.0384,0.912,0.398,0.118,0.0392,134.568,new-age
Running To The Edge Of The World,Marilyn Manson,-0.7878,0.101,0.822,0.078,49,True,0.513,0.581,4,-6.309,0,0.0289,0.011,0.00521,0.214,0.072,132.957,industrial
This Is Halloween,Marilyn Manson,-0.9816,0.142,0.798,0.06,0,False,0.644,0.644,5,-5.057,0,0.11,0.634,0.0,0.136,0.463,167.418,children
Oh My God,Mark Ronson,0.9943,0.02,0.818,0.162,82,False,0.534,0.725,1,-3.906,1,0.046,0.091,0.0,0.0264,0.55,88.098,british
Can't Stop,Maroon 5,0.994,0.018,0.737,0.245,82,False,0.618,0.938,9,-3.442,1,0.0456,0.0179,0.0,0.167,0.875,91.455,alt-rock
If I Fell,Maroon 5,0.9954,0.064,0.539,0.397,41,False,0.456,0.327,2,-11.721,1,0.0295,0.28,0.884,0.154,0.176,90.958,children
Myself,Maroon 5,-0.993,0.246,0.7,0.054,68,False,0.745,0.561,9,-5.513,0,0.072,0.465,1.12e-06,0.0338,0.902,195.918,electro
New Love,Maroon 5,0.9978,0.139,0.554,0.307,55,False,0.63,0.774,10,-7.876,0,0.0413,0.192,0.585,0.115,0.304,122.999,disco
Wake Up Call,Maroon 5,-0.9965,0.21,0.711,0.079,41,True,0.245,0.715,7,-6.192,1,0.0372,0.0814,0.0,0.341,0.367,75.028,grunge
Fields Of Gold,Mary Black,-0.3802,0.069,0.882,0.049,53,False,0.59,0.154,2,-14.056,1,0.0736,0.977,0.923,0.11,0.295,175.735,guitar
Michelle,Matt Monro,0.9747,0.0,0.83,0.17,73,False,0.352,0.442,4,-5.238,1,0.0297,0.0808,2.32e-05,0.109,0.108,115.647,indie-pop
When Sunny Gets Blue,Matt Monro,0.9961,0.074,0.563,0.363,59,False,0.427,0.114,2,-22.546,0,0.0509,0.843,0.863,0.0966,0.114,60.484,piano
History Maker,Matt Redman,0.979,0.084,0.653,0.264,60,False,0.397,0.668,9,-4.292,1,0.0855,0.102,0.0,0.0744,0.456,67.012,j-dance
You Never Let Go,Matt Redman,-0.9613,0.174,0.728,0.098,43,False,0.219,0.771,11,-5.047,1,0.0544,0.115,0.0,0.113,0.272,157.76,world-music
Flowers In December,Mazzy Star,-0.7906,0.096,0.856,0.048,3,False,0.59,0.229,7,-13.174,1,0.0301,0.115,0.00168,0.0854,0.168,96.859,alt-rock
It's A Shame,Mazzy Star,0.9243,0.12,0.65,0.23,5,False,0.598,0.588,7,-13.891,1,0.0361,0.000943,0.83,0.108,0.282,110.484,detroit-techno
Now That You're Gone,Mazzy Star,-0.574,0.162,0.704,0.134,7,False,0.851,0.642,1,-8.725,0,0.0446,0.00313,0.0628,0.105,0.691,124.996,chicago-house
Tell Me Now,Mazzy Star,0.3458,0.093,0.801,0.106,0,False,0.718,0.897,4,-4.401,1,0.0371,0.0433,2.82e-05,0.0783,0.991,137.009,dancehall
Wasted,Mazzy Star,-0.8165,0.149,0.77,0.08,65,False,0.651,0.827,10,-5.108,0,0.0319,0.00162,0.0902,0.0803,0.851,114.918,hip-hop
Pray,Mc Hammer,0.9979,0.013,0.802,0.185,50,False,0.392,0.956,11,-3.663,1,0.0939,9.72e-05,0.0278,0.145,0.541,178.05,j-pop
Original Sin,Meat Loaf,-0.9949,0.162,0.749,0.088,42,False,0.689,0.635,1,-7.153,1,0.0251,0.12,0.000206,0.121,0.439,104.971,piano
13,Megadeth,-0.9902,0.176,0.722,0.102,36,False,0.663,0.331,3,-8.476,1,0.0283,0.791,5.16e-06,0.102,0.546,109.968,goth
Ecstasy,Megadeth,-0.8807,0.264,0.556,0.18,57,True,0.606,0.36,3,-7.231,1,0.184,0.509,9.55e-05,0.105,0.0391,72.476,emo
Insomnia,Megadeth,-0.2617,0.075,0.864,0.062,60,False,0.62,0.884,1,-4.127,1,0.0441,0.00595,1.1e-06,0.201,0.594,125.39,british
Mary Jane,Megadeth,-0.7983,0.145,0.75,0.104,36,False,0.392,0.965,4,-7.096,0,0.184,0.000519,0.000123,0.0871,0.234,162.525,hard-rock
Paranoid,Megadeth,0.8365,0.165,0.634,0.201,65,True,0.355,0.973,4,-7.004,0,0.071,0.000359,0.154,0.142,0.628,187.385,hard-rock
Problems,Megadeth,-0.9971,0.282,0.641,0.078,33,False,0.669,0.973,2,-2.772,1,0.0454,0.001,0.649,0.652,0.0397,116.006,club
School's Out,Megadeth,-0.9542,0.2,0.741,0.059,0,False,0.292,0.745,5,-9.138,1,0.0463,0.0506,0.125,0.675,0.347,134.077,hard-rock
Seven,Megadeth,-0.9674,0.296,0.554,0.15,0,False,0.223,0.897,0,-5.738,1,0.075,0.25,0.854,0.107,0.133,189.91,iranian
Sin,Megadeth,-0.9423,0.217,0.704,0.078,50,True,0.523,0.941,2,-0.927,1,0.445,0.00719,0.457,0.364,0.382,144.536,dub
Symphony Of Destruction,Megadeth,0.9607,0.058,0.756,0.186,0,False,0.61,0.889,4,-5.452,0,0.0585,0.000794,0.0865,0.0657,0.506,139.903,alt-rock
Underground,Men At Work,0.888,0.023,0.87,0.107,31,False,0.404,0.879,7,-6.312,1,0.0923,0.00177,2.1e-05,0.336,0.379,135.011,hardcore
Battery,Metallica,-0.9044,0.225,0.619,0.156,65,False,0.481,0.928,11,-8.799,0,0.0672,0.00022,0.558,0.106,0.427,96.699,hard-rock
Frustration,Metallica,-0.9984,0.31,0.527,0.163,6,False,0.242,0.562,5,-13.15,0,0.0366,0.000168,0.508,0.109,0.144,127.905,detroit-techno
Fuel,Metallica,-0.9345,0.172,0.723,0.105,71,True,0.49,0.951,1,-3.777,1,0.0477,2.02e-05,0.0027,0.0314,0.589,106.946,hard-rock
Hardwired,Metallica,-0.9925,0.368,0.522,0.11,63,True,0.128,0.991,11,-3.289,1,0.0582,1.11e-05,0.00362,0.219,0.53,186.124,hard-rock
Master Of Puppets,Metallica,-0.5158,0.143,0.713,0.144,81,False,0.543,0.836,4,-9.11,0,0.0353,0.000647,0.431,0.153,0.56,105.173,hard-rock
No Remorse,Metallica,-0.9994,0.479,0.472,0.049,4,False,0.478,0.89,4,-9.42,1,0.0504,0.129,0.0168,0.303,0.586,95.995,iranian
Nothing Else Matters,Metallica,-0.9608,0.187,0.735,0.078,80,False,0.553,0.362,4,-11.218,0,0.0263,0.0458,6.01e-06,0.075,0.158,142.352,hard-rock
Sad But True,Metallica,-0.9841,0.256,0.546,0.198,22,False,0.312,0.97,11,-3.691,1,0.16,4.97e-05,0.649,0.258,0.157,114.568,death-metal
St. Anger,Metallica,-0.9993,0.332,0.567,0.1,62,True,0.396,0.947,2,-2.652,0,0.0477,0.00115,0.0179,0.089,0.443,93.043,hard-rock
The Day That Never Comes,Metallica,-0.4682,0.175,0.673,0.152,65,False,0.334,0.982,4,-2.293,0,0.0619,9.11e-05,0.149,0.106,0.501,126.883,hard-rock
The Four Horsemen,Metallica,-0.9908,0.149,0.824,0.027,51,False,0.294,0.653,2,-11.52,1,0.0504,0.0612,0.000689,0.14,0.185,95.011,psych-rock
The Memory Remains,Metallica,-0.9296,0.172,0.692,0.136,63,False,0.435,0.901,10,-3.694,0,0.0429,0.000303,0.0072,0.185,0.547,143.646,hard-rock
The Unforgiven III,Metallica,-0.9958,0.229,0.738,0.032,60,False,0.297,0.692,4,-5.625,0,0.0344,0.00196,3.75e-06,0.115,0.103,121.52,hard-rock
The Wait,Metallica,-0.9403,0.197,0.803,0.0,0,False,0.328,0.0588,4,-23.095,0,0.0567,0.989,0.865,0.0758,0.0679,71.226,iranian
Where The Wild Things Are,Metallica,0.7193,0.146,0.676,0.178,50,False,0.344,0.672,6,-5.888,0,0.0586,0.00877,1.04e-06,0.196,0.133,164.197,dub
Ain't No Sunshine,Michael Bolton,-0.7173,0.125,0.791,0.085,0,False,0.715,0.627,9,-7.956,0,0.0273,0.168,0.000699,0.143,0.436,100.031,deep-house
All For Love,Michael Bolton,0.9973,0.028,0.728,0.244,59,False,0.689,0.901,7,-1.431,1,0.0678,0.145,1.03e-05,0.459,0.651,125.115,edm
Bring It On Home To Me,Michael Bolton,0.9976,0.039,0.496,0.464,58,False,0.425,0.489,0,-9.063,1,0.0268,0.0162,0.000111,0.106,0.497,96.777,blues
Call My Name,Michael Bolton,0.9898,0.016,0.828,0.156,50,False,0.598,0.434,6,-11.369,1,0.0576,0.804,0.0256,0.111,0.433,156.037,bluegrass
Carrie,Michael Bolton,0.9691,0.064,0.787,0.149,70,False,0.455,0.487,7,-7.112,1,0.0264,0.114,2.43e-06,0.358,0.139,136.482,hard-rock
Eternally,Michael Bolton,0.982,0.04,0.795,0.165,23,False,0.151,0.409,5,-6.936,1,0.0317,0.786,0.000118,0.155,0.176,78.797,opera
Jailhouse Rock,Michael Bolton,-0.8936,0.109,0.817,0.075,72,False,0.623,0.537,10,-10.014,0,0.0726,0.332,1.4e-05,0.0963,0.905,166.885,rock-n-roll
Let's Stay Together,Michael Bolton,0.9346,0.115,0.677,0.208,31,False,0.756,0.401,7,-10.7,0,0.0529,0.587,0.0114,0.0541,0.52,101.976,blues
Survivor,Michael Bolton,0.9704,0.114,0.676,0.21,57,False,0.715,0.87,3,-3.303,1,0.0494,0.00975,0.0927,0.0829,0.305,125.008,progressive-house
The Girl From Ipanema,Michael Bolton,0.9705,0.042,0.713,0.245,0,False,0.541,0.321,5,-14.418,1,0.0329,0.714,0.00345,0.101,0.549,133.537,brazil
Call Me Irresponsible,Michael Buble,0.4215,0.206,0.594,0.2,59,False,0.607,0.347,7,-12.241,1,0.0369,0.695,0.0,0.121,0.644,125.485,j-rock
Haven't Met You Yet,Michael Buble,0.999,0.027,0.691,0.282,72,False,0.615,0.733,8,-4.808,1,0.0335,0.152,0.0,0.109,0.796,122.58,j-pop
Put Your Head On My Shoulder,Michael Buble,0.7498,0.088,0.78,0.131,69,False,0.547,0.335,4,-9.2,0,0.0307,0.747,0.0,0.101,0.474,115.838,r-n-b
"Quando, Quando, Quando",Michael Buble,0.9951,0.0,0.702,0.298,2,False,0.644,0.427,9,-9.196,1,0.0391,0.778,9.51e-05,0.136,0.577,116.042,j-pop
Stardust,Michael Buble,0.9884,0.058,0.758,0.183,35,False,0.647,0.465,7,-7.704,1,0.0376,0.307,0.0,0.236,0.224,149.912,dubstep
Whatever It Takes,Michael Buble,0.9992,0.058,0.604,0.339,58,False,0.439,0.874,0,-4.165,1,0.0299,0.00571,0.0,0.176,0.527,150.036,grunge
Ben,Michael Jackson,0.9653,0.037,0.805,0.158,39,False,0.785,0.528,4,-8.11,0,0.0363,0.17,1.84e-05,0.127,0.169,119.994,turkish
Billie Jean,Michael Jackson,-0.9531,0.093,0.841,0.066,57,False,0.532,0.203,9,-8.524,0,0.0668,0.829,0.0,0.108,0.543,89.646,acoustic
Fall Again,Michael Jackson,0.9279,0.06,0.821,0.119,54,False,0.744,0.555,10,-7.022,0,0.0855,0.288,0.000575,0.198,0.102,100.003,electronic
Invincible,Michael Jackson,0.9898,0.081,0.729,0.19,51,False,0.578,0.742,7,-5.494,1,0.026,0.00511,3.52e-06,0.117,0.2,107.028,acoustic
Love Never Felt So Good,Michael Jackson,0.9971,0.05,0.737,0.214,65,False,0.634,0.87,5,-5.277,1,0.0362,0.083,0.0,0.18,0.514,116.967,soul
Money,Michael Jackson,-0.9986,0.237,0.669,0.094,0,True,0.808,0.768,8,-4.813,0,0.0499,0.000605,0.0,0.372,0.554,124.011,alternative
Anna,Michael W. Smith,0.171,0.107,0.781,0.111,44,True,0.719,0.525,3,-11.166,0,0.298,0.786,6.35e-05,0.116,0.5,140.023,funk
Color Blind,Michael W. Smith,-0.9727,0.198,0.712,0.091,1,True,0.767,0.747,10,-6.749,0,0.25,0.462,1.49e-06,0.138,0.855,164.882,funk
Love Of My Life,Michael W. Smith,0.9984,0.048,0.674,0.278,30,False,0.591,0.154,5,-14.839,1,0.0364,0.856,0.0891,0.086,0.551,78.0,children
Majesty,Michael W. Smith,0.9983,0.026,0.572,0.402,37,False,0.594,0.678,2,-10.412,1,0.0352,0.00102,0.932,0.571,0.112,99.978,club
Mighty To Save,Michael W. Smith,0.9961,0.07,0.726,0.203,50,False,0.453,0.802,9,-6.636,1,0.0446,0.0893,0.0,0.0799,0.297,146.024,world-music
The Stand,Michael W. Smith,-0.9517,0.095,0.905,0.0,38,False,0.408,0.719,3,-5.361,1,0.0288,0.000299,0.0,0.333,0.183,77.975,world-music
The Way,Michael W. Smith,0.9535,0.02,0.804,0.177,40,False,0.592,0.887,2,-5.176,0,0.032,0.00325,0.429,0.101,0.196,92.005,electronic
Do My Thang,Miley Cyrus,-0.9382,0.117,0.789,0.093,18,False,0.751,0.679,4,-7.434,0,0.0951,0.0392,0.0,0.188,0.358,149.95,kids
Full Circle,Miley Cyrus,-0.3569,0.04,0.932,0.028,60,True,0.495,0.993,7,-3.014,1,0.145,0.000151,0.0,0.368,0.29,149.912,groove
Lilac Wine,Miley Cyrus,0.9907,0.048,0.686,0.266,0,False,0.393,0.143,6,-11.977,1,0.0367,0.955,4.9e-05,0.0962,0.21,83.357,soul
Robot,Miley Cyrus,0.9863,0.087,0.764,0.149,27,False,0.351,0.527,7,-7.804,1,0.0568,0.444,0.0,0.944,0.775,198.479,bluegrass
We Can't Stop,Miley Cyrus,0.9979,0.068,0.688,0.244,64,False,0.705,0.347,2,-8.249,1,0.0301,0.674,0.0,0.12,0.36,80.057,acoustic
Great Balls Of Fire,Misfits,0.9994,0.093,0.377,0.53,68,False,0.533,0.729,7,-7.227,0,0.0714,0.563,0.0,0.159,0.884,78.67,piano
Horror Business,Misfits,-0.9825,0.162,0.838,0.0,1,False,0.323,0.943,5,-8.451,1,0.0538,0.588,0.00529,0.227,0.0606,90.264,hard-rock
In God We Trust,Misfits,-0.9919,0.223,0.717,0.059,41,False,0.38,0.742,2,-5.677,1,0.0369,0.000812,0.0,0.856,0.262,160.748,world-music
Them,Misfits,-0.9783,0.157,0.827,0.016,54,False,0.3,0.212,6,-21.017,1,0.0333,0.847,0.861,0.062,0.0553,199.617,ambient
Cheri Cheri Lady,Modern Talking,0.944,0.054,0.788,0.158,70,False,0.677,0.616,10,-13.826,1,0.032,0.458,0.0132,0.349,0.851,114.223,german
Geronimo's Cadillac,Modern Talking,0.9501,0.161,0.612,0.227,59,False,0.691,0.785,5,-10.144,0,0.0521,0.428,0.0,0.473,0.722,110.376,synth-pop
It's Christmas,Modern Talking,0.9886,0.075,0.665,0.26,0,False,0.598,0.447,8,-7.932,1,0.0404,0.224,0.0,0.0704,0.365,123.855,j-pop
Juliet,Modern Talking,-0.9288,0.156,0.748,0.096,79,True,0.546,0.586,6,-8.488,1,0.0313,0.00346,0.00114,0.0562,0.364,131.778,indie-pop
Mystery,Modern Talking,0.9977,0.022,0.767,0.211,45,False,0.513,0.977,1,-4.288,0,0.0541,0.000269,0.0,0.103,0.437,92.534,metalcore
No Face No Name No Number,Modern Talking,0.9936,0.179,0.483,0.338,47,False,0.738,0.949,0,-5.081,1,0.0752,0.232,0.000491,0.0906,0.785,118.013,synth-pop
One In A Million,Modern Talking,0.9371,0.039,0.812,0.149,62,True,0.75,0.385,4,-9.109,1,0.123,0.331,1.88e-06,0.147,0.505,68.713,chill
Daydream Believer,The Monkees,0.9813,0.019,0.808,0.173,70,False,0.51,0.488,7,-10.304,1,0.0304,0.256,0.0,0.11,0.649,125.683,psych-rock
It's My Life,The Monkees,0.431,0.063,0.856,0.081,1,False,0.606,0.75,8,-4.535,0,0.0306,0.0026,0.000795,0.321,0.771,126.316,alt-rock
Party,The Monkees,0.9683,0.017,0.833,0.15,90,False,0.829,0.799,9,-5.389,1,0.0897,0.0151,0.000543,0.242,0.471,97.013,latino
Zilch,The Monkees,0.6331,0.0,0.94,0.06,24,False,0.635,0.676,2,-5.66,1,0.0369,0.0165,0.91,0.0994,0.147,85.994,study
Driftwood,Moody Blues,-0.1608,0.134,0.735,0.131,22,False,0.306,0.108,11,-22.479,0,0.0322,0.938,0.938,0.436,0.154,74.092,new-age
It's Up To You,Moody Blues,0.9825,0.062,0.718,0.22,21,False,0.486,0.771,7,-8.951,1,0.0364,0.00148,0.129,0.402,0.741,117.696,power-pop
Ammunition,Morrissey,-0.867,0.141,0.796,0.063,38,False,0.509,0.761,0,-4.259,0,0.0397,0.0991,1.7e-05,0.309,0.344,144.974,dubstep
Black-Eyed Susan,Morrissey,0.8097,0.052,0.832,0.116,31,False,0.369,0.44,2,-11.16,1,0.031,0.856,0.184,0.0434,0.333,102.194,bluegrass
Cosmic Dancer,Morrissey,-0.932,0.179,0.781,0.039,58,False,0.363,0.803,0,-8.089,1,0.06,0.0117,0.00601,0.189,0.718,156.047,psych-rock
I'm Not Sorry,Morrissey,0.822,0.082,0.77,0.148,46,True,0.649,0.821,4,-3.812,1,0.0553,0.121,0.0,0.0771,0.343,128.094,progressive-house
Mexico,Morrissey,0.9968,0.068,0.609,0.323,22,False,0.628,0.243,1,-24.082,1,0.937,0.84,0.0,0.725,0.396,121.227,comedy
Lonely This Christmas,Mud,-0.9348,0.122,0.824,0.054,0,False,0.409,0.153,6,-10.74,0,0.0306,0.939,2.56e-05,0.108,0.18,85.262,acoustic
Here We Go,'n Sync,0.9925,0.024,0.785,0.191,6,False,0.918,0.947,11,-7.252,1,0.1,0.00281,0.876,0.0442,0.739,130.388,chicago-house
Sailing,'n Sync,0.9927,0.009,0.836,0.155,19,False,0.497,0.255,5,-16.721,1,0.0344,0.979,0.932,0.112,0.159,119.943,black-metal
Selfish,'n Sync,-0.9558,0.209,0.63,0.16,55,False,0.814,0.52,8,-7.409,0,0.45,0.0502,0.0,0.114,0.57,179.955,sad
The Lion Sleeps Tonight,'n Sync,0.974,0.0,0.829,0.171,60,False,0.686,0.379,5,-15.243,1,0.223,0.856,0.0,0.103,0.923,137.953,disney
Don't Blame Me,Nat King Cole,0.996,0.073,0.521,0.407,22,False,0.525,0.877,2,-3.879,0,0.0544,0.0233,0.0,0.249,0.502,149.921,hardstyle
Funny,Nat King Cole,0.9829,0.158,0.536,0.306,65,False,0.664,0.66,5,-4.646,1,0.0243,0.512,0.0,0.26,0.355,99.946,edm
Give Me Your Love,Nat King Cole,0.9558,0.076,0.73,0.195,16,False,0.735,0.834,10,-6.549,0,0.0449,0.0212,0.686,0.122,0.92,129.992,breakbeat
Looking Back,Nat King Cole,0.7351,0.125,0.705,0.17,22,False,0.392,0.087,0,-18.895,1,0.0452,0.964,0.903,0.0865,0.11,127.683,new-age
Mad About The Boy,Nat King Cole,-0.9912,0.295,0.624,0.081,0,False,0.436,0.319,1,-7.87,1,0.0295,0.802,1.94e-05,0.12,0.255,107.546,blues
Midnight Flyer,Nat King Cole,0.7096,0.043,0.882,0.075,22,False,0.54,0.632,11,-6.553,1,0.0283,0.727,0.00575,0.105,0.888,137.564,bluegrass
Near You,Nat King Cole,0.8625,0.0,0.914,0.086,21,False,0.555,0.26,0,-15.042,1,0.0255,0.337,0.000122,0.125,0.329,97.586,honky-tonk
Everlasting,Natalie Cole,0.9981,0.028,0.741,0.232,54,False,0.5,0.596,6,-5.134,1,0.0366,0.692,0.0,0.369,0.381,169.929,folk
Lucy In The Sky With Diamonds,Natalie Cole,0.4767,0.0,0.978,0.022,38,False,0.514,0.333,2,-10.672,1,0.0347,0.214,0.00367,0.204,0.338,99.962,children
Mona Lisa,Natalie Cole,0.8443,0.153,0.65,0.197,56,False,0.886,0.59,1,-5.14,0,0.0515,0.0493,0.0,0.28,0.787,119.934,chill
Nature Boy,Natalie Cole,0.9901,0.074,0.596,0.33,0,False,0.266,0.181,7,-15.143,0,0.0375,0.888,0.000499,0.124,0.106,138.908,jazz
Old Man,Natalie Cole,0.9912,0.035,0.783,0.182,44,False,0.699,0.138,10,-13.479,1,0.0318,0.864,8.79e-06,0.116,0.287,80.505,bluegrass
The Gift,Natalie Cole,0.9957,0.08,0.612,0.309,57,False,0.381,0.0943,0,-24.325,1,0.04,0.986,0.915,0.0906,0.0794,127.71,ambient
Awaken,Natalie Grant,0.9732,0.028,0.855,0.117,51,False,0.533,0.408,5,-15.16,1,0.047,0.814,0.71,0.133,0.103,107.991,french
Held,Natalie Grant,-0.755,0.157,0.714,0.129,42,False,0.652,0.297,7,-13.349,0,0.0289,0.512,0.95,0.113,0.37,112.033,minimal-techno
Safe,Natalie Grant,0.94,0.151,0.643,0.206,67,False,0.608,0.461,11,-13.083,0,0.146,0.828,0.00104,0.107,0.512,114.886,chill
There Is A God,Natalie Grant,0.9945,0.085,0.638,0.277,40,False,0.452,0.821,7,-5.863,1,0.0442,0.382,0.0,0.0902,0.311,147.871,world-music
Wonderful Life,Natalie Grant,0.9971,0.03,0.611,0.359,38,False,0.159,0.814,7,-4.073,1,0.0436,0.00221,0.0,0.116,0.324,152.033,grunge
Counting Down The Days,Natalie Imbruglia,0.9178,0.055,0.858,0.087,43,False,0.623,0.681,1,-8.272,1,0.0364,0.177,0.0376,0.11,0.237,127.988,trance
Hurricane,Natalie Imbruglia,-0.5277,0.095,0.834,0.071,55,False,0.533,0.747,10,-5.678,0,0.0443,0.041,5.7e-06,0.261,0.277,124.97,grunge
Impressed,Natalie Imbruglia,0.9916,0.023,0.726,0.251,18,True,0.716,0.859,6,-4.665,0,0.135,0.000603,0.0904,0.0827,0.0683,146.002,happy
Never Tear Us Apart,Natalie Imbruglia,-0.2732,0.077,0.848,0.075,59,False,0.372,0.6,4,-6.027,0,0.0351,0.00643,3.37e-05,0.139,0.0753,188.96,alt-rock
Scars,Natalie Imbruglia,-0.8586,0.097,0.851,0.053,61,False,0.738,0.517,7,-9.416,0,0.0696,0.72,0.0439,0.168,0.238,119.024,chill
That Girl,Natalie Imbruglia,0.9959,0.0,0.735,0.265,0,False,0.866,0.914,7,-3.78,1,0.205,0.038,0.0,0.028,0.644,96.005,dancehall
Animals,Nazareth,0.8742,0.037,0.862,0.101,3,False,0.569,0.963,7,-3.069,1,0.0593,0.000787,0.0256,0.22,0.82,76.995,alt-rock
Born To Love,Nazareth,0.9989,0.034,0.585,0.381,0,False,0.722,0.856,1,-6.392,0,0.0338,0.0305,0.0597,0.231,0.827,121.99,edm
Dreamin',Nazareth,0.8034,0.067,0.821,0.111,52,False,0.471,0.449,11,-9.845,0,0.0546,0.794,2.25e-05,0.35,0.715,74.673,rockabilly
Fool About You,Nazareth,-0.9788,0.266,0.656,0.077,13,False,0.629,0.386,4,-9.401,1,0.0352,0.985,0.000299,0.223,0.694,76.394,honky-tonk
Move Me,Nazareth,-0.5142,0.083,0.845,0.072,63,False,0.706,0.644,8,-9.958,1,0.044,0.802,0.0264,0.14,0.188,120.032,french
Road To Nowhere,Nazareth,-0.3067,0.12,0.774,0.106,43,False,0.295,0.563,2,-8.686,1,0.0358,0.0305,0.0,0.0968,0.521,87.067,metalcore
Shot Me Down,Nazareth,0.8055,0.068,0.8,0.133,48,True,0.779,0.335,0,-11.08,0,0.254,0.742,0.0,0.0932,0.51,62.482,sad
Steamroller,Nazareth,0.0397,0.096,0.807,0.097,16,False,0.763,0.965,6,0.478,1,0.315,0.00197,0.455,0.314,0.366,174.879,drum-and-bass
Beautiful Monster,Ne-Yo,0.9964,0.078,0.696,0.226,2,False,0.722,0.826,5,-5.464,0,0.108,0.227,4.06e-06,0.222,0.494,127.929,dance
Let's Go,Ne-Yo,0.8994,0.036,0.879,0.085,23,False,0.821,0.833,0,-6.701,1,0.0343,0.000887,0.637,0.0603,0.948,124.439,chicago-house
Not Strong Enough,Ne-Yo,0.9701,0.111,0.716,0.173,63,False,0.354,0.829,9,-3.834,1,0.047,0.00183,0.0,0.119,0.195,163.958,metal
Regardless,Ne-Yo,-0.8816,0.139,0.806,0.055,23,False,0.608,0.642,1,-8.115,0,0.224,0.473,1.65e-06,0.0632,0.571,99.941,j-dance
Sahara,Ne-Yo,-0.6449,0.072,0.864,0.064,47,False,0.582,0.929,9,-1.345,0,0.034,0.00067,0.36,0.0795,0.0839,102.985,electronic
Set It Off,Ne-Yo,0.9931,0.014,0.863,0.123,0,False,0.8,0.611,10,-13.294,0,0.211,0.000359,0.0,0.227,0.778,118.761,hardcore
The Rain,Ne-Yo,-0.9943,0.235,0.605,0.161,57,True,0.719,0.846,9,-4.637,0,0.0481,0.173,0.0,0.248,0.514,89.04,hardcore
Acapulco,Neil Diamond,0.9934,0.024,0.75,0.226,0,False,0.774,0.792,10,-4.021,1,0.0523,0.051,0.0,0.155,0.507,122.062,dance
Be,Neil Diamond,0.6908,0.035,0.892,0.073,64,False,0.658,0.423,11,-8.796,0,0.113,0.757,0.0,0.105,0.279,80.018,folk
Don't Be Cruel,Neil Diamond,0.9958,0.047,0.641,0.312,61,False,0.678,0.494,2,-12.941,1,0.17,0.78,0.0,0.0737,0.803,84.398,rock-n-roll
Flame,Neil Diamond,0.8578,0.055,0.814,0.131,49,False,0.642,0.921,11,-3.066,0,0.0491,0.0228,1.13e-05,0.296,0.409,128.0,progressive-house
God Only Knows,Neil Diamond,0.982,0.029,0.774,0.197,55,False,0.658,0.125,8,-15.901,1,0.0323,0.877,0.0,0.287,0.507,106.686,acoustic
Hell Yeah,Neil Diamond,-0.9822,0.178,0.666,0.156,0,False,0.355,0.982,3,-3.408,0,0.107,0.00011,3.54e-06,0.0212,0.398,167.889,blues
If I Ruled The World,Neil Diamond,0.9858,0.025,0.761,0.214,61,False,0.656,0.662,4,-5.034,1,0.0971,0.0203,0.0,0.115,0.289,124.772,swedish
I'm A Believer,Neil Diamond,0.9682,0.116,0.618,0.267,5,False,0.649,0.908,9,-4.916,0,0.04,0.00408,0.0304,0.338,0.392,123.981,detroit-techno
Jingle Bell Rock,Neil Diamond,0.8442,0.0,0.943,0.057,0,False,0.465,0.932,1,-4.332,1,0.0819,0.00229,0.0,0.177,0.493,139.854,alt-rock
Make You Feel My Love,Neil Diamond,0.9795,0.082,0.72,0.199,57,False,0.678,0.199,9,-9.785,1,0.0307,0.957,3.23e-06,0.0968,0.262,72.006,acoustic
Moon River,Neil Diamond,0.6369,0.034,0.876,0.09,53,False,0.411,0.191,7,-10.178,1,0.0308,0.916,0.0,0.1,0.155,74.92,acoustic
Mr. Bojangles,Neil Diamond,0.6187,0.055,0.876,0.068,17,False,0.522,0.352,4,-15.697,0,0.0295,0.656,0.942,0.157,0.584,81.92,honky-tonk
Amarillo,Neil Sedaka,0.9429,0.05,0.804,0.146,0,False,0.876,0.85,1,-5.75,0,0.163,0.0118,0.0067,0.111,0.962,122.666,latin
Another Sleepless Night,Neil Sedaka,-0.5423,0.135,0.785,0.08,50,False,0.58,0.306,5,-9.484,1,0.0296,0.73,0.0,0.157,0.72,79.978,rock-n-roll
No Vacancy,Neil Sedaka,-0.9462,0.112,0.839,0.049,56,False,0.72,0.727,5,-3.882,1,0.0489,0.0556,0.0,0.138,0.481,99.994,piano
Oh Carol,Neil Sedaka,0.9855,0.239,0.411,0.35,35,False,0.581,0.88,9,-7.54,1,0.0444,0.00419,0.742,0.201,0.853,91.993,ska
Stupid Cupid,Neil Sedaka,0.7774,0.208,0.546,0.246,0,False,0.609,0.756,3,-5.747,1,0.0375,0.762,5.11e-05,0.0521,0.968,136.045,r-n-b
Sunny,Neil Sedaka,0.9478,0.124,0.647,0.229,69,False,0.647,0.868,0,-6.427,0,0.106,0.088,0.124,0.129,0.804,121.82,disco
Alabama,Neil Young,-0.857,0.135,0.783,0.083,39,True,0.752,0.667,2,-6.041,1,0.085,0.0919,2.66e-05,0.265,0.5,123.976,turkish
Around The World,Neil Young,0.8977,0.077,0.783,0.141,24,False,0.49,0.937,1,-7.507,1,0.0529,0.0429,0.866,0.0864,0.14,164.595,happy
Bandit,Neil Young,0.7319,0.051,0.875,0.074,26,True,0.854,0.659,5,-6.671,0,0.198,0.409,0.0,0.108,0.636,102.055,dancehall
Barefoot Floors,Neil Young,0.987,0.014,0.749,0.237,27,False,0.635,0.221,9,-14.548,1,0.0294,0.911,0.000158,0.11,0.285,76.712,bluegrass
Big Time,Neil Young,0.6486,0.074,0.825,0.101,27,False,0.439,0.532,2,-5.071,1,0.0473,0.618,0.0,0.142,0.437,129.936,acoustic
Birds,Neil Young,0.738,0.0,0.94,0.06,72,False,0.649,0.517,1,-7.428,0,0.0297,0.0146,1.63e-06,0.145,0.35,119.997,rock
Change Your Mind,Neil Young,0.9678,0.071,0.825,0.105,56,False,0.384,0.578,11,-9.624,1,0.0312,0.000104,0.886,0.125,0.0984,150.013,garage
Clementine,Neil Young,0.9819,0.123,0.663,0.215,21,False,0.606,0.129,0,-17.162,1,0.0401,0.84,3.83e-06,0.081,0.101,112.699,bluegrass
Coastline,Neil Young,0.5106,0.112,0.755,0.133,74,False,0.67,0.496,2,-11.23,1,0.0277,0.627,0.00319,0.0584,0.427,100.17,folk
Drifter,Neil Young,0.9754,0.036,0.813,0.151,24,False,0.237,0.98,2,-5.674,1,0.101,3.84e-06,0.0272,0.361,0.258,190.074,garage
Early Morning Rain,Neil Young,0.9117,0.082,0.779,0.139,32,False,0.117,0.999,1,-17.796,1,0.121,0.307,0.578,0.479,0.00104,95.884,sleep
Families,Neil Young,0.5995,0.018,0.885,0.097,45,False,0.618,0.369,3,-13.64,1,0.901,0.754,0.0,0.453,0.775,154.141,children
Far From Home,Neil Young,0.7717,0.01,0.944,0.046,58,True,0.464,0.688,11,-5.352,0,0.0298,0.00149,3.85e-06,0.169,0.228,137.882,groove
Great Divide,Neil Young,0.9968,0.052,0.61,0.338,22,False,0.418,0.229,6,-12.605,1,0.0382,0.794,0.0,0.113,0.14,143.733,show-tunes
Harvest Moon,Neil Young,0.9935,0.0,0.719,0.281,64,False,0.782,0.622,2,-5.832,1,0.0411,0.288,0.53,0.58,0.921,106.022,disco
Here For You,Neil Young,0.8185,0.102,0.798,0.1,0,False,0.655,0.678,6,-6.799,0,0.0382,0.0248,0.0901,0.116,0.32,121.978,deep-house
Broken Promise,New Order,-0.9942,0.186,0.769,0.045,0,False,0.491,0.957,2,-5.63,0,0.0518,0.000503,0.709,0.257,0.459,139.965,iranian
Confusion,New Order,0.6052,0.058,0.866,0.076,26,False,0.795,0.412,0,-16.38,1,0.0713,0.0247,0.000214,0.0915,0.897,123.735,dub
Sabotage,New Order,0.9906,0.053,0.761,0.187,2,True,0.562,0.565,8,-5.111,1,0.044,0.438,0.0,0.138,0.208,89.862,dance
Singularity,New Order,0.9715,0.103,0.723,0.174,50,False,0.752,0.486,10,-12.53,0,0.0493,0.0479,0.877,0.0926,0.0379,121.0,deep-house
True Faith,New Order,-0.4762,0.091,0.833,0.076,56,False,0.589,0.784,0,-13.037,1,0.0312,0.175,0.0767,0.132,0.941,116.981,synth-pop
Weirdo,New Order,0.9961,0.028,0.698,0.275,7,False,0.785,0.758,1,-8.679,0,0.053,0.00318,0.903,0.103,0.517,126.998,detroit-techno
The Break,Next To Normal,-0.885,0.071,0.929,0.0,22,False,0.262,0.763,11,-5.057,1,0.0517,0.000293,0.000415,0.185,0.277,130.099,industrial
Black Betty,Nick Cave,-0.856,0.102,0.842,0.056,22,False,0.713,0.929,11,-4.35,0,0.133,0.00323,0.168,0.0866,0.545,132.013,happy
Blue Bird,Nick Cave,-0.9545,0.249,0.679,0.071,45,False,0.615,0.294,6,-14.34,0,0.0275,0.829,0.857,0.112,0.167,81.97,anime
Carry Me,Nick Cave,-0.644,0.028,0.972,0.0,21,False,0.271,0.555,7,-7.65,1,0.0319,0.264,0.00111,0.246,0.317,161.813,bluegrass
Do You Love Me,Nick Cave,0.9462,0.108,0.742,0.15,4,False,0.751,0.814,10,-2.417,0,0.124,0.0922,0.000277,0.118,0.441,126.603,detroit-techno
Hey Joe,Nick Cave,0.7149,0.082,0.802,0.116,70,False,0.346,0.768,9,-5.695,1,0.0377,0.00603,0.38,0.0244,0.532,169.492,blues
Knoxville Girl,Nick Cave,-0.9143,0.114,0.811,0.075,11,False,0.631,0.148,2,-16.116,1,0.0296,0.915,0.0,0.0876,0.559,81.931,honky-tonk
O Children,Nick Cave,0.991,0.052,0.801,0.148,33,False,0.498,0.564,4,-7.016,0,0.033,0.507,0.00149,0.058,0.235,121.628,singer-songwriter
Rye Whiskey,Nick Cave,0.5046,0.074,0.838,0.088,25,False,0.669,0.314,7,-13.569,1,0.0282,0.805,0.0,0.186,0.525,84.341,bluegrass
Spell,Nick Cave,0.9231,0.131,0.72,0.149,18,False,0.21,0.99,7,-4.503,1,0.24,0.000117,0.0,0.38,0.117,89.588,black-metal
Are You Ready,Nick Drake,0.8298,0.197,0.539,0.264,62,False,0.452,0.821,7,-4.816,1,0.0324,0.0165,3.53e-06,0.13,0.414,108.529,hard-rock
"Don't Think Twice, It's Alright",Nick Drake,0.9519,0.036,0.833,0.131,20,False,0.64,0.367,4,-16.178,1,0.0295,0.472,1.17e-05,0.218,0.742,107.679,bluegrass
Northern Sky,Nick Drake,0.9928,0.03,0.717,0.254,61,False,0.53,0.264,5,-18.16,0,0.038,0.552,0.694,0.133,0.489,90.048,british
One Of These Things First,Nick Drake,0.9405,0.0,0.922,0.078,60,False,0.604,0.37,4,-18.45,1,0.0362,0.836,0.346,0.0954,0.666,90.339,british
Saturday Sun,Nick Drake,0.7887,0.0,0.925,0.075,57,False,0.546,0.121,0,-20.259,1,0.0343,0.966,0.011,0.101,0.144,127.122,british
Which Will,Nick Drake,0.9774,0.0,0.784,0.216,54,False,0.629,0.362,11,-9.571,0,0.0257,0.909,0.0462,0.0956,0.348,95.274,british
Edge Of A Revolution,Nickelback,-0.966,0.153,0.778,0.069,57,True,0.524,0.97,2,-3.324,1,0.0454,0.00011,0.0,0.113,0.66,161.961,grunge
If Everyone Cared,Nickelback,0.9869,0.185,0.554,0.262,55,False,0.519,0.85,6,-4.678,0,0.0354,0.000246,0.014,0.279,0.211,132.022,grunge
If Today Was Your Last Day,Nickelback,0.9657,0.075,0.783,0.143,68,False,0.485,0.911,3,-5.749,1,0.0355,8.67e-05,0.0,0.092,0.568,89.956,grunge
Masquerade,Nicki Minaj,0.9948,0.09,0.712,0.198,15,False,0.483,0.804,0,-3.954,1,0.0344,0.000154,0.401,0.0302,0.261,174.086,drum-and-bass
Tempo,Nicki Minaj,0.991,0.022,0.867,0.111,53,True,0.874,0.499,5,-8.828,1,0.124,0.404,0.0,0.104,0.599,149.941,funk
Amaranth,Nightwish,-0.9796,0.188,0.771,0.041,58,False,0.558,0.859,2,-3.992,0,0.0421,0.00469,0.00196,0.0831,0.31,127.98,goth
End Of All Hope,Nightwish,0.9741,0.074,0.715,0.211,30,False,0.477,0.946,5,-6.734,1,0.043,6.14e-05,0.0271,0.333,0.559,79.945,goth
Nemo,Nightwish,0.9893,0.071,0.664,0.265,59,False,0.498,0.745,3,-6.537,1,0.0351,0.000167,0.000136,0.0681,0.346,125.014,goth
Passion And The Opera,Nightwish,0.7351,0.101,0.744,0.155,22,False,0.526,0.944,9,-3.301,1,0.0461,0.000175,0.0376,0.333,0.441,126.587,goth
Angel Of The Morning,Nina Simone,-0.4395,0.086,0.876,0.038,59,False,0.452,0.313,8,-9.309,1,0.026,0.433,2.6e-05,0.0772,0.344,75.806,country
Cotton Eyed Joe,Nina Simone,-0.877,0.091,0.848,0.062,10,False,0.911,0.735,9,-6.38,1,0.0569,0.000175,0.000999,0.087,0.935,132.573,kids
Jelly Roll,Nina Simone,0.9787,0.065,0.767,0.169,19,False,0.523,0.379,5,-12.398,1,0.0414,0.705,0.776,0.0783,0.968,180.253,honky-tonk
All Time Low,Nine Inch Nails,0.8836,0.032,0.897,0.071,49,False,0.744,0.555,5,-7.92,0,0.11,0.226,0.0,0.262,0.853,149.909,emo
Copy Of A,Nine Inch Nails,0.7032,0.076,0.822,0.101,41,False,0.634,0.828,8,-6.161,1,0.0391,0.022,0.422,0.216,0.694,137.974,industrial
Deep,Nine Inch Nails,0.5478,0.063,0.862,0.075,45,False,0.207,0.0748,11,-22.754,1,0.0328,0.904,0.9,0.0571,0.0385,48.232,ambient
Every Day Is Exactly The Same,Nine Inch Nails,-0.6801,0.164,0.708,0.128,53,False,0.607,0.941,0,-6.163,1,0.0486,0.0217,0.071,0.119,0.414,144.04,industrial
Find My Way,Nine Inch Nails,0.8481,0.014,0.919,0.067,38,False,0.497,0.821,7,-5.101,1,0.0375,0.0342,0.000261,0.296,0.171,142.964,dub
Last,Nine Inch Nails,-0.9642,0.128,0.8,0.072,60,False,0.695,0.39,7,-5.439,1,0.0342,0.117,0.0,0.104,0.455,123.985,chill
We're In This Together,Nine Inch Nails,-0.8442,0.063,0.906,0.031,57,False,0.551,0.683,0,-7.308,1,0.0345,0.000297,0.305,0.105,0.179,100.03,industrial
About A Girl,Nirvana,0.9839,0.046,0.709,0.245,74,False,0.409,0.932,11,-4.538,0,0.0339,1.87e-05,1.6e-06,0.31,0.591,131.761,alt-rock
Alcohol,Nirvana,-0.9458,0.172,0.828,0.0,0,False,0.736,0.704,11,-9.654,0,0.0398,0.278,0.0,0.0966,0.96,97.378,mpb
Come As You Are,Nirvana,0.982,0.045,0.629,0.326,79,False,0.5,0.824,4,-5.846,0,0.0388,0.00016,0.00161,0.0916,0.539,120.125,alt-rock
Dumb,Nirvana,0.9678,0.13,0.63,0.24,75,False,0.697,0.395,6,-13.58,1,0.0281,0.428,0.653,0.173,0.876,113.589,alt-rock
My Sharona,Nirvana,0.9492,0.04,0.835,0.126,75,False,0.586,0.7,0,-9.558,1,0.0363,0.0589,0.00125,0.0318,0.897,147.245,power-pop
Negative Creep,Nirvana,-0.9565,0.138,0.707,0.155,58,False,0.37,0.947,2,-7.213,1,0.0901,7.97e-06,0.000175,0.0762,0.418,81.744,grunge
On A Plain,Nirvana,0.9859,0.111,0.654,0.235,56,False,0.428,0.946,2,-4.674,1,0.102,0.000119,3.37e-06,0.141,0.358,133.26,grunge
Pennyroyal Tea,Nirvana,-0.7878,0.115,0.822,0.063,58,False,0.428,0.449,1,-12.114,0,0.0342,0.000351,0.000498,0.253,0.196,113.308,grunge
Plateau,Nirvana,0.8921,0.084,0.786,0.13,61,False,0.45,0.501,4,-12.611,1,0.0712,0.49,2.51e-05,0.552,0.327,84.841,grunge
Polly,Nirvana,0.9902,0.078,0.684,0.238,52,False,0.801,0.441,9,-11.303,1,0.337,0.856,0.905,0.105,0.49,82.007,french
Rape Me,Nirvana,-0.998,0.404,0.517,0.078,71,False,0.42,0.746,8,-10.628,1,0.0467,0.0141,0.0,0.0661,0.229,111.886,alt-rock
Sappy,Nirvana,0.9474,0.025,0.875,0.099,61,False,0.406,0.81,1,-6.127,1,0.0343,1.04e-05,1.34e-06,0.325,0.638,128.282,grunge
Scentless Apprentice,Nirvana,0.8609,0.076,0.752,0.172,53,False,0.31,0.83,1,-8.527,1,0.0482,1.53e-06,0.146,0.137,0.617,170.568,grunge
School,Nirvana,0.1759,0.188,0.656,0.156,10,False,0.785,0.686,7,-14.156,1,0.0569,7.25e-05,0.672,0.097,0.961,136.488,chicago-house
Serve The Servants,Nirvana,-0.7953,0.172,0.753,0.075,61,False,0.435,0.895,10,-8.7,1,0.0421,1.13e-05,0.0318,0.19,0.668,119.659,grunge
Sliver,Nirvana,-0.777,0.067,0.895,0.037,64,False,0.428,0.684,0,-10.044,1,0.0475,1.16e-05,0.000156,0.0744,0.419,141.336,grunge
Territorial Pissings,Nirvana,0.985,0.027,0.749,0.224,59,False,0.285,0.979,2,-4.428,1,0.175,0.000144,0.0,0.334,0.108,182.7,grunge
Where Did You Sleep Last Night,Nirvana,-0.0516,0.005,0.995,0.0,69,False,0.573,0.59,3,-8.43,1,0.0557,0.667,0.000397,0.691,0.364,108.789,alt-rock
Badlands,Nitty Gritty Dirt Band,0.9616,0.069,0.763,0.167,45,False,0.459,0.903,6,-3.138,0,0.066,0.00239,0.537,0.181,0.694,175.107,dubstep
Jealousy,Nitty Gritty Dirt Band,-0.8137,0.187,0.685,0.128,17,False,0.866,0.636,1,-12.801,1,0.134,0.222,0.558,0.131,0.859,99.615,afrobeat
Maybe Baby,Nitty Gritty Dirt Band,0.8927,0.063,0.735,0.202,54,False,0.607,0.477,9,-12.904,1,0.0333,0.708,0.0,0.253,0.887,136.614,rockabilly
Tennessee Stud,Nitty Gritty Dirt Band,0.0845,0.068,0.876,0.056,25,False,0.703,0.342,7,-11.986,1,0.0329,0.89,5.06e-05,0.158,0.584,96.61,bluegrass
The Cure,Nitty Gritty Dirt Band,0.6028,0.145,0.695,0.161,0,False,0.696,0.506,8,-4.863,1,0.0325,0.0799,0.0,0.0893,0.516,100.003,dance
Carefully,Noa,-0.9032,0.179,0.701,0.12,44,False,0.843,0.465,11,-13.365,1,0.0683,0.0835,0.811,0.0875,0.649,133.37,trip-hop
Desire,Noa,0.8797,0.088,0.739,0.173,49,False,0.699,0.858,11,-6.603,0,0.089,0.0332,0.000204,0.0978,0.432,115.113,afrobeat
Dreamer,Noa,-0.8919,0.135,0.773,0.092,48,False,0.736,0.472,8,-10.373,0,0.0431,0.00437,0.0205,0.103,0.195,117.999,groove
Follow Your Heart,Noa,0.874,0.092,0.747,0.161,9,False,0.624,0.773,10,-12.289,0,0.0368,0.000861,0.466,0.331,0.646,125.959,detroit-techno
Hi,Noa,0.0,0.0,1.0,0.0,24,False,0.619,0.566,10,-10.768,0,0.949,0.854,0.0,0.759,0.438,92.895,comedy
Space,Noa,-0.9972,0.281,0.719,0.0,22,True,0.475,0.912,8,-5.561,1,0.949,0.855,0.0,0.649,0.198,76.945,comedy
Mr. Jones,NOFX,-0.4404,0.028,0.972,0.0,0,False,0.571,0.836,0,-5.556,1,0.0371,0.194,4.09e-06,0.182,0.73,141.612,alt-rock
Nowhere,NOFX,-0.9535,0.181,0.769,0.05,0,False,0.794,0.624,11,-6.024,0,0.0344,0.0575,2.08e-06,0.208,0.755,100.015,edm
Perfect Government,NOFX,-0.6568,0.154,0.708,0.137,30,True,0.474,0.876,7,-5.052,1,0.0341,0.00277,6.15e-06,0.39,0.607,91.948,acoustic
Are You Lonesome Tonight,Norah Jones,-0.7319,0.173,0.728,0.099,53,False,0.355,0.0922,7,-17.747,1,0.0515,0.918,0.000702,0.106,0.191,65.952,rock-n-roll
Cold Cold Heart,Norah Jones,0.3244,0.111,0.77,0.119,10,False,0.617,0.257,4,-12.332,1,0.0338,0.798,5.93e-06,0.165,0.585,117.047,honky-tonk
Come Away With Me,Norah Jones,0.1635,0.063,0.852,0.085,0,False,0.354,0.126,0,-13.818,1,0.0323,0.87,0.0,0.151,0.17,80.567,j-pop
Nightingale,Norah Jones,0.9054,0.0,0.916,0.084,0,False,0.653,0.507,10,-9.125,0,0.175,0.104,0.0,0.0949,0.263,150.198,edm
The Nearness Of You,Norah Jones,0.8186,0.088,0.75,0.162,0,False,0.388,0.0378,0,-16.173,1,0.045,0.979,0.00021,0.0947,0.205,166.882,j-pop
Thinking About You,Norah Jones,0.9553,0.0,0.839,0.161,48,False,0.702,0.914,6,-3.197,0,0.0507,0.0271,5.97e-05,0.259,0.623,121.994,progressive-house
Those Sweet Words,Norah Jones,0.9888,0.032,0.726,0.242,64,False,0.798,0.234,2,-10.699,1,0.0317,0.875,0.000626,0.134,0.403,103.152,j-pop
Wait,Norah Jones,0.3728,0.052,0.879,0.069,7,False,0.759,0.743,4,-5.481,0,0.0401,0.00531,0.00149,0.0326,0.517,124.985,chicago-house
Another,Notorious B.I.G.,-0.9994,0.266,0.66,0.074,54,False,0.492,0.691,2,-5.97,1,0.107,0.155,0.0,0.0869,0.557,113.106,singer-songwriter
Big Poppa,Notorious B.I.G.,0.9984,0.078,0.738,0.185,49,True,0.765,0.671,9,-5.249,0,0.278,0.344,0.0,0.0506,0.798,84.5,hardcore
Hold Ya Head,Notorious B.I.G.,-0.9952,0.241,0.659,0.1,35,True,0.695,0.564,7,-6.884,0,0.258,0.0998,3.28e-05,0.455,0.271,79.857,hardcore
Destination,O.A.R.,0.9904,0.027,0.75,0.223,49,False,0.779,0.884,10,-4.074,0,0.0878,0.0575,4.04e-06,0.093,0.356,121.981,deep-house
Night Shift,O.A.R.,0.9165,0.063,0.806,0.131,51,False,0.751,0.964,2,-3.039,1,0.0478,0.266,0.62,0.0682,0.417,127.991,club
On My Way,O.A.R.,0.9864,0.065,0.726,0.209,16,False,0.647,0.515,9,-12.648,0,0.0335,0.0424,0.295,0.229,0.254,115.12,chicago-house
Patiently,O.A.R.,0.9808,0.104,0.697,0.198,64,False,0.0669,0.00503,0,-35.59,1,0.0404,0.994,0.893,0.0934,0.0706,67.121,sleep
Peace,O.A.R.,0.9993,0.037,0.524,0.438,52,False,0.553,0.127,11,-13.067,1,0.0336,0.953,0.0,0.104,0.178,118.003,ambient
Redemption Song,O.A.R.,0.9459,0.192,0.571,0.237,30,False,0.415,0.973,7,-6.318,1,0.108,0.000962,0.000152,0.0938,0.421,92.937,hardcore
This Town,O.A.R.,0.9635,0.024,0.884,0.092,80,False,0.677,0.401,9,-8.467,1,0.0308,0.712,0.0,0.116,0.195,111.825,dance
All You Need Is Love,Oasis,0.9997,0.008,0.439,0.554,53,False,0.364,0.483,7,-8.22,1,0.0317,0.281,1.53e-06,0.113,0.7,102.967,british
Cloudburst,Oasis,0.0,0.0,1.0,0.0,21,False,0.26,0.311,3,-17.47,1,0.0335,0.967,0.956,0.177,0.171,101.797,new-age
Full On,Oasis,0.9776,0.044,0.814,0.142,31,False,0.469,0.889,4,-6.097,1,0.0694,0.00195,2.24e-05,0.193,0.895,188.682,hardcore
Little By Little,Oasis,0.9274,0.104,0.761,0.135,17,False,0.724,0.517,10,-11.07,0,0.0408,0.117,0.0717,0.0688,0.926,159.985,trip-hop
Live Forever,Oasis,-0.4306,0.05,0.864,0.086,18,False,0.655,0.294,7,-12.93,1,0.0279,0.786,0.000382,0.114,0.622,99.376,honky-tonk
Setting Sun,Oasis,0.9758,0.067,0.756,0.176,45,False,0.446,0.995,6,-1.169,1,0.223,0.000738,0.13,0.354,0.248,135.041,breakbeat
Stand By Me,Oasis,-0.6293,0.044,0.947,0.009,3,False,0.598,0.335,9,-6.791,1,0.0282,0.841,0.00016,0.194,0.245,107.988,alternative
Stay Young,Oasis,0.8741,0.055,0.86,0.085,47,False,0.77,0.482,5,-12.726,1,0.026,0.729,0.00983,0.0725,0.707,88.972,country
Stop The Clocks,Oasis,-0.9745,0.203,0.752,0.046,57,False,0.339,0.516,1,-7.102,1,0.033,0.00343,0.0161,0.0843,0.178,203.599,spanish
Street Fighting Man,Oasis,-0.9952,0.323,0.621,0.055,0,False,0.537,0.77,11,-6.943,1,0.0443,0.285,0.00294,0.0978,0.611,136.82,rock
Supersonic,Oasis,0.9393,0.064,0.806,0.13,33,False,0.682,0.787,6,-5.989,0,0.0759,0.062,0.0052,0.193,0.501,123.054,emo
Whatever,Oasis,0.9883,0.062,0.723,0.214,43,False,0.384,0.936,2,-3.776,1,0.0579,0.00037,0.238,0.157,0.474,171.828,grunge
Wonderwall,Oasis,0.8564,0.006,0.951,0.042,63,False,0.7,0.705,5,-6.026,1,0.0414,0.148,0.0343,0.161,0.521,99.97,french
One For The Road,Ocean Colour Scene,-0.9948,0.2,0.732,0.068,70,False,0.415,0.668,0,-6.849,1,0.036,0.212,0.0615,0.27,0.842,180.048,garage
Step By Step,Ocean Colour Scene,0.7935,0.013,0.89,0.097,17,False,0.388,0.952,4,-5.977,1,0.0544,0.000113,0.683,0.106,0.053,172.997,drum-and-bass
Sway,Ocean Colour Scene,-0.5829,0.074,0.832,0.094,0,False,0.705,0.927,1,-2.701,1,0.0776,0.0327,0.0,0.0705,0.945,159.978,alt-rock
Amazed,Offspring,0.7971,0.172,0.635,0.193,71,False,0.561,0.543,1,-8.498,1,0.0324,0.26,0.0,0.124,0.243,139.803,country
Days Go By,Offspring,-0.9815,0.163,0.809,0.028,51,False,0.759,0.492,10,-9.694,0,0.059,0.11,0.096,0.387,0.199,111.99,deep-house
Get It Right,Offspring,0.6799,0.089,0.794,0.117,21,False,0.743,0.962,6,-3.922,0,0.0508,0.127,2.65e-05,0.321,0.872,108.602,afrobeat
Gone Away,Offspring,0.8203,0.036,0.832,0.132,54,False,0.502,0.738,10,-7.57,1,0.0406,0.000377,4.53e-05,0.132,0.3,106.047,groove
Want You Bad,Offspring,-0.998,0.408,0.524,0.068,72,False,0.491,0.966,4,-4.28,1,0.0538,5.59e-05,0.0,0.307,0.614,105.544,punk-rock
We Are One,Offspring,0.9526,0.078,0.736,0.186,60,False,0.444,0.974,5,-4.041,0,0.114,0.000119,1.64e-05,0.233,0.306,127.102,grunge
Middle East,Ofra Haza,0.8253,0.093,0.78,0.127,21,True,0.69,0.584,7,-8.236,1,0.372,0.478,0.0,0.121,0.665,112.087,j-dance
Hey!,Oingo Boingo,0.9703,0.149,0.646,0.206,24,False,0.617,0.81,9,-7.963,0,0.0629,0.105,8.39e-05,0.266,0.55,113.77,synth-pop
Home Again,Oingo Boingo,-0.9939,0.207,0.737,0.056,52,False,0.587,0.732,5,-8.097,1,0.0317,0.055,0.924,0.247,0.747,96.848,afrobeat
Weird Science,Oingo Boingo,0.9725,0.071,0.788,0.141,0,False,0.66,0.926,4,-6.918,1,0.0418,0.022,0.00315,0.841,0.734,127.924,synth-pop
Ivy,Old 97's,0.8294,0.075,0.796,0.129,81,True,0.575,0.386,9,-9.584,0,0.037,0.785,0.000289,0.229,0.466,116.408,soul
Por Favor,Old 97's,0.9984,0.047,0.636,0.317,36,False,0.811,0.438,2,-13.494,0,0.0346,0.137,0.000785,0.0893,0.558,109.271,hard-rock
Weightless,Old 97's,0.9918,0.078,0.612,0.31,68,False,0.139,0.22,2,-19.974,0,0.0324,0.856,0.831,0.17,0.0789,71.432,ambient
As Long As He Needs Me,Oliver,0.9685,0.085,0.748,0.167,12,False,0.349,0.245,0,-19.834,1,0.0277,0.929,0.853,0.284,0.6,130.643,honky-tonk
Physical,Olivia Newton-John,0.8481,0.005,0.955,0.04,0,False,0.647,0.844,0,-3.756,1,0.0457,0.0137,0.000658,0.102,0.746,146.967,dance
Tied Up,Olivia Newton-John,0.9583,0.091,0.726,0.182,14,False,0.572,0.98,7,-4.933,1,0.0997,0.000399,0.766,0.0606,0.405,109.994,idm
History,Olly Murs,0.9878,0.016,0.863,0.121,5,False,0.77,0.642,7,-10.841,1,0.0756,0.0206,0.914,0.102,0.369,124.073,chicago-house
Promise,Omd,0.4891,0.016,0.951,0.032,64,False,0.367,0.189,2,-15.736,1,0.0384,0.889,0.428,0.364,0.177,156.643,british
Speed Of Light,Omd,0.8953,0.031,0.888,0.081,40,False,0.731,0.734,2,-8.518,1,0.0324,0.162,0.066,0.0945,0.703,106.477,trip-hop
Tesla Girls,Omd,0.9813,0.158,0.623,0.219,25,False,0.685,0.71,11,-8.194,1,0.0557,0.000307,0.214,0.222,0.928,140.457,synth-pop
Walking On The Milky Way,Omd,0.8218,0.047,0.877,0.075,29,False,0.462,0.833,2,-4.953,1,0.0378,0.0294,1e-05,0.124,0.253,81.601,synth-pop
18,One Direction,0.9981,0.009,0.751,0.24,35,False,0.559,0.744,11,-4.583,1,0.0322,0.2,0.0,0.133,0.346,150.055,dub
Clouds,One Direction,0.9945,0.027,0.773,0.2,36,False,0.525,0.983,11,-3.602,0,0.206,0.000117,0.104,0.0616,0.286,176.08,dubstep
Fool's Gold,One Direction,0.9821,0.031,0.808,0.161,22,False,0.3,0.899,1,-13.131,1,0.111,0.000182,0.708,0.276,0.425,72.579,grindcore
Irresistible,One Direction,0.9939,0.013,0.753,0.233,63,False,0.484,0.938,2,-3.123,1,0.112,0.0706,0.0,0.236,0.444,165.049,emo
Long Way Down,One Direction,-0.7003,0.099,0.836,0.065,60,False,0.711,0.231,2,-13.033,1,0.0346,0.832,0.00115,0.105,0.186,125.062,acoustic
Look After You,One Direction,0.9649,0.041,0.821,0.139,47,False,0.396,0.293,1,-10.739,0,0.0367,0.732,0.116,0.102,0.199,145.556,acoustic
Olivia,One Direction,0.9958,0.039,0.756,0.206,0,False,0.666,0.942,1,-2.928,1,0.0689,0.0307,0.0,0.246,0.832,141.913,disco
One Last Time,One Direction,0.9132,0.118,0.707,0.175,83,False,0.628,0.593,8,-5.036,1,0.0323,0.093,1.65e-06,0.096,0.104,125.026,dance
Stand Up,One Direction,-0.9978,0.242,0.719,0.039,6,False,0.57,0.96,6,-7.181,1,0.0416,0.00352,0.917,0.299,0.295,100.009,breakbeat
Steal My Girl,One Direction,0.25,0.054,0.863,0.084,80,False,0.536,0.768,10,-5.948,0,0.0347,0.00433,0.0,0.114,0.545,77.217,pop
Still The One,One Direction,-0.977,0.121,0.809,0.071,51,False,0.686,0.462,1,-8.278,1,0.0382,0.00603,0.0,0.117,0.689,143.99,dub
Stockholm Syndrome,One Direction,0.7024,0.032,0.903,0.065,22,False,0.543,0.991,6,-2.363,1,0.135,1.3e-05,0.00382,0.629,0.364,130.034,death-metal
Stole My Heart,One Direction,0.9844,0.067,0.774,0.16,22,False,0.746,0.763,9,-7.6,0,0.07,0.00124,0.116,0.338,0.543,108.047,disco
Summer Love,One Direction,0.9965,0.059,0.698,0.243,0,True,0.56,0.724,1,-6.263,1,0.0458,0.174,0.00321,0.149,0.279,159.916,edm
Summer Of '69,One Direction,0.9371,0.012,0.838,0.151,82,False,0.508,0.834,2,-6.205,1,0.0386,0.0183,0.0,0.0732,0.774,139.131,rock
Take Me Home,One Direction,0.9726,0.03,0.833,0.137,46,False,0.356,0.193,11,-10.476,1,0.0311,0.14,2.6e-05,0.116,0.14,145.428,acoustic
Through The Dark,One Direction,0.996,0.123,0.648,0.23,43,False,0.566,0.127,7,-18.624,1,0.0439,0.958,0.916,0.111,0.189,123.211,british
Use Somebody,One Direction,0.9908,0.016,0.805,0.179,0,False,0.619,0.801,3,-6.857,0,0.042,0.162,0.000143,0.106,0.193,153.056,soul
What A Feeling,One Direction,0.8512,0.058,0.861,0.081,71,False,0.532,0.729,10,-6.84,1,0.0474,0.382,0.0,0.366,0.595,121.97,disco
You And I,One Direction,0.8661,0.052,0.868,0.08,63,False,0.698,0.285,0,-7.632,1,0.0553,0.927,0.0,0.0883,0.53,135.027,acoustic
All Fall Down,OneRepublic,0.0426,0.139,0.722,0.139,23,False,0.577,0.585,4,-15.487,0,0.0346,0.699,0.0201,0.0774,0.945,114.329,bluegrass
All This Time,OneRepublic,0.993,0.021,0.777,0.201,23,False,0.472,0.906,5,-2.177,1,0.0647,6.86e-05,3.25e-05,0.784,0.623,139.993,industrial
Feel Again,OneRepublic,0.7266,0.178,0.636,0.186,59,False,0.467,0.815,7,-7.929,0,0.0524,0.0198,1.23e-06,0.118,0.335,140.047,piano
Future Looks Good,OneRepublic,0.9727,0.085,0.74,0.175,54,False,0.33,0.548,10,-7.922,1,0.0426,0.214,1.21e-05,0.12,0.559,78.594,piano
Light It Up,OneRepublic,-0.8508,0.118,0.799,0.082,11,False,0.665,0.95,4,-0.836,0,0.0603,0.0347,0.191,0.371,0.767,174.036,breakbeat
Love Runs Out,OneRepublic,0.9983,0.068,0.687,0.244,64,False,0.715,0.931,7,-3.793,1,0.0565,0.171,0.0,0.0757,0.742,120.025,piano
Ordinary Human,OneRepublic,0.9936,0.035,0.782,0.183,44,False,0.282,0.719,5,-7.633,1,0.0335,0.196,0.000358,0.107,0.276,99.992,piano
Say (All I Need),OneRepublic,0.9929,0.044,0.77,0.186,47,False,0.548,0.742,9,-5.741,1,0.0498,0.0184,0.0,0.153,0.31,122.007,piano
Bleak,Opeth,-0.9769,0.163,0.798,0.038,43,False,0.247,0.868,0,-4.902,1,0.0762,8.19e-05,0.663,0.594,0.261,97.527,death-metal
Deliverance,Opeth,-0.9619,0.144,0.79,0.066,44,False,0.283,0.973,4,-4.006,0,0.0459,0.000281,0.706,0.192,0.275,97.303,death-metal
Hope Leaves,Opeth,-0.8542,0.095,0.887,0.018,49,False,0.501,0.48,2,-9.021,1,0.0249,0.58,0.079,0.133,0.122,139.17,death-metal
Slither,Opeth,0.6124,0.096,0.754,0.15,53,False,0.473,0.973,7,-3.831,1,0.11,0.00025,0.153,0.0782,0.291,141.09,grunge
The Devil's Orchard,Opeth,-0.9874,0.3,0.598,0.102,0,False,0.511,0.645,11,-10.383,1,0.0368,0.00563,0.664,0.292,0.278,95.005,death-metal
The Drapery Falls,Opeth,-0.9761,0.185,0.757,0.058,43,False,0.103,0.859,7,-6.107,1,0.0803,0.000339,0.168,0.0974,0.306,186.415,death-metal
The Grand Conjuration,Opeth,0.7579,0.117,0.72,0.163,43,False,0.279,0.889,9,-6.164,1,0.0471,0.000284,0.479,0.285,0.0904,108.689,death-metal
Oklahoma,Oscar Hammerstein,0.9823,0.036,0.831,0.132,33,False,0.602,0.903,5,-4.592,1,0.0301,0.0158,0.000333,0.277,0.95,158.019,ska
Down In The Valley,Otis Redding,0.9087,0.084,0.78,0.136,26,False,0.591,0.584,2,-9.662,1,0.0357,0.765,0.0118,0.228,0.813,118.372,bluegrass
Security,Otis Redding,0.9965,0.077,0.529,0.394,13,False,0.5,0.907,6,-4.805,0,0.0301,0.000335,0.864,0.247,0.483,133.045,breakbeat
Wonderful World,Otis Redding,0.9984,0.0,0.759,0.241,0,False,0.863,0.624,3,-5.637,1,0.0375,0.54,8.43e-06,0.03,0.958,105.49,blues
Drive,Our Lady Peace,-0.9618,0.174,0.806,0.02,75,False,0.645,0.792,4,-7.34,0,0.036,0.0562,0.0121,0.119,0.666,90.565,alt-rock
Life,Our Lady Peace,-0.9331,0.152,0.733,0.115,17,False,0.666,0.565,1,-9.782,1,0.389,0.0722,0.0,0.104,0.263,180.071,afrobeat
Thief,Our Lady Peace,0.9663,0.047,0.84,0.113,57,False,0.57,0.797,6,-2.954,1,0.0608,0.00476,0.00833,0.11,0.212,149.925,dub
Where Are You,Our Lady Peace,0.999,0.057,0.62,0.324,51,False,0.64,0.643,2,-6.884,0,0.106,0.158,0.00971,0.216,0.243,101.988,deep-house
With Or Without You,Our Lady Peace,0.2684,0.021,0.931,0.048,40,False,0.673,0.713,3,-7.04,1,0.0423,0.0927,0.000197,0.141,0.169,119.992,deep-house
Good Time,Out Of Eden,0.9977,0.048,0.666,0.286,71,False,0.652,0.767,9,-10.445,1,0.0372,0.0355,6.92e-06,0.397,0.73,132.017,country
Lovely Day,Out Of Eden,0.9372,0.077,0.783,0.14,76,False,0.692,0.651,9,-8.267,1,0.0324,0.292,0.00241,0.105,0.706,97.923,funk
Make Way,Out Of Eden,0.1346,0.067,0.866,0.066,27,False,0.479,0.972,11,-5.34,1,0.0495,0.00124,3.34e-06,0.535,0.891,186.782,power-pop
Sincerely,Out Of Eden,0.9629,0.133,0.677,0.19,56,False,0.409,0.819,9,-3.784,0,0.0564,0.0351,0.0,0.322,0.458,143.937,anime
When I'm Gone,Out Of Eden,0.9034,0.116,0.754,0.13,19,False,0.584,0.661,2,-5.66,1,0.0284,0.541,6.35e-05,0.361,0.709,108.678,bluegrass
It's OK,Outkast,0.9422,0.108,0.728,0.164,16,False,0.273,0.905,10,-4.779,0,0.12,0.0225,0.00162,0.191,0.308,174.016,happy
Millenium,Outkast,0.981,0.094,0.753,0.153,53,False,0.443,0.517,6,-10.019,0,0.0542,0.0372,0.895,0.0702,0.0739,123.978,french
Peaches,Outkast,0.78,0.042,0.819,0.139,65,False,0.633,0.775,6,-3.747,1,0.0413,0.348,0.0,0.612,0.486,134.093,k-pop
Prototype,Outkast,-0.8289,0.128,0.793,0.079,31,False,0.688,0.359,5,-13.372,0,0.066,0.309,0.881,0.109,0.037,94.98,club
Reset,Outkast,-0.9033,0.124,0.769,0.107,33,False,0.735,0.418,7,-13.27,1,0.296,0.0577,0.222,0.0982,0.241,94.5,club
Vibrate,Outkast,-0.5972,0.114,0.793,0.093,14,False,0.699,0.89,0,-6.248,1,0.0436,0.000154,0.75,0.0468,0.222,132.004,breakbeat
Good Night,Overkill,0.8779,0.12,0.716,0.164,51,False,0.533,0.165,2,-14.879,1,0.0396,0.929,0.937,0.105,0.189,122.064,chill
Hammerhead,Overkill,-0.931,0.149,0.776,0.075,38,False,0.513,0.935,10,-8.141,0,0.0611,4.49e-05,0.834,0.0562,0.6,141.999,breakbeat
My December,Overkill,0.6602,0.073,0.842,0.085,59,False,0.73,0.585,0,-9.274,1,0.0238,0.375,0.0101,0.147,0.721,100.021,metal
Gold,Owl City,0.9725,0.005,0.898,0.096,0,False,0.479,0.719,6,-7.075,0,0.109,0.214,4.85e-05,0.166,0.699,113.017,afrobeat
Unbelievable,Owl City,0.9954,0.018,0.774,0.208,11,False,0.235,0.978,7,-6.829,0,0.316,0.006,0.583,0.243,0.303,84.614,grindcore
Crazy Train,Ozzy Osbourne,-0.995,0.286,0.618,0.096,0,False,0.472,0.803,9,-6.856,1,0.0441,0.0441,1.93e-05,0.432,0.664,137.389,children
Denial,Ozzy Osbourne,0.9918,0.07,0.715,0.215,0,False,0.296,0.996,11,-2.65,1,0.235,5.47e-06,0.00212,0.0446,0.213,113.192,iranian
I Don't Wanna Stop,Ozzy Osbourne,0.9739,0.093,0.694,0.214,50,False,0.69,0.775,5,-5.116,0,0.0306,0.119,0.000533,0.125,0.962,93.241,afrobeat
I Just Want You,Ozzy Osbourne,-0.0772,0.189,0.571,0.24,40,False,0.449,0.213,6,-13.079,0,0.0291,0.573,0.0,0.706,0.172,70.477,world-music
In My Life,Ozzy Osbourne,0.9173,0.164,0.63,0.206,21,False,0.332,0.305,9,-10.119,1,0.0322,0.928,4.77e-05,0.137,0.109,75.971,new-age
Mr. Crowley,Ozzy Osbourne,-0.6447,0.096,0.832,0.073,66,False,0.307,0.748,2,-6.514,0,0.0568,0.212,0.000153,0.368,0.347,108.227,hard-rock
Never Say Die,Ozzy Osbourne,0.9875,0.065,0.723,0.211,39,False,0.533,0.678,1,-4.401,0,0.0334,0.00779,6.69e-05,0.132,0.0596,111.027,synth-pop
Nightmare,Ozzy Osbourne,0.9885,0.14,0.615,0.245,72,True,0.554,0.949,2,-4.928,1,0.0787,0.000318,9.98e-05,0.2,0.233,129.984,alternative
Running Out Of Time,Ozzy Osbourne,-0.9092,0.173,0.702,0.125,55,False,0.519,0.796,7,-6.336,1,0.0663,0.00361,0.000788,0.087,0.201,136.142,show-tunes
So Cold,Ozzy Osbourne,-0.7546,0.118,0.806,0.075,56,False,0.485,0.776,0,-5.472,0,0.0525,0.00225,0.000102,0.124,0.26,153.055,grunge
Stitches,Ozzy Osbourne,0.9969,0.166,0.508,0.325,26,False,0.686,0.347,0,-6.075,1,0.0341,0.725,0.0,0.411,0.539,145.837,acoustic
Time After Time,Ozzy Osbourne,0.7184,0.111,0.745,0.145,60,False,0.313,0.321,8,-8.713,1,0.0352,0.746,0.0,0.0948,0.243,53.845,acoustic
War Pigs,Ozzy Osbourne,-0.9829,0.193,0.771,0.036,0,False,0.323,0.891,6,-7.018,0,0.119,0.00126,0.0187,0.243,0.235,97.373,alt-rock
Bullets,Passenger,-0.0567,0.075,0.83,0.095,52,False,0.455,0.649,8,-10.444,1,0.0519,0.126,0.000353,0.155,0.0719,164.994,electronic
In My Head,Passenger,-0.9255,0.238,0.653,0.109,0,False,0.735,0.772,7,-3.389,0,0.0333,0.379,3.26e-06,0.117,0.565,103.031,dancehall
I Won't,Pat Benatar,-0.9611,0.196,0.709,0.095,0,True,0.423,0.721,0,-8.07,1,0.165,0.00792,0.0,0.38,0.382,161.926,rock
Rescue Me,Pat Benatar,0.9966,0.067,0.65,0.283,33,False,0.762,0.439,6,-13.594,1,0.0398,0.013,6.56e-06,0.0912,0.595,100.951,disco
Shooting Star,Pat Benatar,0.9853,0.031,0.87,0.099,43,False,0.485,0.69,5,-4.452,1,0.052,0.0631,0.0,0.0863,0.292,172.401,singer-songwriter
Ties That Bind,Pat Benatar,0.9674,0.186,0.556,0.258,53,False,0.158,0.976,7,-4.57,0,0.379,0.000317,0.000138,0.318,0.125,78.583,grunge
Wuthering Heights,Pat Benatar,-0.8591,0.095,0.851,0.054,0,False,0.581,0.429,1,-10.007,1,0.0326,0.18,0.00106,0.128,0.504,123.802,piano
Godspeed,Patti Smith,-0.594,0.102,0.814,0.084,56,False,0.525,0.95,7,-3.175,1,0.0919,2.22e-05,0.0,0.304,0.509,115.055,metalcore
Grateful,Patti Smith,0.802,0.053,0.829,0.118,45,False,0.729,0.866,9,-5.656,1,0.193,0.267,0.0,0.146,0.711,131.913,afrobeat
Midnight Rider,Patti Smith,-0.6187,0.087,0.86,0.053,1,False,0.346,0.589,7,-9.922,1,0.036,0.21,0.00703,0.15,0.638,189.486,blues
Smells Like Teen Spirit,Patti Smith,0.2718,0.207,0.603,0.191,83,False,0.502,0.912,1,-4.556,1,0.0564,2.55e-05,0.000173,0.106,0.72,116.761,alt-rock
White Rabbit,Patti Smith,-0.836,0.065,0.935,0.0,72,False,0.551,0.293,2,-12.503,1,0.0272,0.486,0.000273,0.0864,0.322,106.798,blues
Footprints,Paul McCartney,0.5826,0.118,0.769,0.114,10,False,0.904,0.379,9,-15.832,1,0.536,0.125,0.891,0.11,0.354,130.188,detroit-techno
Hope For The Future,Paul McCartney,0.9935,0.035,0.721,0.245,0,False,0.449,0.411,4,-9.189,1,0.0329,0.742,0.101,0.112,0.109,149.911,rock
Just Because,Paul McCartney,0.9881,0.033,0.735,0.231,34,False,0.479,0.501,1,-5.515,1,0.0295,0.286,0.0,0.108,0.226,135.768,blues
Graceland,Paul Simon,0.4588,0.086,0.834,0.08,18,False,0.627,0.856,0,-8.674,0,0.0326,0.0203,0.911,0.872,0.777,96.963,afrobeat
Quiet,Paul Simon,0.5252,0.084,0.822,0.094,44,False,0.482,0.463,1,-7.927,1,0.0573,0.282,0.848,0.36,0.0427,115.011,ambient
Sunday Afternoon,Paul Simon,0.9287,0.052,0.836,0.112,12,False,0.795,0.816,10,-5.586,1,0.0886,0.187,0.84,0.154,0.812,129.993,detroit-techno
All Night,Pearl Jam,0.3804,0.143,0.684,0.172,65,False,0.769,0.696,5,-5.363,0,0.0316,0.0852,1.17e-06,0.12,0.558,119.992,deep-house
Breath,Pearl Jam,0.9721,0.026,0.812,0.163,57,False,0.379,0.502,11,-10.84,0,0.0528,0.158,0.533,0.0934,0.0373,124.995,french
Don't Be Shy,Pearl Jam,0.9849,0.026,0.754,0.22,54,False,0.647,0.375,9,-11.81,1,0.0346,0.847,0.00535,0.1,0.488,135.609,british
I Got You,Pearl Jam,-0.9514,0.178,0.714,0.108,32,False,0.756,0.634,0,-8.36,1,0.117,0.666,0.0,0.663,0.717,139.963,children
Jeremy,Pearl Jam,-0.8815,0.154,0.748,0.098,71,True,0.285,0.846,2,-6.472,1,0.0438,0.0404,0.0,0.182,0.287,108.808,grunge
Just A Girl,Pearl Jam,0.7571,0.066,0.815,0.119,1,False,0.635,0.937,2,-2.86,1,0.0452,0.0735,6.95e-05,0.134,0.78,108.003,alt-rock
Just Breathe,Pearl Jam,0.9654,0.06,0.775,0.165,69,False,0.473,0.348,0,-11.1,1,0.0288,0.721,7.42e-05,0.0823,0.283,107.819,grunge
Let My Love Open The Door,Pearl Jam,0.9903,0.063,0.741,0.195,65,False,0.651,0.653,0,-9.731,1,0.0545,0.365,0.000117,0.0742,0.729,164.912,blues
Light My Fire,Pearl Jam,-0.7181,0.182,0.678,0.139,23,False,0.492,0.836,0,-4.777,1,0.0352,0.000221,0.148,0.272,0.553,130.003,death-metal
Out Of My Mind,Pearl Jam,0.9647,0.045,0.823,0.132,71,True,0.61,0.609,9,-7.193,1,0.0372,0.663,0.0,0.61,0.659,78.009,sad
Parting Ways,Pearl Jam,-0.4497,0.118,0.786,0.096,18,False,0.526,0.198,3,-14.417,1,0.0387,0.991,0.884,0.113,0.0906,87.416,disney
Release,Pearl Jam,0.7096,0.034,0.86,0.106,55,False,0.241,0.34,7,-11.919,1,0.0446,0.446,0.0641,0.0994,0.064,80.979,grunge
Sad,Pearl Jam,0.4367,0.15,0.701,0.149,42,False,0.779,0.453,9,-8.118,0,0.0509,0.491,0.448,0.105,0.247,100.034,deep-house
Save You,Pearl Jam,0.9592,0.137,0.669,0.194,1,True,0.708,0.637,1,-6.327,1,0.052,0.107,3.09e-06,0.102,0.187,149.98,hip-hop
Feelings,Perry Como,0.9591,0.027,0.818,0.155,33,False,0.818,0.575,6,-8.454,1,0.0457,0.392,2.3e-05,0.118,0.384,107.041,deep-house
"God Rest Ye Merry, Gentlemen",Perry Como,0.9986,0.0,0.507,0.493,26,False,0.271,0.208,11,-14.375,0,0.0466,0.873,7.04e-06,0.364,0.285,162.733,show-tunes
Killing Me Softly With Her Song,Perry Como,-0.9963,0.248,0.715,0.037,47,False,0.493,0.117,8,-22.655,0,0.0299,0.926,0.00522,0.109,0.243,103.712,j-pop
Let's Do It Again,Perry Como,0.9812,0.026,0.844,0.131,64,False,0.631,0.696,0,-5.631,0,0.211,0.578,0.0,0.0784,0.927,173.537,j-pop
Linda,Perry Como,0.9686,0.054,0.792,0.154,20,False,0.671,0.505,6,-9.034,1,0.0241,0.423,0.0,0.287,0.633,100.979,cantopop
Beautiful People,Pet Shop Boys,0.9825,0.06,0.663,0.277,28,False,0.875,0.655,6,-10.585,0,0.0434,0.144,0.0587,0.244,0.966,125.992,deep-house
Before,Pet Shop Boys,-0.8832,0.162,0.726,0.112,21,False,0.58,0.549,4,-12.382,0,0.0379,0.166,0.000344,0.0907,0.629,144.091,afrobeat
Decadence,Pet Shop Boys,0.0274,0.149,0.69,0.162,62,False,0.528,0.968,1,-3.457,1,0.145,5.67e-05,0.0916,0.0668,0.305,91.934,metal
Discoteca,Pet Shop Boys,0.8713,0.083,0.771,0.146,50,False,0.772,0.485,11,-14.388,0,0.0611,0.000391,0.847,0.0913,0.156,120.0,deep-house
Domino Dancing,Pet Shop Boys,0.965,0.103,0.731,0.166,62,False,0.645,0.923,9,-9.781,0,0.0441,0.0876,0.00359,0.0303,0.81,109.988,synth-pop
Don Juan,Pet Shop Boys,-0.967,0.162,0.734,0.104,25,False,0.338,0.216,8,-20.414,1,0.14,0.87,0.0,0.335,0.0913,76.959,show-tunes
Invisible,Pet Shop Boys,0.4065,0.094,0.8,0.105,67,False,0.682,0.836,2,-3.259,1,0.354,0.141,0.0383,0.0891,0.224,82.53,edm
Shameless,Pet Shop Boys,0.9923,0.068,0.705,0.227,12,False,0.771,0.9,0,-6.906,0,0.0468,3.52e-05,0.862,0.0599,0.748,129.005,detroit-techno
Single,Pet Shop Boys,0.8847,0.022,0.89,0.087,42,False,0.503,0.665,11,-4.129,1,0.0314,0.465,6.15e-06,0.107,0.161,127.997,mandopop
Home Sweet Home,Peter Gabriel,0.9865,0.049,0.777,0.174,22,False,0.461,0.634,2,-12.746,1,0.0329,0.737,0.97,0.307,0.962,127.129,bluegrass
In Your Eyes,Peter Gabriel,-0.6399,0.105,0.804,0.091,3,False,0.57,0.672,8,-5.888,0,0.0716,0.172,1.04e-06,0.0768,0.461,120.018,dance
Indigo,Peter Gabriel,0.9474,0.136,0.674,0.19,44,False,0.602,0.178,2,-14.532,0,0.0569,0.992,0.921,0.0899,0.254,145.995,new-age
Intruder,Peter Gabriel,0.9246,0.109,0.73,0.161,23,False,0.34,0.914,1,-2.667,0,0.157,0.000164,0.625,0.371,0.281,126.787,death-metal
No Way Out,Peter Gabriel,-0.8175,0.11,0.795,0.096,51,False,0.441,0.994,5,-4.138,1,0.114,1.51e-05,9.68e-06,0.368,0.19,140.053,metalcore
Nothing But Love,Peter Tosh,0.8065,0.131,0.671,0.198,19,False,0.765,0.647,0,-11.348,1,0.0352,0.0559,0.00369,0.1,0.45,91.996,kids
Rumors Of War,Peter Tosh,-0.6613,0.178,0.641,0.181,26,False,0.701,0.518,7,-9.114,1,0.0615,0.212,0.0,0.455,0.609,81.162,dub
Stop That Train,Peter Tosh,0.5389,0.1,0.766,0.134,3,False,0.766,0.375,5,-13.456,1,0.0763,0.297,0.862,0.128,0.62,81.626,afrobeat
Colours,Phil Collins,-0.9716,0.149,0.776,0.075,46,False,0.369,0.925,7,-3.935,0,0.0436,0.000716,0.000302,0.142,0.119,174.993,drum-and-bass
Easy Lover,Phil Collins,0.9934,0.132,0.651,0.217,5,False,0.675,0.817,5,-3.789,0,0.0497,0.00711,0.0,0.0839,0.446,105.964,dance
Hero,Phil Collins,0.9955,0.073,0.654,0.273,72,False,0.533,0.967,1,-2.543,1,0.0995,0.00791,0.0,0.336,0.782,142.018,alt-rock
You Can't Hurry Love,Phil Collins,0.999,0.083,0.59,0.327,74,False,0.63,0.711,10,-9.34,1,0.0472,0.299,0.0,0.0813,0.659,96.912,disco
You'll Be In My Heart,Phil Collins,0.9461,0.033,0.867,0.1,30,False,0.266,0.144,9,-17.406,1,0.0369,0.851,0.0,0.114,0.227,90.513,disney
12 Days Of Christmas,Phineas And Ferb,0.9439,0.049,0.852,0.098,0,False,0.729,0.705,1,-10.299,0,0.0424,0.0106,0.895,0.0868,0.822,170.002,study
Cut My Hair,Phish,0.8052,0.094,0.788,0.118,61,False,0.824,0.296,10,-13.56,1,0.138,0.316,0.0115,0.0742,0.287,75.008,chill
I Didn't Know,Phish,0.8172,0.109,0.764,0.127,24,False,0.528,0.74,4,-7.577,0,0.0306,0.435,2.55e-06,0.119,0.732,150.668,bluegrass
Nothing,Phish,0.7941,0.024,0.884,0.093,11,False,0.215,0.889,5,-7.689,1,0.195,0.00604,0.806,0.386,0.207,100.133,grindcore
Burning Bridges,Pink Floyd,0.25,0.06,0.848,0.092,9,False,0.36,0.248,6,-15.53,1,0.0265,0.611,8.4e-05,0.181,0.375,81.276,honky-tonk
Dogs,Pink Floyd,-0.9781,0.14,0.785,0.075,23,False,0.593,0.463,9,-16.641,1,0.927,0.602,0.0,0.747,0.634,58.649,comedy
Don't Leave Me Now,Pink Floyd,0.795,0.0,0.879,0.121,53,False,0.324,0.11,9,-19.78,0,0.0351,0.0847,0.777,0.621,0.0393,123.534,psych-rock
Eclipse,Pink Floyd,-0.4854,0.093,0.851,0.056,42,False,0.202,0.553,6,-7.386,0,0.0437,0.098,0.000114,0.101,0.172,139.384,dub
Fat Old Sun,Pink Floyd,0.2344,0.072,0.862,0.066,44,False,0.365,0.204,0,-15.778,1,0.0314,0.352,0.424,0.823,0.201,72.689,psych-rock
Goodbye Blue Sky,Pink Floyd,-0.7399,0.123,0.818,0.059,59,False,0.638,0.0811,7,-22.646,1,0.0335,0.879,0.00313,0.314,0.0503,109.154,psych-rock
Late Night,Pink Floyd,0.9663,0.056,0.778,0.166,59,False,0.612,0.628,2,-6.754,1,0.0752,0.0358,0.00898,0.193,0.434,125.043,chill
The Thin Ice,Pink Floyd,0.6634,0.05,0.856,0.095,56,False,0.406,0.128,9,-16.983,0,0.0349,0.359,0.0019,0.656,0.191,110.272,psych-rock
The Trial,Pink Floyd,-0.9922,0.199,0.719,0.082,52,False,0.414,0.37,4,-15.748,0,0.0573,0.696,0.000129,0.211,0.33,76.846,psych-rock
Young Lust,Pink Floyd,-0.593,0.133,0.758,0.109,63,False,0.615,0.55,11,-13.858,0,0.0349,0.0546,0.19,0.747,0.549,95.488,psych-rock
Fireball,Pitbull,-0.9629,0.084,0.886,0.031,16,False,0.83,0.629,5,-11.178,0,0.0433,0.0741,0.0,0.0651,0.694,122.991,kids
Freek,Pitbull,-0.9968,0.178,0.718,0.104,8,False,0.807,0.868,11,-11.866,0,0.0567,0.131,0.97,0.0789,0.214,129.777,detroit-techno
Raindrops,Pitbull,0.9738,0.179,0.609,0.212,18,False,0.445,0.998,7,-3.972,1,0.134,0.00427,0.545,0.137,0.421,172.983,drum-and-bass
Closer To You,Planetshakers,0.1217,0.086,0.841,0.073,45,False,0.377,0.0414,5,-25.84,1,0.0413,0.991,0.944,0.107,0.194,93.159,ambient
No Tomorrow,Planetshakers,0.9477,0.071,0.739,0.19,21,False,0.387,0.956,10,-3.923,1,0.0821,4.83e-06,0.811,0.384,0.155,120.11,black-metal
Nothing Is Impossible,Planetshakers,0.7783,0.081,0.806,0.112,46,False,0.413,0.836,0,-4.867,1,0.0433,0.00202,0.0,0.0842,0.303,143.962,world-music
Perfect Day,Planetshakers,0.9457,0.022,0.775,0.202,52,False,0.17,0.174,2,-16.938,0,0.0358,0.914,0.0309,0.0635,0.0394,170.163,opera
Salvation,Planetshakers,0.7717,0.025,0.913,0.062,50,False,0.379,0.267,4,-8.981,1,0.0293,0.605,0.00322,0.152,0.229,135.198,acoustic
Turn It Up,Planetshakers,0.9909,0.036,0.703,0.26,52,False,0.582,0.953,5,-6.113,0,0.0567,0.00136,0.00197,0.324,0.12,138.025,progressive-house
I'm So Excited,P!nk,0.9961,0.032,0.698,0.27,72,False,0.59,0.868,5,-5.832,0,0.048,0.0962,0.000322,0.442,0.798,184.348,disco
My Baby's Gone,Pogues,-0.7772,0.095,0.851,0.055,12,False,0.52,0.28,2,-14.93,1,0.0305,0.539,0.0,0.275,0.617,122.71,honky-tonk
Tombstone,Pogues,0.1027,0.039,0.919,0.042,44,True,0.671,0.733,7,-7.348,0,0.361,0.229,0.0,0.139,0.62,78.03,country
69,Poison,-0.9031,0.199,0.652,0.149,0,True,0.527,0.463,4,-8.028,0,0.173,0.773,1.96e-06,0.178,0.429,115.003,alternative
Just What I Needed,Poison,0.3148,0.037,0.914,0.05,0,False,0.64,0.627,4,-9.048,1,0.0428,0.00948,0.000134,0.0764,0.793,127.07,hard-rock
Let It Play,Poison,0.8601,0.107,0.736,0.156,62,False,0.773,0.492,9,-5.254,0,0.0248,0.0315,0.00303,0.126,0.223,99.985,soul
What I Like About You,Poison,0.9945,0.0,0.739,0.261,69,False,0.514,0.942,9,-8.433,1,0.0502,0.282,6.6e-05,0.17,0.912,159.847,power-pop
Biker,Pretenders,0.6343,0.104,0.758,0.138,24,False,0.637,0.831,1,-5.566,0,0.0382,0.308,6.79e-06,0.765,0.681,113.991,party
Human,Pretenders,-0.8793,0.172,0.694,0.135,75,False,0.557,0.8,10,-8.477,1,0.0601,0.00132,0.0012,0.0906,0.582,135.47,alt-rock
I Go To Sleep,Pretenders,-0.891,0.106,0.86,0.035,0,False,0.408,0.23,9,-10.518,0,0.0393,0.762,0.0,0.0838,0.582,183.654,jazz
I'm Not In Love,Pretenders,-0.962,0.175,0.717,0.108,71,False,0.404,0.523,4,-15.7,1,0.0575,0.685,0.000498,0.282,0.164,133.738,blues
Louie Louie,Pretenders,0.9875,0.021,0.785,0.193,65,False,0.623,0.709,1,-9.818,0,0.0636,0.102,0.0,0.0967,0.948,122.394,garage
Making Plans For Nigel,Primus,0.9866,0.0,0.73,0.27,60,False,0.632,0.893,7,-6.04,1,0.0455,0.0143,5.24e-06,0.0741,0.773,149.97,power-pop
Dirty Mind,Prince,-0.3335,0.121,0.81,0.069,63,True,0.642,0.861,4,-3.837,1,0.294,0.0318,0.0,0.23,0.582,92.912,punk-rock
Girl,Prince,0.9907,0.071,0.754,0.175,50,False,0.359,0.603,8,-11.608,0,0.347,0.231,0.624,0.197,0.467,101.645,garage
The Future,Puff Daddy,-0.9566,0.115,0.817,0.068,45,False,0.578,0.953,9,-4.559,1,0.056,0.0654,0.769,0.127,0.345,109.014,club
All In,Q-Tip,0.9823,0.13,0.695,0.175,0,True,0.836,0.649,11,-6.442,1,0.332,0.0716,0.0,0.0943,0.294,95.084,hip-hop
Let's Ride,Q-Tip,0.9916,0.062,0.78,0.158,61,True,0.765,0.75,10,-7.375,1,0.198,0.232,0.0,0.233,0.568,128.031,anime
Make A Move,Quarashi,-0.9654,0.172,0.681,0.147,60,False,0.513,0.83,6,-4.71,0,0.0718,0.00181,0.0,0.0512,0.714,82.982,goth
Caught In The Rain,Quarterflash,0.765,0.031,0.894,0.075,56,False,0.732,0.89,1,-7.021,0,0.0647,0.0312,0.000233,0.162,0.217,124.989,deep-house
Delilah,Queen,0.9991,0.039,0.546,0.415,61,False,0.528,0.482,9,-10.939,0,0.027,0.614,0.0,0.549,0.788,95.82,british
Earth,Queen,0.8898,0.0,0.926,0.074,48,False,0.292,0.374,10,-10.495,0,0.0332,0.463,0.000292,0.357,0.247,119.784,ambient
Fat Bottomed Girls,Queen,0.9914,0.046,0.785,0.169,18,False,0.391,0.892,7,-5.226,1,0.0545,0.0112,0.0,0.733,0.414,90.155,club
I Was Born To Love You,Queen,0.9995,0.04,0.507,0.454,67,False,0.65,0.271,9,-11.081,1,0.0314,0.794,6.9e-05,0.196,0.21,78.036,acoustic
Pull Me Under,Queen Adreena,0.296,0.111,0.757,0.131,62,False,0.532,0.941,9,-9.025,1,0.0465,0.000579,0.0527,0.15,0.278,102.198,classical
Sleepwalking,Queen Adreena,0.9584,0.148,0.642,0.21,70,False,0.4,0.959,2,-3.258,0,0.103,0.000187,4.21e-06,0.231,0.339,149.062,metal
Weekend Love,Queen Latifah,0.9994,0.017,0.704,0.279,34,False,0.491,0.737,2,-6.132,1,0.04,0.279,0.0,0.106,0.456,166.627,blues
Falling Behind,Queensryche,-0.9641,0.185,0.687,0.127,6,False,0.458,0.853,4,-6.468,0,0.0322,0.0113,0.0722,0.0908,0.0545,123.007,progressive-house
London,Queensryche,-0.9045,0.149,0.749,0.101,67,False,0.684,0.512,11,-8.715,1,0.0525,0.544,0.0,0.097,0.466,119.901,chill
Can Opener,Quicksand,0.9947,0.038,0.727,0.234,25,False,0.577,0.828,9,-8.045,1,0.0383,0.000351,0.0535,0.0602,0.547,142.194,grunge
It's Been Too Long,Quicksilver Messenger Service,0.99,0.0,0.737,0.263,31,False,0.61,0.493,6,-15.819,1,0.0541,0.0362,6.73e-05,0.037,0.724,81.034,disco
Pretend,Quietdrive,-0.9976,0.309,0.625,0.067,55,False,0.68,0.883,11,-3.862,0,0.103,0.284,0.0,0.14,0.834,101.983,reggaeton
Until The End,Quietdrive,0.9879,0.153,0.618,0.228,60,True,0.298,0.927,10,-4.396,0,0.0995,0.00021,0.0,0.296,0.389,133.997,grunge
Ai No Corrida,Quincy Jones,-0.9944,0.175,0.761,0.064,1,False,0.797,0.765,4,-11.377,0,0.0397,0.0695,0.014,0.0959,0.889,122.411,disco
Already Home,R. Kelly,-0.9986,0.202,0.747,0.051,44,False,0.602,0.404,2,-7.344,1,0.0272,0.31,0.0,0.14,0.243,83.054,acoustic
Be Careful,R. Kelly,0.9692,0.06,0.804,0.136,0,False,0.835,0.561,6,-8.248,0,0.4,0.0264,0.0,0.095,0.499,152.152,dance
Be Happy,R. Kelly,0.995,0.036,0.782,0.182,56,True,0.692,0.257,11,-17.159,0,0.0924,0.564,0.0435,0.25,0.204,91.983,sad
Can You Feel It,R. Kelly,0.9984,0.031,0.752,0.217,38,False,0.654,0.605,11,-10.795,1,0.0494,0.212,0.925,0.0931,0.708,112.177,chicago-house
Down Low,R. Kelly,0.9718,0.033,0.8,0.168,59,False,0.675,0.805,4,-6.55,0,0.0346,0.0765,0.000974,0.182,0.762,122.017,deep-house
Dream Girl,R. Kelly,0.9991,0.007,0.582,0.411,48,False,0.56,0.64,4,-5.371,0,0.0541,0.226,0.0,0.249,0.132,155.968,show-tunes
Echo,R. Kelly,0.9919,0.072,0.781,0.147,23,False,0.61,0.703,9,-12.075,1,0.927,0.974,0.0,0.468,0.413,68.917,comedy
It's Your Birthday,R. Kelly,0.9951,0.026,0.745,0.229,51,False,0.812,0.877,4,-3.902,1,0.0463,0.0577,0.0,0.29,0.845,128.078,latino
Just A Touch,R. Kelly,-0.0849,0.114,0.773,0.113,16,False,0.535,0.487,4,-9.13,0,0.0326,0.385,0.165,0.146,0.141,119.944,club
Just Like That,R. Kelly,0.9996,0.018,0.604,0.378,16,False,0.766,0.521,8,-8.605,1,0.337,0.00391,0.368,0.294,0.228,180.037,club
Like I Do,R. Kelly,0.9988,0.005,0.719,0.275,53,False,0.561,0.515,5,-6.226,1,0.0527,0.419,1.2e-05,0.109,0.503,100.268,dancehall
All I Need,Radiohead,-0.946,0.182,0.777,0.041,55,True,0.663,0.786,9,-5.325,1,0.0353,0.212,1.96e-06,0.0957,0.319,145.977,chill
Black Star,Radiohead,-0.6662,0.096,0.869,0.035,44,False,0.348,0.923,4,-3.543,1,0.0623,3.26e-05,0.0862,0.183,0.391,106.152,grindcore
Bulletproof,Radiohead,-0.024,0.065,0.872,0.064,39,False,0.59,0.552,7,-10.496,1,0.0407,0.654,0.000359,0.128,0.635,155.101,acoustic
Burn The Witch,Radiohead,-0.9778,0.269,0.689,0.042,0,False,0.452,0.819,2,-4.394,1,0.0863,0.175,0.69,0.224,0.423,124.649,alt-rock
Creep,Radiohead,0.7781,0.196,0.53,0.274,58,False,0.585,0.103,7,-12.682,1,0.0309,0.801,0.0,0.126,0.179,133.057,acoustic
Jigsaw Falling Into Place,Radiohead,-0.4434,0.08,0.86,0.061,69,False,0.462,0.832,11,-6.085,0,0.0479,0.108,0.00416,0.0741,0.807,165.653,alt-rock
Let Down,Radiohead,-0.9706,0.194,0.766,0.04,48,False,0.441,0.867,4,-5.878,0,0.0426,0.0306,0.0,0.0747,0.416,150.095,electronic
No Surprises,Radiohead,-0.9716,0.397,0.391,0.212,82,False,0.255,0.393,5,-10.654,1,0.0278,0.0577,0.00361,0.113,0.118,76.426,alt-rock
Nude,Radiohead,-0.8555,0.091,0.897,0.012,69,False,0.516,0.342,4,-9.785,1,0.0342,0.832,0.579,0.0857,0.167,128.378,alt-rock
Baby Beluga,Raffi,0.9928,0.0,0.805,0.195,54,False,0.618,0.287,3,-14.032,1,0.0565,0.917,0.0,0.279,0.908,139.559,children
Down By The Bay,Raffi,0.6868,0.0,0.978,0.022,61,False,0.562,0.144,8,-13.751,1,0.0803,0.455,0.0,0.102,0.869,204.418,children
Make Your Move,Rainbow,0.9823,0.096,0.669,0.236,61,False,0.647,0.992,4,-2.748,0,0.0971,0.0248,0.106,0.156,0.555,124.0,groove
Stargazer,Rainbow,-0.9684,0.06,0.919,0.021,60,False,0.166,0.948,11,-8.503,0,0.0631,0.00374,0.0131,0.769,0.476,177.495,blues
Anxiety,Ramones,-0.9857,0.431,0.402,0.167,6,False,0.7,0.205,7,-20.188,0,0.043,0.805,0.877,0.0698,0.134,118.016,ambient
Blitzkrieg Bop,Ramones,0.5673,0.039,0.888,0.073,29,False,0.615,0.0679,9,-19.098,1,0.0608,0.987,0.887,0.0951,0.313,75.004,children
Boomerang,Ramones,-0.9642,0.15,0.823,0.027,0,False,0.603,0.661,0,-5.857,0,0.088,0.221,0.000303,0.0997,0.919,92.135,latin
Indian Giver,Ramones,0.9949,0.025,0.655,0.32,26,False,0.21,0.861,9,-4.898,1,0.049,7.95e-05,0.0202,0.41,0.192,135.568,metalcore
Ramona,Ramones,0.9643,0.06,0.689,0.251,26,False,0.622,0.814,5,-4.945,0,0.0745,0.000628,0.00108,0.224,0.914,97.553,garage
Time Bomb,Ramones,-0.9969,0.383,0.571,0.046,52,False,0.337,0.811,11,-4.925,1,0.0339,0.000483,0.0213,0.182,0.227,175.014,dub
Just A Closer Walk With Thee,Randy Travis,0.9805,0.108,0.609,0.283,26,False,0.296,0.465,10,-8.163,1,0.0326,0.652,3.88e-06,0.226,0.49,205.466,honky-tonk
No Place Like Home,Randy Travis,0.9896,0.107,0.649,0.243,24,False,0.637,0.516,0,-8.725,1,0.028,0.655,0.0151,0.156,0.178,117.811,guitar
On The Other Hand,Randy Travis,0.9871,0.059,0.662,0.279,15,False,0.519,0.407,7,-7.564,1,0.0279,0.475,1.4e-06,0.107,0.288,98.986,honky-tonk
Runaway Train,Randy Travis,0.9995,0.0,0.575,0.425,56,False,0.616,0.714,0,-7.02,1,0.0385,0.00481,0.0,0.133,0.53,117.422,grunge
Softly And Tenderly,Randy Travis,0.7096,0.048,0.866,0.086,17,False,0.468,0.343,7,-8.728,1,0.0252,0.686,1.15e-06,0.262,0.231,75.002,honky-tonk
Pieces,Rascal Flatts,-0.9084,0.148,0.736,0.117,60,False,0.494,0.652,6,-5.863,0,0.0314,0.0754,0.00256,0.125,0.298,137.018,acoustic
Riot,Rascal Flatts,-0.9951,0.208,0.729,0.063,39,False,0.573,0.973,6,-2.565,0,0.362,0.00025,0.461,0.297,0.4,110.052,club
Tonight Tonight,Rascal Flatts,0.9881,0.023,0.838,0.139,1,False,0.611,0.834,11,-4.528,0,0.0299,0.0544,1.57e-05,0.232,0.643,109.997,british
What Hurts The Most,Rascal Flatts,-0.8975,0.119,0.815,0.066,71,False,0.537,0.674,5,-5.134,0,0.0277,0.0088,0.0,0.265,0.33,136.002,country
Mercy,Ray Boltz,0.9894,0.067,0.626,0.307,18,False,0.765,0.434,0,-8.515,0,0.096,0.366,0.0,0.0978,0.267,141.939,afrobeat
Roar,Ray Boltz,0.7399,0.097,0.77,0.133,9,False,0.56,0.647,3,-4.807,1,0.0421,0.0193,9.94e-06,0.271,0.51,179.884,kids
Angelina,Ray Charles,-0.743,0.152,0.743,0.105,44,False,0.591,0.145,9,-18.428,1,0.0343,0.928,0.523,0.108,0.265,127.261,bluegrass
In The Heat Of The Night,Ray Charles,0.3069,0.086,0.81,0.104,57,False,0.636,0.913,0,-8.838,1,0.0311,0.00257,0.106,0.194,0.698,123.28,synth-pop
Let Your Love Flow,Ray Charles,0.9984,0.012,0.654,0.333,70,False,0.679,0.553,3,-14.687,1,0.0316,0.0611,7.16e-06,0.139,0.946,109.071,country
My Bonnie,Ray Charles,0.3501,0.051,0.875,0.074,19,False,0.662,0.0683,10,-18.923,1,0.0351,0.994,0.901,0.108,0.319,116.119,disney
No One,Ray Charles,-0.9025,0.215,0.67,0.115,78,False,0.644,0.549,1,-5.415,0,0.0285,0.0209,8.85e-06,0.134,0.167,90.04,soul
Everyday People,Reba Mcentire,0.9969,0.023,0.698,0.279,67,False,0.807,0.497,7,-10.656,1,0.0297,0.307,0.0327,0.043,0.765,114.524,psych-rock
I'm A Woman,Reba Mcentire,0.9686,0.013,0.87,0.117,22,False,0.717,0.666,5,-6.986,1,0.0582,0.194,1.91e-05,0.123,0.812,98.15,bluegrass
Night Life,Reba Mcentire,-0.4053,0.111,0.782,0.107,12,False,0.505,0.239,4,-13.967,0,0.0341,0.879,0.00504,0.175,0.338,95.937,honky-tonk
One Good Reason,Reba Mcentire,0.9586,0.061,0.721,0.218,49,False,0.433,0.941,1,-5.715,1,0.123,0.000148,0.000354,0.282,0.42,100.24,industrial
Behind The Sun,Red Hot Chili Peppers,0.9881,0.0,0.824,0.176,60,False,0.598,0.926,6,-3.746,0,0.0555,0.00575,0.587,0.125,0.364,140.044,chill
City Of Angels,Red Hot Chili Peppers,0.9898,0.11,0.672,0.218,53,False,0.575,0.795,2,-6.149,1,0.0357,0.0787,2.62e-05,0.086,0.149,105.015,grunge
Dani California,Red Hot Chili Peppers,0.9882,0.047,0.77,0.183,78,False,0.556,0.913,0,-2.36,1,0.0437,0.0193,8.59e-06,0.346,0.73,96.184,alt-rock
How It Ends,Red Hot Chili Peppers,0.9608,0.067,0.788,0.145,29,False,0.272,0.271,11,-11.421,1,0.0348,0.913,2.57e-05,0.0779,0.15,77.301,show-tunes
I Want You Back,Red Hot Chili Peppers,0.8553,0.082,0.775,0.144,77,False,0.469,0.538,8,-13.559,1,0.0571,0.305,0.00012,0.37,0.886,196.605,soul
My Friends,Red Hot Chili Peppers,-0.9455,0.266,0.581,0.152,5,False,0.303,0.71,0,-3.545,1,0.0292,0.00575,0.00152,0.131,0.327,162.657,rock
Porcelain,Red Hot Chili Peppers,0.5736,0.099,0.788,0.113,30,False,0.551,0.628,0,-7.874,0,0.0294,0.00133,0.188,0.282,0.336,95.03,electronic
Road Trippin',Red Hot Chili Peppers,0.8086,0.103,0.771,0.126,66,False,0.378,0.474,4,-8.202,0,0.0271,0.28,0.00138,0.117,0.38,102.379,metal
Snow,Red Hot Chili Peppers,0.9959,0.078,0.746,0.177,0,False,0.407,0.00256,5,-31.357,0,0.0449,0.989,0.94,0.119,0.134,73.214,ambient
My Sweet Home,Regine Velasquez,0.9985,0.021,0.676,0.303,30,False,0.599,0.735,10,-9.293,1,0.0278,0.169,0.000432,0.681,0.766,132.984,techno
Say You Love Me,Regine Velasquez,0.0,0.0,1.0,0.0,62,False,0.387,0.413,7,-8.95,1,0.0559,0.162,1.56e-05,0.262,0.249,173.73,british
Till I Met You,Regine Velasquez,-0.962,0.18,0.731,0.089,35,False,0.509,0.572,7,-4.139,1,0.0282,0.606,4.42e-05,0.125,0.141,139.852,world-music
True Romance,Regine Velasquez,0.9958,0.055,0.694,0.251,33,False,0.627,0.689,2,-7.108,1,0.188,0.323,0.000205,0.121,0.135,81.972,french
Wherever I Go,Regine Velasquez,0.9797,0.0,0.871,0.129,70,False,0.552,0.689,10,-6.444,0,0.0425,0.0915,0.0,0.27,0.349,99.961,piano
You Were There,Regine Velasquez,0.9246,0.084,0.801,0.115,12,False,0.574,0.926,5,-8.288,0,0.0692,0.475,0.905,0.136,0.179,139.998,idm
Zoom,Regine Velasquez,0.9545,0.011,0.884,0.105,41,False,0.641,0.928,8,-5.927,1,0.102,0.00867,0.759,0.48,0.301,139.982,trance
Be Thou My Vision,Religious Music,0.9914,0.028,0.662,0.31,53,False,0.194,0.324,1,-12.412,1,0.0338,0.902,0.196,0.109,0.157,169.758,world-music
Femme Fatale,Rem,0.8879,0.063,0.802,0.135,64,False,0.55,0.145,0,-15.753,1,0.0332,0.913,0.0,0.118,0.138,103.918,psych-rock
Love Is All Around,Rem,0.9841,0.046,0.771,0.183,55,False,0.457,0.492,2,-8.104,1,0.0291,0.432,0.00106,0.0996,0.691,98.921,garage
Drop It,Reo Speedwagon,-0.8831,0.27,0.568,0.162,4,False,0.655,0.962,0,-6.715,0,0.0635,0.00298,0.907,0.0823,0.14,125.0,deep-house
Here With Me,Reo Speedwagon,0.9938,0.031,0.788,0.181,75,False,0.791,0.565,5,-3.933,0,0.0439,0.0623,0.0,0.156,0.181,99.961,dance
Hooked On A Feeling,Reo Speedwagon,0.993,0.037,0.699,0.264,73,False,0.547,0.82,8,-6.728,1,0.0805,0.261,0.0,0.3,0.933,118.208,swedish
Rock And Roll Music,Reo Speedwagon,0.9755,0.022,0.863,0.115,53,False,0.529,0.768,8,-6.201,1,0.0446,0.418,0.000947,0.0655,0.871,165.225,rockabilly
Sweet Time,Reo Speedwagon,0.9969,0.03,0.697,0.273,47,False,0.457,0.728,2,-8.625,1,0.0497,0.192,0.0292,0.0944,0.439,84.976,dub
When I Get Home,Reo Speedwagon,0.9298,0.066,0.82,0.115,39,False,0.315,0.774,0,-5.985,1,0.0508,0.0675,0.000463,0.358,0.459,74.697,garage
Christmas Spirit,Richard Marx,0.9518,0.054,0.825,0.12,0,False,0.494,0.296,8,-12.479,1,0.0344,0.773,0.0,0.14,0.224,128.933,disco
Inside,Richard Marx,0.9791,0.126,0.686,0.188,18,False,0.396,0.769,8,-3.432,1,0.0365,0.00501,0.796,0.135,0.134,175.001,drum-and-bass
Nothing Left To Say,Richard Marx,0.4943,0.096,0.791,0.114,20,False,0.455,0.0733,0,-21.871,1,0.0737,0.981,0.903,0.141,0.136,103.499,new-age
Playing With Fire,Richard Marx,0.5355,0.141,0.699,0.16,3,False,0.477,0.697,11,-4.348,1,0.0301,0.031,0.0,0.111,0.486,150.048,country
Think It Over,Richard Marx,0.763,0.038,0.882,0.079,47,False,0.627,0.935,7,-4.569,0,0.0653,0.219,0.0,0.28,0.604,124.087,groove
Thunder And Lightning,Richard Marx,-0.6481,0.176,0.668,0.156,28,False,0.551,0.737,2,-6.528,1,0.0341,0.414,1.16e-06,0.0802,0.821,181.071,bluegrass
Too Late To Say Goodbye,Richard Marx,-0.444,0.132,0.746,0.122,60,False,0.482,0.55,4,-7.098,0,0.0356,0.135,0.0,0.294,0.105,67.559,blues
Giving Up On Love,Rick Astley,0.9973,0.123,0.547,0.33,10,False,0.757,0.879,0,-4.886,1,0.0483,0.0489,1.27e-05,0.0768,0.382,134.977,breakbeat
Make It Easy On Yourself,Rick Astley,0.6936,0.126,0.735,0.139,25,False,0.391,0.322,2,-10.845,1,0.0322,0.88,0.0,0.118,0.278,180.048,acoustic
Together Forever,Rick Astley,0.9849,0.0,0.789,0.211,68,False,0.702,0.933,2,-11.876,1,0.0492,0.0519,0.000128,0.155,0.896,115.114,disco
Whenever You Need Somebody,Rick Astley,0.9972,0.051,0.698,0.251,52,False,0.716,0.946,0,-13.01,0,0.0402,0.108,9.45e-06,0.184,0.524,115.18,synth-pop
Disturbia,Rihanna,-0.7672,0.067,0.883,0.049,40,False,0.665,0.962,2,-3.485,1,0.125,0.018,0.0,0.319,0.703,125.049,children
Fading,Rihanna,-0.7345,0.096,0.833,0.071,53,False,0.734,0.762,11,-5.254,0,0.0416,0.0201,0.0,0.12,0.674,122.065,deep-house
First Place,Rihanna,-0.8979,0.084,0.833,0.083,45,False,0.563,0.809,6,-6.069,1,0.0478,0.0226,4.54e-06,0.129,0.3,145.078,dub
Game Over,Rihanna,-0.9891,0.182,0.764,0.054,21,True,0.619,0.865,9,-4.709,1,0.0624,0.0448,0.591,0.126,0.504,129.946,black-metal
Here I Go Again,Rihanna,0.986,0.057,0.79,0.153,58,False,0.484,0.877,7,-5.434,1,0.0337,0.151,0.00017,0.14,0.687,92.975,british
Never Ending,Rihanna,0.9733,0.129,0.678,0.193,54,False,0.613,0.85,1,-4.196,0,0.0927,0.339,0.000138,0.12,0.186,118.068,electronic
Russian Roulette,Rihanna,-0.9805,0.157,0.766,0.076,27,False,0.635,0.86,5,-4.188,0,0.0409,0.017,0.0548,0.0941,0.717,121.459,power-pop
Should I,Rihanna,0.9937,0.068,0.782,0.15,57,True,0.822,0.528,10,-7.61,0,0.0398,0.423,0.0,0.0869,0.518,108.01,french
Skin,Rihanna,0.3756,0.086,0.837,0.077,68,False,0.564,0.745,0,-7.733,1,0.31,0.265,0.0,0.147,0.351,170.661,soul
Te Amo,Rihanna,-0.9962,0.222,0.706,0.072,34,False,0.764,0.689,0,-9.63,1,0.0349,0.357,0.000204,0.0711,0.93,94.127,salsa
Towards The Sun,Rihanna,0.129,0.073,0.871,0.056,22,False,0.426,0.935,6,-4.437,1,0.0554,0.268,0.652,0.0385,0.136,175.009,happy
Where Have You Been,Rihanna,0.9673,0.017,0.88,0.102,57,False,0.564,0.931,1,-3.163,0,0.0357,0.0169,0.842,0.117,0.866,126.002,progressive-house
Cursed,Robbie Williams,0.3425,0.156,0.669,0.175,50,False,0.583,0.929,1,-5.106,1,0.198,0.00115,0.873,0.164,0.285,118.0,club
It Was A Very Good Year,Robbie Williams,0.9723,0.009,0.817,0.174,18,False,0.705,0.803,11,-4.55,0,0.0332,0.0405,0.168,0.356,0.204,124.994,breakbeat
It's Only Us,Robbie Williams,0.9595,0.014,0.769,0.217,48,False,0.477,0.615,0,-6.504,0,0.026,0.482,0.0308,0.644,0.472,86.472,afrobeat
Morning Sun,Robbie Williams,-0.9851,0.133,0.843,0.024,32,False,0.773,0.439,9,-17.062,1,0.0523,0.582,0.00394,0.0846,0.571,100.022,singer-songwriter
Something Stupid,Robbie Williams,0.9319,0.067,0.791,0.142,47,False,0.789,0.261,7,-14.396,1,0.0456,0.803,0.0,0.0962,0.491,117.961,acoustic
Stand Your Ground,Robbie Williams,-0.3855,0.069,0.909,0.022,62,False,0.71,0.271,7,-9.541,1,0.0283,0.658,4.59e-06,0.115,0.686,131.88,acoustic
Suspicious Minds,Robbie Williams,-0.6186,0.12,0.807,0.072,76,False,0.487,0.382,7,-10.889,1,0.0309,0.0422,4.74e-06,0.411,0.714,116.557,rock-n-roll
All Right Now,Rod Stewart,0.9886,0.051,0.814,0.136,0,False,0.785,0.481,2,-11.323,1,0.101,0.0062,2.38e-06,0.122,0.77,119.937,blues
Dynamite,Rod Stewart,0.998,0.035,0.723,0.242,13,False,0.653,0.802,11,-4.963,0,0.0437,0.0331,0.00532,0.27,0.585,106.964,breakbeat
Hotel Chambermaid,Rod Stewart,0.9624,0.032,0.855,0.113,20,False,0.594,0.534,4,-9.11,1,0.0277,0.00476,6.88e-06,0.129,0.667,132.486,power-pop
How Long,Rod Stewart,0.8899,0.072,0.821,0.107,73,False,0.845,0.561,1,-5.253,0,0.0778,0.211,3.49e-06,0.0383,0.811,109.974,dance
I'm In The Mood For Love,Rod Stewart,0.9942,0.051,0.678,0.271,0,False,0.58,0.0545,9,-14.594,0,0.0473,0.963,0.000265,0.0967,0.177,123.341,jazz
Last Summer,Rod Stewart,0.9599,0.106,0.721,0.174,54,True,0.641,0.915,0,-3.543,1,0.0328,0.261,0.0,0.219,0.898,144.953,j-dance
Maggie May,Rod Stewart,0.9846,0.109,0.701,0.19,1,False,0.594,0.719,2,-6.212,1,0.0387,0.481,0.0722,0.124,0.494,129.337,rock
Manhattan,Rod Stewart,0.9935,0.023,0.744,0.233,45,False,0.602,0.355,6,-13.881,1,0.0255,0.619,0.036,0.205,0.281,99.271,bluegrass
Missing You,Rod Stewart,-0.995,0.258,0.661,0.081,53,False,0.598,0.736,11,-6.536,1,0.0238,0.00167,0.00179,0.194,0.418,103.233,bluegrass
Moonglow,Rod Stewart,0.93,0.0,0.888,0.112,25,False,0.207,0.0825,9,-24.656,1,0.0389,0.974,0.946,0.0947,0.107,68.36,new-age
Our Love Is Here To Stay,Rod Stewart,0.995,0.0,0.732,0.268,0,False,0.418,0.165,4,-10.663,0,0.0442,0.91,2.02e-05,0.213,0.205,120.301,blues
Passion,Rod Stewart,0.9987,0.082,0.522,0.396,67,False,0.777,0.721,0,-6.951,1,0.071,0.476,0.0512,0.27,0.88,106.956,alt-rock
Peach,Rod Stewart,0.9524,0.094,0.714,0.192,27,True,0.563,0.452,5,-8.96,1,0.048,0.877,1.38e-05,0.145,0.581,91.98,acoustic
Angie,Rolling Stones,0.9465,0.133,0.693,0.174,72,False,0.429,0.554,9,-6.128,0,0.0291,0.67,0.000152,0.105,0.407,136.302,british
Come On,Rolling Stones,-0.8595,0.086,0.842,0.072,6,False,0.637,0.396,9,-16.377,1,0.0929,0.000102,0.875,0.0483,0.438,189.895,chicago-house
Connection,Rolling Stones,0.4634,0.056,0.831,0.113,63,False,0.611,0.602,5,-4.89,1,0.0437,0.000837,0.0,0.112,0.624,168.154,piano
Dandelion,Rolling Stones,0.9894,0.075,0.658,0.267,69,False,0.8,0.66,0,-4.903,1,0.158,0.158,0.02,0.14,0.634,117.923,edm
Dirty Work,Rolling Stones,-0.9938,0.266,0.644,0.09,70,False,0.631,0.354,1,-11.112,1,0.0313,0.795,0.000107,0.0879,0.522,73.007,psych-rock
Going Home,Rolling Stones,0.9991,0.0,0.761,0.239,38,False,0.621,0.504,6,-13.143,0,0.0286,0.771,0.736,0.284,0.0564,95.995,ambient
Hot Stuff,Rolling Stones,-0.058,0.102,0.798,0.1,67,False,0.823,0.743,0,-13.98,1,0.0316,0.00559,0.0306,0.0707,0.966,120.471,disco
Indian Girl,Rolling Stones,-0.9356,0.128,0.784,0.089,38,False,0.768,0.847,11,-2.631,1,0.0814,0.222,0.0,0.0853,0.764,102.014,j-dance
I've Been Loving You Too Long,Rolling Stones,0.9832,0.14,0.583,0.277,0,False,0.508,0.535,9,-5.632,1,0.0272,0.565,0.000388,0.196,0.162,74.682,blues
Live With Me,Rolling Stones,0.9057,0.079,0.797,0.124,43,False,0.627,0.685,11,-6.617,0,0.0312,0.0954,0.215,0.0899,0.507,143.98,trip-hop
Look What You've Done,Rolling Stones,0.9513,0.073,0.767,0.16,53,False,0.747,0.79,0,-2.233,1,0.0474,0.172,0.0,0.357,0.615,117.97,swedish
Love Is Strong,Rolling Stones,0.9979,0.063,0.57,0.368,32,False,0.827,0.559,9,-6.252,0,0.0612,0.0452,3.65e-06,0.0532,0.751,143.982,j-rock
Low Down,Rolling Stones,0.1316,0.135,0.775,0.091,24,False,0.197,0.856,6,-8.666,0,0.124,0.00421,0.333,0.537,0.261,103.475,groove
Mannish Boy,Rolling Stones,0.993,0.03,0.705,0.265,63,False,0.598,0.735,2,-10.882,1,0.0973,0.44,0.000215,0.681,0.615,111.129,blues
Melody,Rolling Stones,0.9761,0.027,0.857,0.116,53,False,0.364,0.466,9,-10.524,1,0.0889,0.245,2.75e-06,0.0905,0.534,84.226,edm
Beautiful Things,Roxette,0.9939,0.057,0.632,0.311,52,False,0.693,0.665,4,-8.111,0,0.0255,0.00299,0.118,0.347,0.616,130.998,trance
Chances,Roxette,-0.8503,0.2,0.657,0.142,56,False,0.561,0.569,6,-9.682,1,0.0289,0.365,0.611,0.109,0.53,103.705,garage
Dance Away,Roxette,0.8654,0.051,0.805,0.144,7,False,0.815,0.574,2,-10.93,1,0.233,0.000196,0.384,0.101,0.442,120.006,detroit-techno
Dream On,Roxette,0.9634,0.063,0.782,0.155,23,False,0.405,0.482,2,-6.484,1,0.0272,0.148,0.0,0.0816,0.449,148.64,blues
Dreaming,Roxette,0.6767,0.0,0.928,0.072,60,False,0.848,0.49,1,-10.753,0,0.0686,0.462,9.66e-05,0.26,0.58,114.006,french
Drowning In You,Roxette,0.9572,0.041,0.829,0.13,67,False,0.782,0.651,5,-6.005,0,0.0601,0.0121,0.324,0.461,0.767,126.052,deep-house
Every Day,Roxette,0.705,0.09,0.815,0.095,0,False,0.477,0.728,7,-5.978,0,0.0378,0.00298,0.258,0.124,0.0341,125.981,edm
Fingertips,Roxette,0.975,0.031,0.806,0.163,48,False,0.357,0.281,9,-11.982,0,0.0417,0.901,3.53e-05,0.0927,0.0507,130.857,piano
It Hurts,Roxette,-0.9869,0.26,0.699,0.041,30,False,0.595,0.849,4,-2.917,1,0.0455,0.0953,1.16e-05,0.198,0.926,113.682,rockabilly
Listen To Your Heart,Roxette,0.9877,0.024,0.832,0.144,54,False,0.465,0.635,9,-4.484,0,0.0454,0.161,0.0,0.276,0.236,154.904,happy
Run Run Run,Roxette,-0.5535,0.07,0.878,0.052,0,False,0.72,0.487,4,-9.857,1,0.0322,0.373,0.161,0.182,0.265,122.003,deep-house
See Me,Roxette,0.9648,0.0,0.808,0.192,40,False,0.544,0.935,5,-1.31,0,0.0501,0.0484,0.0,0.108,0.252,124.991,synth-pop
Spending My Time,Roxette,0.9892,0.075,0.729,0.196,67,False,0.42,0.574,4,-5.149,1,0.0292,0.238,0.000115,0.127,0.218,170.549,swedish
The Look,Roxette,0.979,0.044,0.838,0.118,71,False,0.638,0.535,9,-7.792,0,0.0415,0.623,0.0391,0.0837,0.504,84.947,electronic
Way Out,Roxette,0.9749,0.045,0.833,0.122,35,False,0.311,0.829,4,-2.099,1,0.0546,0.0208,0.0,0.167,0.562,175.154,emo
Avalon,Roxy Music,-0.5009,0.081,0.883,0.037,39,False,0.444,0.986,4,-5.285,0,0.0738,0.000121,0.558,0.44,0.0752,138.022,techno
Beauty Queen,Roxy Music,0.9409,0.034,0.808,0.158,14,False,0.461,0.727,1,-6.268,1,0.032,0.000134,0.0,0.101,0.22,133.014,breakbeat
Casanova,Roxy Music,-0.5908,0.141,0.743,0.116,30,False,0.685,0.881,9,-4.861,1,0.0491,0.112,0.0,0.448,0.772,124.002,disco
Just Like You,Roxy Music,0.8987,0.091,0.763,0.147,64,False,0.373,0.737,1,-5.282,1,0.0297,9.4e-06,0.0,0.0696,0.565,177.9,grunge
Oh Yeah,Roxy Music,0.9022,0.026,0.845,0.129,11,False,0.692,0.467,0,-16.159,1,0.0382,0.000783,0.852,0.11,0.627,124.696,breakbeat
Over You,Roxy Music,0.9239,0.142,0.636,0.223,47,False,0.292,0.281,5,-11.569,1,0.0288,0.751,0.000801,0.113,0.164,89.256,acoustic
Serenade,Roxy Music,-0.9472,0.196,0.706,0.098,21,False,0.392,0.0506,3,-19.5,1,0.0445,0.99,0.921,0.101,0.101,67.305,disney
Blue Blue Day,Roy Orbison,0.9882,0.039,0.665,0.296,22,False,0.591,0.908,7,-3.977,1,0.0804,0.243,4.63e-05,0.0918,0.92,119.581,rockabilly
California Blue,Roy Orbison,0.802,0.07,0.826,0.104,52,False,0.651,0.596,2,-12.561,1,0.0271,0.67,1.27e-05,0.376,0.695,105.679,rockabilly
City Life,Roy Orbison,0.9899,0.096,0.658,0.246,21,False,0.441,0.966,4,-7.287,1,0.0469,0.000121,0.817,0.269,0.401,174.001,drum-and-bass
Loneliness,Roy Orbison,-0.9954,0.526,0.405,0.069,45,False,0.654,0.325,2,-10.283,0,0.0453,0.123,0.785,0.11,0.0997,143.929,anime
Anagram,Rush,0.3392,0.139,0.72,0.141,19,False,0.496,0.887,11,-6.001,0,0.0474,1.27e-05,0.00521,0.518,0.549,155.99,black-metal
Bastille Day,Rush,-0.886,0.172,0.709,0.119,6,False,0.745,0.942,7,-9.462,1,0.0572,0.00156,0.893,0.106,0.21,132.028,detroit-techno
Countdown,Rush,0.7906,0.093,0.791,0.116,26,False,0.516,0.916,1,-5.816,0,0.078,0.00247,0.683,0.337,0.159,149.979,hardstyle
Nocturne,Rush,0.9595,0.114,0.649,0.237,52,False,0.48,0.303,2,-13.189,0,0.0302,0.949,0.196,0.155,0.192,127.017,british
Resist,Rush,-0.9894,0.3,0.7,0.0,20,False,0.613,0.873,10,-9.269,0,0.0416,2.65e-05,0.68,0.803,0.475,128.0,industrial
Xanadu,Rush,0.6956,0.119,0.741,0.14,66,False,0.635,0.584,6,-9.112,1,0.0296,0.118,0.0,0.29,0.711,127.626,disco
La La La,Sam Smith,-0.9711,0.086,0.865,0.049,10,True,0.653,0.915,1,-4.319,1,0.128,0.00879,9.95e-06,0.427,0.909,89.997,breakbeat
Together,Sam Smith,0.5707,0.067,0.828,0.104,7,False,0.969,0.344,5,-11.164,1,0.12,0.726,0.000514,0.261,0.923,126.975,alternative
Practice What You Preach,Santana,0.9844,0.032,0.696,0.272,15,False,0.306,0.826,2,-9.074,1,0.0642,1.67e-06,0.96,0.0697,0.431,102.706,grindcore
All Around Me,Savage Garden,0.9942,0.042,0.742,0.216,0,False,0.53,0.438,3,-7.564,1,0.0372,0.811,0.0,0.212,0.694,117.148,pop
The Best Thing,Savage Garden,0.9822,0.134,0.69,0.176,41,False,0.62,0.553,5,-9.091,0,0.0293,0.263,0.302,0.12,0.227,115.984,synth-pop
Blackout,Scorpions,-0.9662,0.209,0.747,0.044,33,False,0.689,0.598,11,-8.748,0,0.0848,0.00307,0.773,0.0968,0.407,124.0,deep-house
Mysterious,Scorpions,-0.976,0.134,0.801,0.065,5,False,0.189,0.239,2,-22.889,0,0.0564,0.973,0.98,0.101,0.08,131.511,iranian
New Generation,Scorpions,0.6597,0.052,0.874,0.074,48,False,0.761,0.898,6,-3.727,0,0.0415,0.00138,0.685,0.115,0.0896,130.005,minimal-techno
No One Like You,Scorpions,0.9788,0.104,0.674,0.221,40,False,0.652,0.529,10,-5.761,1,0.0464,0.357,2.05e-05,0.235,0.488,129.861,afrobeat
Send Me An Angel,Scorpions,0.9337,0.0,0.922,0.078,70,False,0.153,0.417,1,-11.587,1,0.0318,0.434,0.000622,0.211,0.166,80.87,german
Still Loving You,Scorpions,0.998,0.082,0.584,0.334,74,False,0.282,0.605,6,-4.916,0,0.0294,0.0047,0.00144,0.103,0.0783,103.929,german
Wind Of Change,Scorpions,0.9924,0.0,0.816,0.184,0,False,0.429,0.63,0,-7.392,1,0.0329,0.078,0.0,0.104,0.211,151.627,german
Bless The Broken Road,Selah,0.9895,0.128,0.603,0.269,36,False,0.588,0.448,0,-6.37,1,0.0265,0.668,1.37e-05,0.156,0.362,135.962,country
Feel Me,Selena Gomez,0.8396,0.084,0.804,0.112,34,False,0.609,0.529,5,-7.816,1,0.0295,0.499,0.0,0.268,0.384,136.027,disco
Tell Me Something I Don't Know,Selena Gomez,0.9849,0.078,0.757,0.165,13,False,0.282,0.254,0,-14.371,1,0.0351,0.814,1.13e-06,0.0925,0.543,203.98,honky-tonk
When The Sun Goes Down,Selena Gomez,0.9678,0.015,0.87,0.115,76,True,0.348,0.875,11,-4.758,0,0.199,0.0341,0.0,0.117,0.407,169.152,garage
California Dreamin',Sia,0.9762,0.013,0.769,0.218,0,False,0.685,0.911,9,-4.977,1,0.144,0.00552,0.0247,0.285,0.351,128.02,deep-house
House On Fire,Sia,0.3291,0.177,0.608,0.215,73,False,0.61,0.747,2,-4.543,1,0.109,0.0245,0.0,0.106,0.439,150.088,singer-songwriter
Never Give Up,Sia,0.9923,0.041,0.791,0.169,31,False,0.486,0.934,7,-3.059,1,0.07,0.186,0.00692,0.132,0.142,178.07,hardcore
Pictures,Sia,-0.8885,0.126,0.797,0.077,51,False,0.759,0.669,3,-6.611,1,0.104,0.0421,2.76e-06,0.187,0.383,123.059,deep-house
Summer Rain,Sia,0.9581,0.09,0.783,0.126,51,True,0.662,0.717,4,-5.211,1,0.274,0.628,6.66e-06,0.427,0.689,169.853,club
Set You Free,Side A,0.9987,0.063,0.613,0.324,35,False,0.537,0.47,3,-9.003,1,0.0273,0.216,4.85e-06,0.0761,0.246,79.801,dubstep
Angel Of Death,Slayer,-0.9986,0.321,0.629,0.05,60,False,0.326,0.995,1,-4.38,1,0.147,9.41e-05,0.386,0.145,0.092,105.459,death-metal
Bloodline,Slayer,-0.9963,0.309,0.586,0.105,55,False,0.408,0.971,9,-3.876,1,0.125,5.7e-05,0.191,0.135,0.237,118.445,death-metal
Born To Be Wild,Slayer,0.5748,0.16,0.681,0.159,73,False,0.438,0.71,2,-12.412,1,0.0919,0.262,0.537,0.221,0.53,145.928,blues
Dead Skin Mask,Slayer,-0.9713,0.233,0.65,0.116,56,False,0.342,0.987,3,-4.42,1,0.205,0.000262,0.00025,0.172,0.0418,110.125,death-metal
Raining Blood,Slayer,-0.9245,0.189,0.758,0.053,65,False,0.227,0.995,10,-4.361,0,0.173,0.000405,0.393,0.127,0.0363,87.499,death-metal
Seasons In The Abyss,Slayer,-0.9877,0.236,0.741,0.023,59,False,0.263,0.97,5,-4.182,0,0.163,0.00338,0.000795,0.0922,0.17,151.729,death-metal
Snuff,Slayer,-0.9933,0.335,0.458,0.207,70,False,0.544,0.69,6,-5.723,0,0.0425,0.012,0.0095,0.0615,0.219,123.962,metal
The Antichrist,Slayer,-0.1027,0.152,0.706,0.142,53,False,0.342,0.937,0,-6.756,1,0.0726,6.09e-06,0.582,0.221,0.368,119.48,death-metal
War Ensemble,Slayer,-0.9969,0.293,0.644,0.064,56,False,0.332,0.988,8,-4.111,1,0.146,7.65e-05,0.0126,0.055,0.097,98.878,death-metal
Issues,Snoop Dogg,-0.9973,0.203,0.704,0.093,28,False,0.582,0.541,8,-5.499,1,0.059,0.324,0.0,0.0646,0.562,154.871,acoustic
Halfway There,Soundgarden,0.9968,0.042,0.7,0.258,52,False,0.701,0.383,4,-10.002,1,0.059,0.674,0.0,0.112,0.317,117.982,singer-songwriter
The Day I Tried To Live,Soundgarden,0.0516,0.063,0.867,0.07,59,False,0.472,0.752,0,-6.051,1,0.0555,0.000164,0.181,0.0903,0.305,133.248,grunge
Virgin,Spandau Ballet,0.9868,0.111,0.703,0.185,45,False,0.46,0.47,11,-9.703,0,0.0351,0.671,0.124,0.0875,0.0898,140.066,ambient
Another Nail In My Heart,Squeeze,-0.5796,0.123,0.774,0.103,30,False,0.562,0.741,4,-9.362,1,0.0308,0.214,1.75e-05,0.103,0.85,149.145,power-pop
Break My Heart,Squeeze,0.321,0.055,0.888,0.057,78,False,0.73,0.729,4,-3.434,0,0.0884,0.167,1.39e-06,0.349,0.467,113.011,dance
Goodbye Girl,Squeeze,0.9073,0.042,0.836,0.122,23,False,0.705,0.631,2,-13.718,1,0.0427,0.119,0.000178,0.0698,0.972,157.295,power-pop
Lost For Words,Squeeze,-0.9387,0.217,0.743,0.041,16,False,0.518,0.753,8,-3.847,0,0.0487,0.000811,0.218,0.122,0.115,174.005,drum-and-bass
Night Nurse,Squeeze,-0.9857,0.25,0.675,0.075,64,False,0.824,0.366,7,-10.96,1,0.145,0.039,0.106,0.0403,0.895,73.949,dub
Someone Else's Heart,Squeeze,0.9879,0.026,0.76,0.214,21,False,0.646,0.505,9,-14.801,0,0.0344,0.00317,0.11,0.0762,0.776,138.022,power-pop
Take Me I'm Yours,Squeeze,0.9904,0.053,0.679,0.268,24,False,0.623,0.587,2,-13.956,1,0.0409,0.00205,0.0,0.0494,0.858,123.779,power-pop
The Truth,Squeeze,0.9926,0.059,0.629,0.312,12,False,0.295,0.97,11,-6.981,0,0.304,0.00136,0.359,0.151,0.137,134.403,grindcore
Up The Junction,Squeeze,0.724,0.078,0.821,0.1,30,False,0.519,0.665,9,-8.317,1,0.051,0.48,0.000448,0.099,0.866,120.767,power-pop
Before I Go,Starship,-0.2472,0.057,0.885,0.057,41,False,0.303,0.135,3,-19.767,1,0.0308,0.947,0.944,0.0907,0.078,94.762,new-age
Girls Like You,Starship,0.9419,0.13,0.701,0.17,26,False,0.708,0.172,0,-18.196,1,0.0699,0.887,0.909,0.11,0.324,124.888,guitar
Dirty Water,Status Quo,-0.9895,0.147,0.853,0.0,26,False,0.277,0.419,10,-7.058,1,0.0279,0.516,3.12e-06,0.114,0.346,97.813,garage
Johnny And Mary,Status Quo,0.6334,0.056,0.841,0.102,1,False,0.646,0.739,11,-7.296,0,0.0383,0.0074,0.208,0.0251,0.968,152.675,disco
Let's Work Together,Status Quo,0.9652,0.013,0.875,0.112,0,False,0.748,0.703,0,-12.004,1,0.0362,0.114,1.39e-06,0.0646,0.882,118.944,blues
Little Lady,Status Quo,0.9701,0.072,0.773,0.155,20,False,0.653,0.731,4,-6.173,0,0.336,0.294,1.2e-06,0.466,0.681,117.64,j-dance
Need Your Love,Status Quo,0.999,0.024,0.53,0.446,23,True,0.63,0.49,4,-6.722,1,0.93,0.849,0.0,0.755,0.614,95.723,comedy
Brooklyn,Steely Dan,0.9716,0.052,0.742,0.205,22,True,0.385,0.951,6,-4.562,1,0.714,0.489,0.0,0.969,0.106,178.79,comedy
Kings,Steely Dan,0.8316,0.056,0.831,0.113,53,False,0.419,0.745,1,-6.679,0,0.0466,0.1,0.0,0.9,0.285,71.976,electronic
Only A Fool Would Say That,Steely Dan,-0.9533,0.194,0.738,0.068,63,False,0.803,0.531,0,-11.967,1,0.0348,0.712,0.0,0.197,0.965,130.05,psych-rock
Overdrive,Steve Miller Band,0.9824,0.05,0.797,0.153,51,False,0.576,0.822,1,-8.456,1,0.11,0.000909,0.537,0.11,0.193,134.981,anime
Rock It,Steve Miller Band,0.9884,0.029,0.839,0.132,19,False,0.814,0.824,2,-9.559,1,0.036,0.219,0.898,0.0869,0.902,129.01,afrobeat
Crossfire,Stevie Ray Vaughan,0.9391,0.071,0.773,0.156,60,False,0.323,0.558,5,-5.292,0,0.337,0.459,2.81e-06,0.676,0.199,73.552,indie-pop
Honey Bee,Stevie Ray Vaughan,0.9541,0.014,0.793,0.192,29,False,0.129,0.879,10,-7.201,0,0.104,1.81e-05,4.12e-05,0.0494,0.277,87.85,hardcore
Go Home,Stevie Wonder,0.9947,0.078,0.736,0.186,34,False,0.393,0.988,2,-4.902,1,0.0449,0.00372,0.0189,0.256,0.309,175.032,drum-and-bass
Gotta Have You,Stevie Wonder,-0.97,0.075,0.906,0.018,56,False,0.678,0.363,11,-10.9,1,0.0318,0.872,0.000101,0.0798,0.543,75.004,acoustic
Hallelujah I Love Her So,Stevie Wonder,0.9948,0.027,0.745,0.228,30,False,0.609,0.6,11,-4.2,1,0.227,0.765,0.0,0.175,0.68,146.966,piano
I Just Called To Say I Love You,Stevie Wonder,0.9966,0.111,0.634,0.254,54,False,0.746,0.257,0,-9.878,1,0.0312,0.772,0.0,0.107,0.348,132.032,acoustic
I Love You Too Much,Stevie Wonder,0.9998,0.024,0.488,0.488,59,False,0.403,0.255,0,-9.601,1,0.0428,0.854,9.5e-06,0.198,0.21,206.198,ambient
I Wish,Stevie Wonder,0.9538,0.032,0.857,0.111,1,False,0.686,0.856,9,-2.717,0,0.0426,0.0896,0.0,0.0648,0.733,123.997,dance
Knocks Me Off My Feet,Stevie Wonder,0.9995,0.08,0.494,0.427,0,False,0.496,0.488,5,-14.195,1,0.0305,0.295,7.36e-06,0.132,0.396,181.038,funk
One Little Christmas Tree,Stevie Wonder,0.8696,0.031,0.888,0.08,0,False,0.406,0.377,10,-11.717,1,0.0597,0.764,0.0,0.272,0.717,92.23,funk
Part-Time Lover,Stevie Wonder,0.9984,0.019,0.659,0.322,48,False,0.465,0.77,3,-3.738,1,0.0692,0.0138,0.0,0.0956,0.358,172.747,dub
Positivity,Stevie Wonder,0.9998,0.034,0.625,0.341,59,False,0.68,0.698,1,-5.93,0,0.26,0.172,0.0,0.15,0.501,167.831,hip-hop
Someday At Christmas,Stevie Wonder,0.9819,0.113,0.678,0.209,1,False,0.325,0.536,5,-6.04,1,0.0323,0.614,0.0,0.251,0.218,101.483,funk
Someone To Watch Over Me,Sting,0.9551,0.063,0.804,0.134,22,False,0.351,0.323,0,-19.311,1,0.0469,0.991,0.885,0.715,0.321,79.559,guitar
Tutti Frutti,Sting,0.952,0.03,0.863,0.108,65,False,0.555,0.658,5,-3.866,1,0.0541,0.793,0.0,0.118,0.937,184.835,rock-n-roll
Waterfall,Stone Roses,0.8268,0.031,0.891,0.078,53,False,0.518,0.933,4,-5.41,0,0.0355,0.0524,0.985,0.131,0.372,129.997,ambient
Big Bang Baby,Stone Temple Pilots,0.9885,0.122,0.659,0.22,32,False,0.506,0.964,4,-3.882,0,0.0398,0.00829,0.0153,0.304,0.695,122.785,grunge
Days Of The Week,Stone Temple Pilots,-0.8362,0.082,0.885,0.034,9,False,0.701,0.63,2,-6.164,1,0.0529,0.217,0.000178,0.246,0.822,137.031,kids
Best Thing,Styx,0.997,0.008,0.625,0.367,58,False,0.479,0.364,5,-9.184,0,0.0606,0.902,8.1e-05,0.101,0.372,135.939,chill
Snowblind,Styx,-0.926,0.198,0.679,0.124,17,False,0.438,0.737,1,-6.648,0,0.0335,0.00038,0.00358,0.339,0.402,113.957,afrobeat
Get Out,Sublime,-0.8681,0.132,0.781,0.087,39,False,0.479,0.855,0,-4.131,0,0.0327,0.0012,0.0574,0.23,0.228,162.023,synth-pop
New Song,Sublime,0.9841,0.083,0.745,0.172,0,False,0.65,0.28,4,-7.442,1,0.0305,0.495,3.55e-06,0.106,0.103,119.939,indie-pop
Romeo,Sublime,-0.9936,0.164,0.751,0.085,34,False,0.346,0.217,9,-13.186,1,0.0365,0.802,0.000739,0.188,0.171,140.126,swedish
Santeria,Sublime,0.8969,0.085,0.762,0.154,1,False,0.665,0.751,4,-5.003,1,0.041,0.0209,5.16e-06,0.121,0.58,90.376,punk
Sooner Or Later,Supertramp,0.8954,0.033,0.843,0.123,54,False,0.493,0.843,5,-4.893,0,0.0482,0.0019,0.0086,0.0835,0.416,92.827,grunge
The Logical Song,Supertramp,0.9005,0.114,0.712,0.174,59,False,0.523,0.888,6,-8.715,0,0.0359,0.00112,0.0692,0.46,0.534,144.021,happy
B.Y.O.B.,System Of A Down,-0.9863,0.215,0.634,0.151,77,True,0.538,0.981,1,-2.688,0,0.14,0.00662,0.0,0.219,0.711,101.414,alternative
Chop Suey!,System Of A Down,-0.9967,0.265,0.697,0.038,83,False,0.417,0.934,7,-3.908,0,0.119,0.000278,0.0015,0.132,0.287,127.066,alternative
Hypnotize,System Of A Down,-0.5514,0.065,0.911,0.024,44,False,0.647,0.857,7,-5.017,0,0.0508,0.0148,0.000188,0.0883,0.447,92.007,dub
Lonely Day,System Of A Down,-0.9912,0.327,0.604,0.069,75,False,0.47,0.796,8,-3.277,0,0.0336,0.362,1.1e-06,0.133,0.215,113.108,alternative
Mind,System Of A Down,-0.9816,0.278,0.582,0.14,61,False,0.17,0.000603,3,-33.885,1,0.0542,0.985,0.948,0.117,0.12,117.747,sleep
Psycho,System Of A Down,-0.9937,0.253,0.688,0.059,30,False,0.458,0.823,6,-4.268,0,0.0616,0.382,0.0,0.205,0.422,131.638,acoustic
Roulette,System Of A Down,-0.5422,0.055,0.9,0.045,64,False,0.689,0.869,1,-6.688,0,0.0511,0.00242,0.00339,0.127,0.84,100.684,alt-rock
Vicinity Of Obscenity,System Of A Down,-0.9699,0.148,0.775,0.077,65,False,0.546,0.957,1,-3.189,1,0.164,0.0533,3.37e-06,0.683,0.514,109.775,metal
Violent Pornography,System Of A Down,-0.992,0.16,0.798,0.041,70,True,0.459,0.958,6,-2.333,1,0.0877,0.0283,0.0,0.108,0.586,142.707,metal
Air,Talking Heads,-0.8327,0.113,0.828,0.06,39,False,0.573,0.732,6,-8.993,1,0.0296,0.266,0.893,0.0959,0.054,110.019,club
Superman,Taylor Swift,0.9953,0.052,0.769,0.18,53,False,0.464,0.653,6,-7.514,1,0.101,0.199,0.0,0.0979,0.416,162.196,acoustic
Umbrella,Taylor Swift,0.7964,0.0,0.935,0.065,12,False,0.77,0.887,10,-5.768,0,0.0579,5.09e-05,0.204,0.0824,0.491,132.03,breakbeat
Untouchable,Taylor Swift,0.9947,0.0,0.838,0.162,69,False,0.658,0.603,2,-6.552,0,0.0676,0.472,0.0,0.124,0.519,146.864,hip-hop
Advice For The Young At Heart,Tears For Fears,0.9896,0.036,0.784,0.18,59,False,0.665,0.787,5,-8.393,1,0.0328,0.0736,0.000132,0.143,0.358,122.478,synth-pop
I Choose You,Tears For Fears,-0.64,0.114,0.821,0.065,63,False,0.731,0.572,6,-7.889,0,0.0445,0.105,0.00012,0.133,0.947,154.038,acoustic
That's Life,The Temptations,0.7994,0.038,0.859,0.103,0,False,0.754,0.498,6,-8.74,0,0.0882,0.518,0.0384,0.102,0.542,96.088,indie-pop
Live Like We're Dying,The Script,0.9804,0.075,0.782,0.143,55,False,0.589,0.893,0,-2.948,1,0.0397,0.0273,0.0,0.343,0.94,92.011,acoustic
Moon Boots,The Script,0.9878,0.049,0.797,0.154,10,False,0.508,0.616,5,-9.863,1,0.0424,0.675,0.931,0.0896,0.118,120.253,study
False Alarm,The Weeknd,-0.9556,0.187,0.688,0.125,0,False,0.65,0.732,5,-6.762,0,0.0301,0.00668,4.03e-05,0.0606,0.179,102.972,edm
Live For,The Weeknd,0.9985,0.108,0.658,0.234,63,False,0.552,0.91,0,-3.226,1,0.0385,0.224,1.39e-05,0.134,0.369,126.007,progressive-house
Dedication,Thin Lizzy,0.9803,0.069,0.733,0.198,12,False,0.16,0.995,11,-4.916,1,0.221,1.1e-06,0.00211,0.255,0.0697,179.904,grindcore
Johnny,Thin Lizzy,-0.9875,0.186,0.762,0.052,53,False,0.84,0.842,5,-2.641,0,0.231,0.2,6.95e-05,0.138,0.875,125.104,dancehall
Remembering,Thin Lizzy,0.9892,0.036,0.75,0.214,52,False,0.295,0.0693,4,-25.177,1,0.0357,0.99,0.909,0.105,0.262,118.817,piano
Sweet Marie,Thin Lizzy,0.9792,0.103,0.69,0.207,21,False,0.471,0.921,1,-3.061,1,0.125,0.00994,0.0,0.135,0.741,181.906,goth
Cinnamon,Tiffany,-0.8108,0.096,0.85,0.054,63,False,0.46,0.473,8,-11.422,0,0.0479,0.589,0.000149,0.111,0.235,139.956,folk
Here In My Heart,Tiffany,0.9752,0.041,0.79,0.169,15,False,0.549,0.802,4,-9.925,1,0.0308,0.0655,2.7e-06,0.625,0.894,115.599,club
Jungle Fire,Tim Buckley,0.8442,0.09,0.753,0.157,17,False,0.81,0.612,10,-11.387,0,0.0571,0.156,0.925,0.22,0.598,116.803,afrobeat
Monterey,Tim Buckley,0.7845,0.099,0.738,0.163,22,False,0.443,0.185,3,-15.85,1,0.0676,0.991,0.915,0.103,0.142,123.74,new-age
Carry On,Tim McGraw,0.9973,0.067,0.625,0.308,34,False,0.74,0.641,5,-4.199,0,0.0336,0.0117,0.405,0.358,0.601,128.026,club
Comfort Me,Tim McGraw,0.9628,0.039,0.809,0.152,20,False,0.804,0.625,2,-7.852,1,0.0823,0.488,0.000732,0.117,0.766,99.914,afrobeat
Highway Don't Care,Tim McGraw,-0.992,0.131,0.844,0.026,57,False,0.477,0.79,2,-5.348,1,0.0394,0.0261,0.0,0.0841,0.505,157.797,country
The Great Divide,Tim McGraw,0.986,0.019,0.826,0.155,21,False,0.471,0.638,10,-6.869,1,0.0306,0.324,8.45e-06,0.22,0.564,178.621,bluegrass
Overnight Sensation,Tina Turner,0.9593,0.067,0.781,0.152,53,True,0.571,0.93,1,-5.543,0,0.0379,0.000279,1.84e-05,0.0793,0.616,140.008,heavy-metal
Help Yourself,Tom Jones,0.9973,0.019,0.675,0.306,29,False,0.642,0.711,2,-7.709,1,0.0989,0.62,1.31e-06,0.17,0.874,113.972,bluegrass
Hey Jude,Tom Jones,0.981,0.052,0.763,0.185,66,False,0.462,0.632,5,-7.438,1,0.0248,0.091,0.0,0.397,0.585,74.268,british
Lay Down Sally,Tom Jones,-0.925,0.071,0.871,0.058,62,False,0.69,0.5,4,-16.145,0,0.0909,0.598,0.0288,0.11,0.586,191.539,blues
My Foolish Heart,Tom Jones,0.9422,0.108,0.659,0.233,60,False,0.395,0.121,9,-23.427,1,0.0327,0.935,0.397,0.697,0.139,114.521,jazz
Release Me,Tom Jones,-0.9279,0.242,0.612,0.147,37,False,0.545,0.815,9,-4.592,0,0.158,0.459,0.0619,0.177,0.391,106.011,deep-house
Running Bear,Tom Jones,0.9991,0.024,0.602,0.375,13,False,0.59,0.594,0,-8.321,1,0.0645,0.321,4.51e-05,0.26,0.9,128.157,honky-tonk
Satisfaction,Tom Jones,0.7372,0.121,0.71,0.169,10,False,0.73,0.672,4,-14.152,0,0.0466,0.072,3.25e-06,0.167,0.824,122.544,chicago-house
Deal,Tom T. Hall,0.8225,0.091,0.776,0.134,21,False,0.391,0.873,2,-7.378,1,0.0783,0.704,0.212,0.756,0.552,145.96,bluegrass
I Care,Tom T. Hall,0.994,0.084,0.603,0.313,61,False,0.0955,0.02,3,-32.265,0,0.0465,0.981,0.78,0.248,0.0408,70.495,sleep
Altar Boy,Tom Waits,0.3179,0.046,0.875,0.079,23,False,0.353,0.997,9,-2.947,1,0.0769,0.00259,0.0,0.26,0.526,155.615,power-pop
Third Eye,Tool,0.9878,0.057,0.785,0.158,19,False,0.782,0.859,0,-8.953,1,0.0603,0.037,0.909,0.108,0.225,128.007,minimal-techno
Undertow,Tool,0.9859,0.124,0.656,0.22,20,False,0.364,0.225,5,-12.155,1,0.0326,0.663,0.947,0.127,0.105,143.914,goth
Vicarious,Tool,-0.9674,0.174,0.705,0.121,64,False,0.506,0.877,0,-5.73,1,0.032,5.16e-05,0.776,0.0712,0.302,114.589,metal
Flavor,Tori Amos,0.9666,0.075,0.706,0.219,34,False,0.82,0.433,11,-8.421,1,0.0491,0.102,0.134,0.0881,0.426,114.981,french
Honey,Tori Amos,0.7881,0.041,0.874,0.086,28,False,0.517,0.578,11,-7.37,1,0.0293,0.367,1.42e-06,0.176,0.398,138.178,acoustic
Hotel,Tori Amos,-0.0516,0.066,0.88,0.054,15,False,0.378,0.611,5,-8.979,0,0.507,0.125,0.0023,0.078,0.159,160.442,club
Mary,Tori Amos,0.827,0.07,0.812,0.118,31,False,0.546,0.879,5,-3.919,1,0.0358,0.0154,0.000183,0.097,0.622,145.987,hardcore
Angela,Toto,0.4939,0.1,0.787,0.114,58,False,0.49,0.126,1,-13.868,1,0.0327,0.926,3.36e-06,0.0992,0.102,99.892,ambient
Good For You,Toto,0.9743,0.031,0.708,0.261,69,False,0.607,0.673,5,-6.484,0,0.0611,0.181,0.0,0.069,0.215,88.952,dance
Hooked,Toto,0.7213,0.084,0.813,0.103,53,False,0.654,0.767,0,-6.307,1,0.0523,0.125,0.0,0.0838,0.404,122.017,deep-house
How Many Times,Toto,-0.6179,0.158,0.71,0.132,25,False,0.722,0.772,2,-5.851,1,0.0488,0.0111,1.18e-05,0.0854,0.452,94.039,disco
Isolation,Toto,0.6813,0.082,0.834,0.084,46,False,0.429,0.963,8,-3.342,1,0.0733,7.22e-06,2.19e-06,0.184,0.349,96.97,grunge
Last Love,Toto,0.9608,0.097,0.742,0.161,44,False,0.786,0.73,7,-7.625,1,0.0765,0.334,0.00199,0.231,0.688,124.997,deep-house
Live For Today,Toto,-0.758,0.101,0.872,0.027,23,False,0.476,0.938,1,-5.284,0,0.0517,0.0105,0.0,0.334,0.443,126.549,goth
Mindfields,Toto,-0.9339,0.152,0.733,0.115,49,False,0.663,0.975,3,-7.191,0,0.0468,0.00781,0.77,0.076,0.405,120.04,breakbeat
Stay Away,Toto,0.9946,0.0,0.838,0.162,58,False,0.367,0.981,11,-5.1,0,0.128,5.39e-06,0.0461,0.0822,0.205,165.21,grunge
Till The End,Toto,0.7543,0.0,0.95,0.05,0,True,0.695,0.967,7,-1.172,1,0.412,0.163,0.0,0.131,0.944,133.414,dancehall
While My Guitar Gently Weeps,Toto,0.9325,0.142,0.646,0.212,55,False,0.431,0.666,7,-11.141,1,0.0337,0.00151,0.00213,0.0527,0.619,134.777,blues
Bridges,Tracy Chapman,0.7571,0.062,0.848,0.09,40,False,0.458,0.293,2,-10.628,1,0.0426,0.744,4.97e-06,0.111,0.662,160.167,sad
Cold Feet,Tracy Chapman,0.9946,0.064,0.784,0.151,24,False,0.565,0.632,11,-7.209,1,0.0305,0.56,0.458,0.0842,0.658,118.658,bluegrass
It's Ok,Tracy Chapman,0.7808,0.162,0.676,0.162,70,False,0.561,0.111,8,-15.11,0,0.0324,0.871,0.205,0.103,0.0607,148.191,british
Never Yours,Tracy Chapman,0.8847,0.081,0.779,0.14,28,True,0.32,0.872,7,-4.869,0,0.0502,4.86e-05,0.00727,0.22,0.648,132.217,hardcore
New Beginning,Tracy Chapman,0.914,0.079,0.808,0.112,40,False,0.469,0.741,8,-6.445,1,0.0885,0.00309,0.93,0.185,0.0704,140.038,dubstep
So,Tracy Chapman,0.2186,0.097,0.81,0.093,64,False,0.539,0.407,2,-10.937,0,0.0328,0.816,0.00291,0.125,0.346,79.985,chill
Spring,Tracy Chapman,0.9549,0.029,0.807,0.164,7,False,0.673,0.796,0,-14.583,1,0.1,0.0628,0.93,0.0894,0.8,124.014,chicago-house
Why?,Tracy Chapman,-0.441,0.16,0.71,0.13,0,True,0.463,0.946,1,-3.651,1,0.0582,0.000149,0.000195,0.554,0.219,119.977,iranian
Emergency,Tragically Hip,-0.875,0.159,0.785,0.056,56,True,0.834,0.969,6,-3.383,1,0.063,0.0558,0.000723,0.0635,0.928,125.985,synth-pop
Fall Out,Train,0.9924,0.018,0.784,0.199,28,True,0.434,0.832,0,-9.513,1,0.0716,0.348,3.2e-05,0.158,0.591,93.674,acoustic
Homesick,Train,0.9873,0.069,0.741,0.19,45,False,0.55,0.0543,6,-16.258,0,0.0515,0.947,0.1,0.0756,0.292,84.469,guitar
Hopeless,Train,-0.9851,0.168,0.784,0.048,54,False,0.561,0.595,5,-6.965,1,0.0406,0.254,0.0,0.122,0.0534,126.093,soul
Blasphemy,Twenty One Pilots,0.6211,0.138,0.733,0.129,25,False,0.779,0.629,6,-4.832,1,0.527,0.0944,0.34,0.113,0.285,90.014,club
Heathens,Twenty One Pilots,0.9938,0.056,0.76,0.185,81,False,0.732,0.396,4,-9.348,0,0.0286,0.0841,3.58e-05,0.105,0.548,90.024,rock
Bad Luck,U. D. O.,-0.993,0.249,0.615,0.136,15,False,0.607,0.84,10,-2.14,0,0.0492,0.00834,0.00109,0.353,0.451,174.038,drum-and-bass
Elevation,U2,0.9604,0.028,0.841,0.131,17,True,0.509,0.886,9,-4.5,0,0.0641,0.000551,0.125,0.36,0.522,165.013,happy
Lemon,U2,0.974,0.018,0.896,0.086,70,False,0.525,0.646,11,-4.963,1,0.0268,0.304,0.0,0.297,0.373,86.957,anime
Numb,U2,-0.1497,0.097,0.802,0.101,83,False,0.496,0.863,9,-4.153,1,0.0381,0.0046,0.0,0.639,0.243,110.018,alternative
Rejoice,U2,0.6249,0.055,0.876,0.07,20,False,0.55,0.557,8,-6.875,1,0.0987,0.0623,0.000231,0.154,0.439,111.383,afrobeat
Every Breath You Take,UB40,-0.0951,0.085,0.83,0.084,23,False,0.61,0.438,5,-13.021,0,0.029,0.931,0.91,0.116,0.258,99.755,anime
Friendly Fire,UB40,-0.9927,0.295,0.526,0.179,0,False,0.465,0.602,10,-9.664,1,0.078,0.806,0.00145,0.101,0.595,159.905,alternative
I Knew You,UB40,0.9827,0.13,0.63,0.24,13,False,0.675,0.184,2,-14.878,1,0.0328,0.883,0.000852,0.14,0.336,92.083,honky-tonk
Strange Fruit,UB40,-0.4939,0.132,0.788,0.08,1,False,0.445,0.0553,11,-10.806,0,0.053,0.938,0.0,0.0865,0.22,87.228,blues
Tyler,UB40,-0.8975,0.134,0.821,0.045,55,True,0.908,0.567,1,-8.192,1,0.148,0.282,0.0,0.119,0.723,97.99,sad
Lights Out,Ufo,0.924,0.062,0.788,0.15,54,True,0.57,0.43,8,-10.935,0,0.037,0.334,1.29e-06,0.111,0.156,90.013,chill
Serenity,Ufo,0.9944,0.03,0.75,0.22,44,False,0.602,0.874,6,-7.458,1,0.0475,0.689,0.923,0.103,0.0611,127.007,minimal-techno
Everything About You,Ugly Kid Joe,-0.9945,0.254,0.715,0.031,60,False,0.393,0.0717,9,-31.148,1,0.0591,0.995,0.856,0.0863,0.358,87.708,piano
Neighbor,Ugly Kid Joe,0.9944,0.111,0.633,0.256,42,False,0.439,0.292,0,-10.92,1,0.0308,0.744,6.27e-05,0.0987,0.153,82.222,acoustic
Sleepwalk,Ultravox,-0.8168,0.176,0.771,0.052,52,False,0.322,0.589,4,-8.646,1,0.04,0.0384,0.611,0.0618,0.216,184.151,garage
Slip Away,Ultravox,0.2545,0.079,0.858,0.064,53,False,0.603,0.509,1,-6.824,1,0.0311,0.374,2.91e-05,0.0627,0.572,136.592,psych-rock
Slow Motion,Ultravox,-0.4836,0.03,0.97,0.0,71,True,0.733,0.479,11,-9.27,0,0.301,0.575,0.00053,0.0831,0.485,88.742,dance
Waiting,Ultravox,0.6124,0.077,0.817,0.107,45,False,0.448,0.915,9,-4.737,1,0.0685,0.00108,0.000338,0.231,0.626,139.927,alt-rock
It Is What It Is,Uncle Kracker,0.9984,0.046,0.715,0.239,46,False,0.515,0.72,11,-8.218,1,0.0285,0.0445,0.0,0.107,0.511,84.011,grunge
Criminals,Uncle Tupelo,-0.8847,0.114,0.811,0.075,52,False,0.591,0.885,8,-5.193,1,0.0287,0.00152,0.482,0.112,0.111,109.983,club
To Whom It May Concern,Underoath,-0.8369,0.127,0.828,0.045,44,False,0.309,0.159,7,-13.101,1,0.0315,0.912,0.000264,0.1,0.139,87.493,acoustic
Walking Away,Underoath,-0.8141,0.164,0.714,0.122,63,False,0.596,0.688,9,-6.367,0,0.0345,0.196,0.0,0.121,0.817,172.837,british
Writing On The Walls,Underoath,0.9571,0.044,0.823,0.133,60,False,0.358,0.959,2,-3.139,0,0.0874,0.00364,0.000237,0.356,0.171,91.938,metalcore
Crocodile,Underworld,0.8738,0.0,0.946,0.054,41,True,0.692,0.632,10,-4.242,0,0.0845,0.109,0.0,0.0904,0.626,82.54,r-n-b
Spoonman,Underworld,-0.4075,0.105,0.789,0.106,0,False,0.258,0.904,0,-5.625,1,0.0386,2.2e-05,0.218,0.255,0.832,186.054,alt-rock
Texas,Underworld,0.9279,0.091,0.736,0.173,30,False,0.478,0.333,2,-10.543,1,0.0288,0.786,2.46e-05,0.103,0.317,151.675,bluegrass
Failure,Unearth,-0.985,0.244,0.651,0.106,12,False,0.359,0.988,11,-4.426,0,0.223,3.04e-05,0.929,0.444,0.0323,124.867,grindcore
Letting Go,Unearth,-0.9505,0.186,0.737,0.076,59,False,0.667,0.635,6,-5.924,1,0.0365,0.0534,0.0,0.0963,0.217,119.948,deep-house
This Glorious Nightmare,Unearth,-0.9847,0.297,0.589,0.114,26,False,0.309,0.981,11,-3.609,1,0.179,0.000211,0.0768,0.297,0.268,147.269,death-metal
To The Ground,Unearth,-0.8976,0.129,0.854,0.017,49,False,0.556,0.855,6,-8.916,1,0.0693,0.0137,0.323,0.202,0.0534,123.989,trance
Be There,Unkle,0.9037,0.239,0.6,0.161,24,False,0.696,0.751,7,-10.141,1,0.0386,0.0506,0.0302,0.117,0.663,135.036,breakbeat
Outro,Unkle,0.9887,0.087,0.524,0.389,65,False,0.162,0.256,2,-11.296,1,0.0346,0.0332,0.0923,0.0621,0.0784,108.893,french
La Vie En Rose,Unknown,0.8834,0.0,0.883,0.117,62,False,0.475,0.149,4,-11.429,1,0.0395,0.844,0.0,0.14,0.318,95.423,folk
Police Brutality,Unseen,-0.9708,0.299,0.548,0.153,13,False,0.233,0.992,5,-4.417,0,0.201,0.000462,0.603,0.323,0.0614,112.744,grindcore
Scream Out,Unseen,-0.9512,0.294,0.461,0.244,31,False,0.292,0.991,2,-6.74,1,0.118,0.00635,3.17e-05,0.0826,0.221,160.498,hardcore
Genocide,Unwritten Law,-0.738,0.096,0.84,0.064,23,False,0.402,0.854,6,-4.053,0,0.0474,0.00471,0.000359,0.389,0.199,90.033,goth
Lost Control,Unwritten Law,-0.9107,0.133,0.793,0.074,65,False,0.736,0.555,4,-4.689,1,0.0757,0.0345,0.000157,0.0798,0.323,91.997,electro
Shallow,Unwritten Law,-0.7717,0.083,0.844,0.072,41,False,0.613,0.346,7,-11.33,1,0.0398,0.89,0.913,0.0994,0.128,95.981,acoustic
Bad Blood,Uriah Heep,-0.9909,0.351,0.544,0.105,36,False,0.483,0.807,5,-3.934,1,0.233,0.0362,0.0,0.32,0.637,169.862,children
Celebrate,Uriah Heep,0.9595,0.095,0.708,0.197,29,True,0.756,0.65,6,-5.718,0,0.0286,0.0221,0.0,0.275,0.723,126.011,dancehall
Choices,Uriah Heep,-0.3172,0.164,0.682,0.154,19,False,0.476,0.349,2,-11.635,1,0.0275,0.537,0.0,0.0805,0.316,138.085,honky-tonk
Feels Like,Uriah Heep,0.9897,0.094,0.663,0.243,71,False,0.617,0.483,11,-7.359,1,0.0458,0.702,0.000216,0.121,0.176,144.99,indie-pop
Lady In Black,Uriah Heep,0.9077,0.155,0.682,0.163,58,False,0.547,0.698,7,-7.686,1,0.0384,0.218,0.000132,0.211,0.574,87.467,psych-rock
The Wizard,Uriah Heep,0.9798,0.051,0.731,0.218,20,False,0.378,0.552,6,-14.155,1,0.0519,0.369,0.851,0.247,0.652,157.859,guitar
Find A Way,Used,0.9947,0.094,0.546,0.36,54,False,0.898,0.814,7,-5.218,1,0.118,0.000121,0.426,0.147,0.608,124.041,deep-house
Give Me Love,Used,0.9869,0.048,0.83,0.123,51,False,0.578,0.344,4,-13.383,1,0.0378,0.573,4.02e-05,0.667,0.108,123.937,chill
This Fire,Used,-0.9412,0.198,0.679,0.123,61,False,0.447,0.993,7,-3.022,1,0.111,1.56e-05,0.027,0.474,0.108,140.018,metal
Dive,Usher,0.9927,0.047,0.775,0.178,45,False,0.423,0.921,7,-3.784,1,0.0402,0.00364,0.588,0.101,0.0376,174.019,drum-and-bass
Euphoria,Usher,0.9972,0.022,0.75,0.228,22,False,0.471,0.895,7,-3.538,0,0.0462,0.00127,0.624,0.092,0.407,94.983,goth
Revolver,Usher,0.9474,0.169,0.626,0.205,12,False,0.471,0.754,10,-9.226,0,0.154,0.284,0.83,0.0751,0.21,113.032,idm
Same Girl,Usher,0.9937,0.035,0.835,0.129,37,False,0.322,0.0347,2,-18.39,0,0.0375,0.978,0.00132,0.116,0.0993,77.233,disney
Scream,Usher,0.9793,0.106,0.721,0.173,28,False,0.664,0.832,2,-6.093,0,0.0521,0.000844,0.0,0.137,0.419,140.02,trance
Simple Things,Usher,0.9849,0.107,0.711,0.181,22,False,0.415,0.0705,0,-21.322,1,0.0779,0.989,0.759,0.0959,0.318,160.42,new-age
Slow Love,Usher,0.9971,0.021,0.735,0.244,45,False,0.674,0.855,10,-6.783,0,0.336,0.781,0.00299,0.333,0.77,75.022,soul
Sweet Lies,Usher,0.9841,0.093,0.755,0.152,10,False,0.616,0.943,2,-7.789,1,0.0371,1.82e-05,0.839,0.0471,0.352,130.005,breakbeat
Distance,Utada Hikaru,0.5556,0.04,0.892,0.068,67,False,0.368,0.754,1,-4.893,1,0.317,0.166,0.0,0.112,0.522,170.029,cantopop
First Love,Utada Hikaru,0.9783,0.058,0.77,0.172,65,False,0.438,0.434,7,-8.37,1,0.0371,0.122,0.0,0.15,0.195,179.913,anime
Stay Gold,Utada Hikaru,0.9976,0.06,0.677,0.262,12,False,0.481,0.359,4,-7.712,1,0.0308,0.359,0.000157,0.175,0.18,67.279,honky-tonk
Black Hole,Utopia,0.9533,0.128,0.67,0.202,56,False,0.518,0.861,6,-6.998,0,0.0493,0.00189,0.000539,0.0747,0.317,100.08,death-metal
Feet Don't Fail Me Now,Utopia,0.9885,0.045,0.726,0.23,61,False,0.662,0.84,6,-3.112,1,0.0509,0.17,0.000226,0.155,0.568,112.914,soul
Hiroshima,Utopia,-0.646,0.134,0.733,0.133,41,False,0.698,0.358,2,-9.843,0,0.151,0.396,0.0,0.356,0.3,107.052,mpb
I Will Wait,Utopia,0.9153,0.023,0.903,0.074,44,False,0.421,0.107,6,-15.191,1,0.0335,0.948,0.0,0.0881,0.118,104.218,acoustic
Monument,Utopia,0.9615,0.07,0.744,0.185,38,False,0.75,0.912,6,-10.066,1,0.0402,0.000555,0.877,0.0919,0.151,124.996,minimal-techno
Secret Society,Utopia,-0.3919,0.045,0.923,0.033,11,False,0.629,0.179,10,-13.725,0,0.0626,0.075,0.879,0.383,0.379,88.048,study
Shot In The Dark,Utopia,0.9353,0.055,0.793,0.152,63,False,0.599,0.787,2,-4.708,1,0.0338,2.07e-05,5.27e-05,0.064,0.822,114.065,hard-rock
The Wheel,Utopia,0.8567,0.066,0.821,0.113,20,False,0.535,0.806,9,-5.285,0,0.0352,0.0704,0.803,0.348,0.586,107.729,goth
Windows,Utopia,0.795,0.076,0.817,0.106,29,False,0.655,0.488,11,-6.36,1,0.0376,0.82,0.321,0.113,0.398,105.953,club
Aftershock,Van Halen,0.8531,0.096,0.78,0.125,5,False,0.199,0.539,11,-20.546,1,0.0882,0.577,0.896,0.11,0.15,125.384,iranian
D.O.A.,Van Halen,-0.9897,0.269,0.651,0.08,26,True,0.817,0.532,9,-7.427,0,0.0571,0.0145,0.0581,0.356,0.964,119.985,synth-pop
Unchained,Van Halen,0.8932,0.047,0.849,0.104,22,False,0.287,0.968,8,-7.816,1,0.115,8.59e-05,0.0589,0.0674,0.32,127.816,goth
Why Can't This Be Love,Van Halen,-0.9797,0.181,0.736,0.082,66,False,0.531,0.626,0,-13.371,1,0.0452,0.0606,0.0,0.0767,0.746,88.236,hard-rock
You Really Got Me,Van Halen,0.8841,0.019,0.9,0.081,38,False,0.569,0.959,8,-3.703,1,0.0996,0.0911,0.00026,0.0809,0.96,137.394,british
Benediction,Van Morrison,0.9975,0.0,0.514,0.486,41,False,0.283,0.0678,2,-13.795,1,0.033,0.704,0.00125,0.11,0.179,86.938,world-music
Don't Look Back,Van Morrison,-0.3865,0.079,0.87,0.05,44,False,0.494,0.964,3,-2.346,1,0.0819,0.0354,0.0121,0.175,0.27,149.973,dubstep
Down The Road,Van Morrison,0.9501,0.072,0.78,0.148,21,False,0.629,0.529,11,-12.69,1,0.0412,0.554,0.53,0.122,0.972,115.97,bluegrass
Just Friends,Vanessa Williams,0.9932,0.09,0.709,0.202,56,False,0.868,0.656,7,-6.579,1,0.0351,0.0879,0.00316,0.14,0.793,114.991,chill
Lost Without You,Vanessa Williams,-0.6326,0.092,0.86,0.048,32,False,0.611,0.534,7,-8.899,1,0.0744,0.423,0.0,0.145,0.38,159.985,acoustic
Merry Christmas Darling,Vanessa Williams,0.9988,0.026,0.498,0.476,0,False,0.544,0.291,0,-13.898,1,0.0274,0.714,0.000288,0.0963,0.168,75.945,rock
The Holly And The Ivy,Vanessa Williams,0.936,0.083,0.764,0.153,0,False,0.251,0.0966,7,-26.353,1,0.0625,0.989,0.000178,0.0841,0.077,92.981,sleep
Winter Weather,Vanessa Williams,0.9964,0.0,0.729,0.271,0,False,0.74,0.535,5,-6.103,0,0.0526,0.919,0.556,0.319,0.83,153.63,jazz
Dancin',Vanilla Ice,0.912,0.049,0.888,0.063,12,False,0.781,0.227,7,-12.198,1,0.0294,0.833,0.0,0.115,0.31,112.038,honky-tonk
Fame,Vanilla Ice,0.9927,0.117,0.685,0.198,66,False,0.7,0.73,0,-8.763,0,0.0311,0.132,0.0,0.133,0.961,130.519,disco
Ice Cold,Vanilla Ice,0.941,0.109,0.755,0.136,0,False,0.739,0.723,5,-4.972,0,0.0338,0.288,0.0,0.119,0.429,124.03,electronic
Cool It Down,Velvet Underground,0.9948,0.042,0.735,0.223,29,False,0.709,0.545,4,-10.565,0,0.188,0.217,0.000819,0.108,0.669,157.526,dub
Venus In Furs,Velvet Underground,0.8862,0.086,0.755,0.159,57,False,0.225,0.618,8,-9.922,0,0.0331,0.00137,0.616,0.079,0.567,144.724,psych-rock
Die Hard,Venom,-0.9929,0.408,0.497,0.095,26,True,0.685,0.985,11,-1.216,0,0.0898,0.0303,0.142,0.301,0.668,144.947,hardstyle
Firelight,Venom,-0.9476,0.215,0.702,0.082,41,False,0.442,0.721,10,-5.17,1,0.0391,0.258,2.66e-06,0.221,0.373,144.926,dub
Parasite,Venom,0.9848,0.03,0.8,0.17,62,False,0.478,0.916,1,-7.505,1,0.0933,5.63e-05,0.00258,0.437,0.519,154.937,metalcore
Playtime,Venom,0.9433,0.059,0.828,0.113,5,False,0.786,0.641,4,-7.249,0,0.0754,0.000559,0.451,0.0994,0.321,116.954,chicago-house
Speed King,Venom,-0.6564,0.089,0.857,0.054,47,False,0.547,0.836,11,-6.979,0,0.0385,0.0114,0.862,0.355,0.277,109.996,trip-hop
The Bells Of St. Mary's,Vera Lynn,0.9867,0.011,0.75,0.239,0,False,0.456,0.167,9,-11.542,1,0.0278,0.847,0.275,0.136,0.175,142.325,singer-songwriter
When You Wish Upon A Star,Vera Lynn,0.9948,0.049,0.658,0.293,31,False,0.188,0.331,6,-13.421,0,0.0331,0.955,0.0541,0.092,0.149,77.0,disney
Everything You Want,Vertical Horizon,0.7684,0.027,0.913,0.06,50,False,0.553,0.574,3,-7.87,1,0.0288,0.387,4.95e-05,0.103,0.427,114.845,groove
Famous,Vertical Horizon,0.9792,0.058,0.767,0.175,0,False,0.804,0.954,11,-9.166,0,0.0689,0.000445,0.898,0.0894,0.12,126.997,deep-house
You Say,Vertical Horizon,-0.7184,0.083,0.895,0.022,75,False,0.494,0.632,5,-6.89,1,0.0342,0.682,0.0,0.0869,0.0797,147.873,alt-rock
Perfect Love,Veruca Salt,0.9991,0.11,0.335,0.555,37,False,0.573,0.881,8,-7.097,1,0.0509,0.000915,0.0,0.202,0.51,126.039,world-music
Stoneface,Veruca Salt,0.9944,0.046,0.738,0.216,25,False,0.408,0.933,0,-2.828,0,0.0398,9.38e-05,0.0,0.124,0.51,136.037,grunge
Country Song,Verve,0.9803,0.04,0.787,0.173,12,False,0.595,0.834,0,-5.752,1,0.0308,0.354,0.0,0.248,0.808,132.134,honky-tonk
Feel,Verve,0.4981,0.073,0.752,0.175,52,False,0.835,0.752,3,-5.371,0,0.115,0.31,0.0,0.268,0.737,100.011,dancehall
Midnight Train,Vince Gill,0.4019,0.097,0.795,0.109,12,False,0.386,0.977,4,-5.291,1,0.0869,0.0259,3.08e-06,0.191,0.898,161.222,honky-tonk
Never Alone,Vince Gill,0.9173,0.109,0.678,0.213,57,False,0.705,0.866,8,-5.036,0,0.0563,0.171,0.000162,0.645,0.816,127.986,happy
With You,Vince Gill,0.9556,0.0,0.897,0.103,67,False,0.648,0.607,11,-6.399,1,0.0577,0.3,0.0,0.163,0.356,154.901,chill
Worlds Apart,Vince Gill,0.9388,0.035,0.832,0.134,54,False,0.707,0.557,5,-8.848,0,0.0356,0.185,0.901,0.0999,0.124,113.023,electronic
Black Girls,Violent Femmes,0.544,0.118,0.761,0.121,26,False,0.608,0.61,11,-13.99,0,0.0702,0.0278,0.335,0.0369,0.669,121.275,acoustic
Good Feeling,Violent Femmes,0.967,0.043,0.757,0.2,47,False,0.369,0.319,2,-12.088,1,0.0288,0.752,0.000837,0.154,0.476,160.359,acoustic
Heartache,Violent Femmes,0.6222,0.035,0.888,0.077,57,False,0.415,0.689,1,-6.486,1,0.0302,0.154,0.0,0.0637,0.245,143.043,emo
Mosh Pit,Violent Femmes,-0.9922,0.26,0.654,0.086,63,True,0.81,0.639,1,-3.959,1,0.0672,0.0745,0.0,0.278,0.286,83.49,emo
Looking For Something,Vonda Shepard,0.9899,0.044,0.762,0.194,58,False,0.476,0.838,9,-6.292,1,0.029,0.0128,0.837,0.298,0.365,146.044,garage
Ghetto Youth,Vybz Kartel,-0.9967,0.215,0.679,0.107,19,False,0.914,0.775,11,-4.75,0,0.201,0.0532,0.0,0.0327,0.544,112.338,trip-hop
My Crew,Vybz Kartel,0.986,0.047,0.853,0.1,24,False,0.806,0.851,11,-5.03,0,0.0508,0.544,9.05e-06,0.127,0.84,141.022,j-dance
Real Bad Man,Vybz Kartel,0.9179,0.075,0.808,0.117,21,True,0.627,0.809,5,-4.231,0,0.307,0.0262,3.67e-06,0.161,0.778,66.541,j-dance
Wine Pon Me,Vybz Kartel,0.9995,0.008,0.725,0.267,22,False,0.474,0.801,10,-5.418,0,0.185,0.0498,0.000122,0.108,0.295,133.885,j-dance
Funnel Of Love,Wanda Jackson,0.9451,0.137,0.642,0.221,56,False,0.6,0.593,0,-9.799,1,0.0452,0.726,0.0,0.399,0.912,134.979,rock-n-roll
Lonely Street,Wanda Jackson,-0.9843,0.325,0.588,0.087,12,False,0.484,0.256,11,-8.986,1,0.026,0.773,0.0,0.107,0.459,87.702,honky-tonk
Rock Your Baby,Wanda Jackson,0.0328,0.03,0.939,0.031,62,False,0.594,0.906,1,-5.536,1,0.0594,0.169,0.00122,0.0778,0.892,104.411,disco
Today I Started Loving You Again,Wanda Jackson,0.6908,0.148,0.667,0.185,16,False,0.551,0.375,6,-7.932,1,0.0247,0.668,0.000168,0.128,0.335,139.397,honky-tonk
Betrayal,Wang Chung,-0.9773,0.217,0.623,0.16,30,True,0.773,0.763,2,-6.917,1,0.157,0.0441,5.52e-06,0.0838,0.51,85.031,idm
Excitable Boy,Warren Zevon,0.9776,0.064,0.689,0.246,0,False,0.628,0.854,7,-7.045,1,0.0343,0.0827,0.0232,0.153,0.922,151.551,country
Turbulence,Warren Zevon,-0.9886,0.226,0.729,0.045,24,False,0.468,0.865,6,-10.118,0,0.0448,0.0475,0.935,0.294,0.0393,178.492,happy
Werewolves Of London,Warren Zevon,0.955,0.0,0.891,0.109,37,False,0.632,0.875,7,-4.689,1,0.0274,0.00492,8.35e-06,0.382,0.908,104.278,children
Forever Free,W.A.S.P.,0.9931,0.09,0.641,0.269,8,False,0.381,0.733,5,-7.759,1,0.0398,0.0141,0.841,0.0772,0.134,114.968,detroit-techno
I Don't Need No Doctor,W.A.S.P.,0.9577,0.086,0.676,0.238,20,False,0.393,0.879,0,-9.501,1,0.0787,0.000271,7.24e-06,0.161,0.434,120.098,goth
Thunderhead,W.A.S.P.,-0.9976,0.312,0.589,0.1,22,False,0.329,0.906,9,-5.242,0,0.0453,6.43e-06,0.933,0.35,0.597,107.908,goth
Burning Memories,Waylon Jennings,0.9236,0.081,0.708,0.211,13,False,0.386,0.399,10,-12.42,1,0.031,0.75,6.82e-05,0.378,0.548,102.175,honky-tonk
If You Can Touch Her At All,Waylon Jennings,0.7283,0.108,0.782,0.109,10,False,0.517,0.164,7,-16.363,1,0.0316,0.612,0.0,0.169,0.427,144.294,honky-tonk
El Camino,Ween,0.743,0.0,0.955,0.045,32,False,0.597,0.701,7,-12.003,1,0.0301,0.0274,4.91e-06,0.124,0.771,100.008,ska
Gabrielle,Ween,0.9977,0.097,0.603,0.3,0,False,0.707,0.722,10,-6.722,1,0.0284,0.0485,0.0,0.122,0.431,98.991,country
December,Weezer,0.9936,0.062,0.526,0.412,64,False,0.683,0.645,0,-5.707,1,0.0272,0.589,0.00432,0.18,0.366,121.995,grunge
Falling For You,Weezer,0.9915,0.105,0.629,0.266,44,False,0.394,0.962,4,-3.88,0,0.16,0.00589,0.00324,0.325,0.0747,144.698,dub
Hash Pipe,Weezer,-0.4116,0.125,0.795,0.08,69,False,0.578,0.882,7,-6.354,1,0.044,0.000121,0.479,0.284,0.623,125.603,power-pop
Perfect Situation,Weezer,-0.664,0.115,0.791,0.095,55,False,0.47,0.806,6,-4.1,1,0.0328,0.0271,0.000142,0.2,0.403,93.853,power-pop
Pork And Beans,Weezer,-0.3544,0.132,0.738,0.129,52,False,0.599,0.626,6,-6.622,1,0.0339,0.0108,8.8e-06,0.158,0.708,119.837,power-pop
Bob,Weird Al Yankovic,-0.9886,0.269,0.667,0.064,30,True,0.415,0.713,0,-5.529,1,0.0345,0.0555,0.0,0.0811,0.361,83.69,acoustic
Close,Westlife,0.9966,0.01,0.755,0.235,7,False,0.0651,0.205,0,-22.915,1,0.038,0.979,0.958,0.105,0.0355,67.658,iranian
Close Your Eyes,Westlife,0.9955,0.015,0.806,0.179,3,False,0.548,0.728,5,-5.678,0,0.0507,0.0104,0.000126,0.146,0.337,105.961,dance
Don't Let Me Go,Westlife,0.9685,0.068,0.797,0.135,64,False,0.414,0.369,6,-9.606,1,0.0262,0.453,0.501,0.0985,0.17,96.722,ambient
Dreams Come True,Westlife,0.9944,0.0,0.711,0.289,43,False,0.451,0.354,8,-8.22,0,0.0307,0.169,0.0,0.14,0.268,140.084,goth
Heal,Westlife,-0.4482,0.078,0.827,0.095,74,False,0.445,0.179,1,-12.938,1,0.0396,0.952,0.00056,0.107,0.119,72.246,chill
Mandy,Westlife,0.4408,0.117,0.766,0.117,69,False,0.308,0.464,10,-9.032,1,0.0279,0.418,2.49e-06,0.143,0.318,103.734,disco
Open Your Heart,Westlife,0.9965,0.033,0.748,0.22,23,False,0.444,0.873,5,-5.179,0,0.0443,9.51e-06,0.0187,0.213,0.372,114.591,industrial
Reach Out,Westlife,-0.5975,0.097,0.762,0.141,66,False,0.663,0.71,11,-5.55,0,0.0599,0.00745,0.00559,0.147,0.487,120.984,alt-rock
Soledad,Westlife,0.7003,0.062,0.871,0.067,33,False,0.535,0.897,6,-5.512,0,0.0352,0.00133,0.00105,0.32,0.822,108.619,ska
The Easy Way,Westlife,0.9971,0.035,0.685,0.28,21,False,0.485,0.991,6,-3.398,1,0.145,0.191,0.0635,0.433,0.419,169.99,happy
More Than Love,Wet Wet Wet,0.9791,0.071,0.76,0.169,21,True,0.575,0.991,11,-2.721,0,0.0462,0.000226,0.436,0.0983,0.587,100.095,industrial
Wake Me Up Before You Go-Go,Wham!,-0.0396,0.087,0.814,0.099,80,False,0.62,0.573,0,-11.893,1,0.0423,0.271,0.0,0.0607,0.897,81.548,disco
Icky Thump,The White Stripes,-0.5897,0.09,0.839,0.071,67,False,0.417,0.63,9,-7.24,1,0.0898,0.0209,0.0134,0.0543,0.341,94.214,blues
Spit It Out,Whitesnake,0.974,0.11,0.732,0.158,67,True,0.331,0.946,7,-4.599,1,0.0775,0.0309,5.62e-06,0.254,0.534,139.965,metal
Anymore,Whitney Houston,0.9911,0.131,0.664,0.205,65,False,0.731,0.549,6,-6.749,0,0.0329,0.0157,9.14e-06,0.083,0.45,137.932,k-pop
Count On Me,Whitney Houston,0.9773,0.059,0.768,0.174,49,False,0.396,0.852,0,-6.262,1,0.243,0.177,0.0,0.0776,0.374,189.64,deep-house
I Wanna Dance With Somebody,Whitney Houston,0.9949,0.034,0.781,0.185,23,False,0.471,0.309,1,-8.864,1,0.0425,0.814,0.0,0.118,0.424,117.25,show-tunes
Jesus Loves Me,Whitney Houston,0.9977,0.102,0.49,0.408,52,False,0.581,0.122,5,-14.481,1,0.0302,0.882,5.84e-06,0.266,0.446,107.626,children
Fragments,Who,-0.7269,0.117,0.805,0.078,50,False,0.408,0.783,2,-5.081,1,0.0589,0.101,3.45e-06,0.181,0.344,175.956,dub
Melancholia,Who,-0.9867,0.236,0.755,0.009,36,False,0.541,0.98,8,-7.105,1,0.188,8.65e-06,0.00144,0.334,0.151,127.002,death-metal
Yes Yes Y'all,Will Smith,0.995,0.07,0.745,0.186,14,False,0.701,0.495,7,-7.106,1,0.442,0.00787,0.29,0.0796,0.81,191.993,study
Autumn Leaves,Willie Nelson,0.6597,0.045,0.888,0.067,54,False,0.692,0.617,0,-9.754,0,0.0377,0.192,0.0552,0.11,0.226,112.041,deep-house
Bonaparte's Retreat,Willie Nelson,0.9872,0.0,0.745,0.255,23,False,0.548,0.394,2,-11.666,1,0.0282,0.864,0.856,0.1,0.472,105.79,bluegrass
Both Sides Now,Willie Nelson,0.9571,0.03,0.854,0.116,51,False,0.423,0.0266,2,-26.967,1,0.0492,0.963,0.957,0.112,0.526,129.686,guitar
Don't You Ever Get Tired (Of Hurting Me),Willie Nelson,-0.9311,0.179,0.766,0.054,11,False,0.487,0.276,4,-15.838,1,0.0267,0.688,0.000138,0.167,0.332,86.851,honky-tonk
Don't Come Back,Wishbone Ash,0.9462,0.029,0.763,0.207,20,False,0.127,0.839,7,-6.01,1,0.0545,0.138,0.0963,0.444,0.476,148.266,power-pop
Heart Beat,Wishbone Ash,-0.6322,0.145,0.765,0.09,19,False,0.793,0.394,4,-7.252,0,0.0582,0.117,0.0,0.21,0.419,131.974,j-dance
Hometown,Wishbone Ash,0.9474,0.04,0.819,0.141,48,False,0.584,0.273,9,-12.806,1,0.0357,0.853,0.000109,0.102,0.47,149.757,bluegrass
Midnight Dancer,Wishbone Ash,0.7707,0.124,0.703,0.173,23,False,0.691,0.592,4,-7.251,1,0.029,0.353,0.223,0.188,0.347,113.324,power-pop
Moonshine,Wishbone Ash,-0.3313,0.088,0.827,0.085,4,False,0.706,0.782,2,-4.353,1,0.0278,0.21,4.86e-06,0.0813,0.418,104.983,dance
No More Lonely Nights,Wishbone Ash,-0.9927,0.335,0.581,0.084,24,False,0.543,0.336,9,-10.701,0,0.0371,0.824,0.0472,0.117,0.292,98.955,guitar
Rollin',Wishbone Ash,0.974,0.059,0.755,0.186,66,False,0.691,0.859,1,-4.118,1,0.112,0.0302,0.0,0.165,0.541,124.958,k-pop
Ships In The Sky,Wishbone Ash,0.3818,0.046,0.89,0.064,0,False,0.419,0.289,7,-12.532,0,0.0283,0.134,0.000757,0.174,0.236,143.901,blues
Standing In The Rain,Wishbone Ash,0.8834,0.09,0.78,0.13,0,False,0.854,0.747,1,-6.685,0,0.038,0.00638,0.763,0.135,0.967,112.859,funk
A Demon's Fate,Within Temptation,-0.9967,0.271,0.644,0.085,48,False,0.459,0.912,5,-3.443,0,0.0596,0.000579,0.000214,0.0995,0.311,134.077,goth
Deep Within,Within Temptation,-0.9666,0.299,0.636,0.065,5,False,0.788,0.556,0,-17.265,1,0.0778,0.0356,0.894,0.0485,0.821,124.906,chicago-house
Faster,Within Temptation,0.9215,0.142,0.668,0.191,61,False,0.505,0.932,6,-2.894,0,0.0412,0.00115,0.000195,0.135,0.486,120.008,goth
In The Middle Of The Night,Within Temptation,-0.8142,0.107,0.815,0.078,22,False,0.478,0.442,7,-9.746,1,0.0507,0.672,0.000386,0.0904,0.657,174.341,bluegrass
Iron,Within Temptation,-0.9936,0.215,0.689,0.096,51,False,0.293,0.962,11,-2.981,0,0.121,3.42e-05,1.62e-05,0.367,0.27,198.121,goth
LOST,Within Temptation,-0.9121,0.213,0.634,0.153,24,False,0.456,0.989,7,-4.045,1,0.0497,0.000625,0.00346,0.198,0.433,95.026,metalcore
The Truth Beneath The Rose,Within Temptation,-0.7305,0.176,0.642,0.183,22,False,0.227,0.867,3,-6.857,0,0.063,0.00189,3.52e-06,0.959,0.191,119.487,goth
Utopia,Within Temptation,0.8577,0.119,0.723,0.158,44,False,0.647,0.333,5,-12.329,1,0.0345,0.926,0.306,0.268,0.699,84.564,brazil
Remember You,Wiz Khalifa,0.866,0.087,0.798,0.115,46,False,0.645,0.674,8,-7.26,0,0.0268,0.0289,0.0223,0.111,0.35,124.032,deep-house
STU,Wiz Khalifa,-0.9581,0.119,0.814,0.068,47,True,0.863,0.578,10,-7.475,0,0.0586,0.221,0.0,0.111,0.471,97.018,brazil
Brooklyn Zoo,Wu-Tang Clan,-0.9979,0.214,0.727,0.059,0,True,0.73,0.801,11,-5.655,0,0.392,0.552,0.0,0.843,0.659,91.785,alternative
Wolves,Wu-Tang Clan,-0.7538,0.09,0.83,0.081,18,False,0.412,0.899,7,-6.087,1,0.105,2.69e-06,0.0302,0.357,0.251,115.133,black-metal
Two Wrongs,Wyclef Jean,0.9926,0.116,0.691,0.193,23,False,0.641,0.643,7,-3.909,0,0.0796,0.646,1.33e-06,0.0941,0.625,145.101,synth-pop
I See Red,X,0.9022,0.067,0.819,0.113,77,False,0.509,0.448,4,-7.552,0,0.0357,0.00713,0.0137,0.244,0.221,156.909,blues
Drain,X Japan,-0.9519,0.203,0.644,0.153,45,False,0.716,0.777,6,-8.806,0,0.0436,0.0594,0.885,0.103,0.158,125.007,techno
India,X-Ray Spex,0.128,0.0,0.979,0.021,45,False,0.788,0.56,9,-11.316,0,0.0564,0.31,0.926,0.0959,0.102,124.999,techno
Answer,Xandria,0.928,0.128,0.64,0.232,34,False,0.452,0.926,7,-2.881,1,0.0445,0.0183,0.0,0.329,0.664,162.042,j-idol
Dancer,Xandria,-0.77,0.064,0.905,0.031,35,False,0.895,0.318,1,-7.992,0,0.0892,0.00298,0.913,0.063,0.0785,122.0,chicago-house
Eversleeping,Xandria,0.2263,0.11,0.773,0.117,39,False,0.501,0.339,7,-9.22,0,0.03,0.905,0.000105,0.104,0.133,130.026,goth
Vampire,Xandria,-0.9588,0.188,0.683,0.129,64,False,0.787,0.735,0,-4.808,0,0.0857,0.331,4.09e-05,0.113,0.698,97.957,alt-rock
The Wind Cries Mary,Xavier Rudd,-0.9451,0.166,0.788,0.046,63,False,0.499,0.495,5,-10.508,1,0.0501,0.348,0.0286,0.2,0.339,80.086,psych-rock
Twist,Xavier Rudd,0.9873,0.007,0.828,0.165,58,False,0.719,0.945,7,-4.977,1,0.136,0.033,7.26e-05,0.0857,0.748,109.014,hip-hop
Leisure,XTC,0.6486,0.081,0.827,0.092,28,False,0.386,0.854,9,-5.403,1,0.06,0.00452,0.031,0.109,0.273,147.089,garage
Playground,XTC,0.8031,0.032,0.881,0.087,41,True,0.815,0.729,6,-6.152,1,0.186,0.167,7.67e-06,0.115,0.525,149.952,indie-pop
Foundation,Xzibit,-0.9612,0.147,0.73,0.123,28,False,0.788,0.885,10,-4.927,1,0.185,0.123,0.0,0.0458,0.783,92.925,dancehall
Paparazzi,Xzibit,-0.9862,0.15,0.736,0.114,4,False,0.761,0.734,5,-2.871,0,0.0428,0.129,0.0,0.086,0.375,114.907,dance
Mr Blue,Yazoo,-0.4767,0.046,0.923,0.03,54,False,0.456,0.386,10,-10.293,1,0.032,0.835,0.108,0.389,0.612,165.733,acoustic
Tuesday,Yazoo,-0.6459,0.151,0.736,0.113,25,False,0.568,0.734,1,-6.488,1,0.266,0.00753,5.68e-05,0.118,0.707,76.842,industrial
Black Tongue,Yeah Yeah Yeahs,0.8166,0.15,0.616,0.234,29,False,0.216,0.969,2,-4.299,1,0.145,3.36e-06,0.608,0.107,0.201,146.864,groove
Buried Alive,Yeah Yeah Yeahs,0.9201,0.057,0.793,0.15,24,False,0.488,0.844,2,-10.276,1,0.0393,9.6e-05,1.5e-06,0.376,0.67,125.992,death-metal
Despair,Yeah Yeah Yeahs,-0.9891,0.153,0.8,0.047,44,False,0.508,0.369,4,-9.492,0,0.0324,0.0388,0.736,0.0936,0.0526,120.165,anime
Graveyard,Yeah Yeah Yeahs,0.981,0.028,0.787,0.185,69,False,0.667,0.583,11,-5.127,0,0.0747,0.231,4.48e-05,0.181,0.187,92.043,electro
Heads Will Roll,Yeah Yeah Yeahs,-0.9972,0.258,0.742,0.0,0,False,0.562,0.903,8,-4.46,0,0.0296,0.000187,0.0939,0.298,0.791,132.013,alt-rock
Machine,Yeah Yeah Yeahs,-0.8658,0.134,0.832,0.033,49,False,0.443,0.991,1,-3.458,1,0.281,0.00398,0.000579,0.106,0.0519,155.045,death-metal
No No No,Yeah Yeah Yeahs,0.7848,0.151,0.666,0.182,21,False,0.562,0.987,6,-2.243,0,0.0412,0.00836,0.0343,0.0964,0.66,127.997,j-idol
Marijuana,Yelawolf,0.9856,0.081,0.771,0.148,58,False,0.697,0.655,1,-9.781,0,0.15,0.0626,0.774,0.353,0.415,86.969,chill
Call It Love,Yello,-0.7351,0.121,0.829,0.049,1,False,0.616,0.841,5,-4.779,0,0.076,0.0559,0.00217,0.417,0.714,110.029,edm
Swing,Yello,0.4019,0.0,0.978,0.022,20,False,0.699,0.837,1,-4.55,1,0.214,0.00304,0.0,0.0705,0.404,143.693,j-dance
Anywhere But Here,Yellowcard,0.9608,0.086,0.753,0.161,26,True,0.511,0.987,2,-4.031,1,0.0739,5.41e-05,0.0,0.136,0.29,138.018,groove
Breathing,Yellowcard,0.9543,0.102,0.733,0.165,47,False,0.499,0.82,2,-6.163,0,0.0301,0.0495,0.0,0.345,0.593,144.949,grunge
Drifting,Yellowcard,0.6808,0.105,0.773,0.122,60,False,0.692,0.481,0,-9.084,1,0.0585,0.137,0.0,0.15,0.367,115.007,french
Grey,Yellowcard,-0.0353,0.094,0.8,0.106,25,False,0.603,0.755,1,-6.757,0,0.0268,0.000178,0.579,0.126,0.29,117.996,goth
Underdog,Yellowcard,-0.8559,0.107,0.893,0.0,63,False,0.526,0.895,5,-5.407,0,0.0543,0.0603,1.3e-06,0.582,0.655,101.016,garage
Finally,Yes,0.9664,0.036,0.86,0.104,0,False,0.88,0.728,7,-8.629,1,0.0725,0.0497,0.000213,0.184,0.895,124.993,deep-house
I See You,Yes,0.9925,0.047,0.718,0.235,50,False,0.649,0.517,2,-8.016,1,0.0334,0.176,1.2e-05,0.171,0.456,144.89,chill
Open Your Eyes,Yes,0.9933,0.057,0.77,0.173,25,False,0.802,0.702,5,-7.722,0,0.0525,0.229,0.581,0.173,0.855,113.073,afrobeat
Ritual,Yes,0.9972,0.056,0.739,0.204,38,False,0.71,0.753,11,-9.525,1,0.0543,0.0136,0.881,0.097,0.0736,129.993,deep-house
Survival,Yes,-0.8008,0.093,0.832,0.075,13,False,0.36,0.989,11,-11.76,1,0.127,0.00391,0.942,0.389,0.213,102.794,grindcore
I'm Tired,Ying Yang Twins,-0.9982,0.232,0.695,0.073,12,False,0.621,0.475,9,-12.144,1,0.03,0.763,1.28e-06,0.0509,0.917,128.376,honky-tonk
Rising Force,Yngwie Malmsteen,-0.6249,0.159,0.723,0.118,50,False,0.321,0.958,8,-10.495,1,0.0872,0.103,7.43e-05,0.0994,0.106,117.875,guitar
Vengeance,Yngwie Malmsteen,-0.9753,0.197,0.725,0.078,6,False,0.421,0.949,1,-9.64,0,0.0531,0.116,0.926,0.256,0.73,163.931,iranian
Shake It,Yo Gotti,-0.6987,0.098,0.83,0.072,8,False,0.833,0.644,11,-10.592,0,0.16,0.00647,0.153,0.0246,0.857,122.099,chicago-house
Wanna Play,Yo Gotti,-0.991,0.191,0.677,0.132,36,True,0.638,0.995,0,-0.587,1,0.264,0.214,0.0186,0.599,0.604,100.053,happy
Tomorrow May Never Come,Yoko Ono,-0.3818,0.026,0.933,0.041,24,False,0.496,0.981,8,-2.664,0,0.0974,0.000237,0.000145,0.0698,0.618,112.058,rockabilly
The Only Way,Yolanda Adams,-0.8888,0.098,0.874,0.027,18,False,0.432,0.826,0,-5.156,1,0.035,0.00147,2.5e-06,0.0864,0.43,174.014,drum-and-bass
The Prayer,Yolanda Adams,0.994,0.042,0.727,0.23,0,True,0.735,0.76,6,-6.572,0,0.114,0.366,1.52e-05,0.606,0.687,140.068,hip-hop
Victory,Yolanda Adams,0.9942,0.068,0.681,0.251,41,False,0.751,0.697,2,-3.45,1,0.111,0.372,0.0,0.149,0.879,125.924,afrobeat
Troubled Mind,Yonder Mountain String Band,0.4944,0.123,0.742,0.135,25,False,0.589,0.81,4,-4.307,1,0.0307,0.0779,5.46e-06,0.0378,0.793,136.263,rockabilly
Beautiful Girl,You Am I,0.9964,0.051,0.685,0.264,78,False,0.839,0.412,11,-8.816,0,0.0935,0.287,0.000796,0.101,0.607,139.901,german
Go Crazy,Young Jeezy,0.9879,0.083,0.771,0.146,78,True,0.755,0.578,0,-8.932,0,0.145,0.316,0.0,0.25,0.581,94.148,dance
Stylin',Young Jeezy,-0.9995,0.317,0.628,0.055,65,False,0.641,0.436,6,-10.353,0,0.323,0.636,2.68e-05,0.14,0.535,129.08,chill
Sunny Days,Young Jeezy,-0.9608,0.125,0.786,0.089,23,False,0.48,0.864,4,-5.277,1,0.0305,0.201,0.000497,0.214,0.57,148.843,bluegrass
Vacation,Young Jeezy,-0.9506,0.133,0.785,0.082,66,True,0.736,0.751,8,-5.588,1,0.034,0.0381,0.0,0.105,0.839,150.064,reggae
Tequila,Youngbloodz,-0.9177,0.149,0.736,0.115,72,False,0.489,0.581,11,-5.731,1,0.0281,0.0312,0.0,0.132,0.494,86.016,country
Disengage,Youth Of Today,-0.977,0.248,0.659,0.094,50,False,0.298,0.968,6,-2.684,1,0.123,1.5e-05,0.00932,0.0952,0.221,100.004,death-metal
Malfunction,Youth Of Today,0.5106,0.09,0.799,0.112,15,False,0.384,0.955,2,1.795,1,0.0851,0.00312,0.603,0.0542,0.888,187.112,club
Modern Love Story,Youth Of Today,0.9907,0.056,0.65,0.294,0,False,0.325,0.979,9,-5.56,1,0.212,0.000293,0.0,0.0358,0.342,107.112,hardcore
No More,Youth Of Today,-0.877,0.17,0.734,0.096,47,False,0.379,0.53,7,-7.229,1,0.0355,0.468,0.000216,0.0818,0.577,62.06,acoustic
Keep On,Z-Ro,-0.9987,0.255,0.646,0.099,21,False,0.662,0.57,8,-7.77,0,0.178,0.0279,0.00171,0.0669,0.148,173.928,drum-and-bass
So Much,Z-Ro,-0.9787,0.172,0.692,0.136,12,False,0.772,0.893,6,-4.321,0,0.0405,0.0352,0.391,0.102,0.642,128.047,breakbeat
Overnight,Zac Brown Band,0.9862,0.014,0.843,0.143,49,True,0.812,0.474,2,-6.966,1,0.36,0.168,4.89e-05,0.182,0.476,158.121,electronic
The Wind,Zac Brown Band,0.9984,0.018,0.716,0.266,44,False,0.756,0.181,2,-18.934,1,0.0435,0.921,0.0235,0.128,0.819,115.741,british
Who Knows,Zac Brown Band,-0.2705,0.087,0.835,0.079,58,False,0.683,0.724,5,-4.436,0,0.0988,0.0909,0.0,0.339,0.741,80.932,dancehall
Ember,Zao,0.6369,0.047,0.856,0.097,41,False,0.16,0.18,7,-19.587,0,0.0337,0.874,0.833,0.109,0.0361,108.106,ambient
Exchange,Zao,-0.2916,0.132,0.748,0.121,24,True,0.721,0.731,5,-6.873,1,0.45,0.26,0.0,0.0649,0.813,125.213,j-dance
Savannah,Zao,-0.4247,0.091,0.852,0.057,60,False,0.653,0.779,0,-3.133,1,0.0392,0.372,1.39e-06,0.0392,0.387,108.074,edm
Check,Zebrahead,0.9945,0.118,0.665,0.218,1,True,0.414,0.718,3,-6.295,0,0.116,0.21,0.0,0.079,0.566,94.124,dancehall
Enemy,Zebrahead,-0.9903,0.17,0.766,0.064,0,False,0.596,0.694,7,-5.05,1,0.0713,0.0389,0.0,0.0908,0.52,154.023,children
Falling Apart,Zebrahead,-0.9788,0.257,0.641,0.103,52,False,0.406,0.692,3,-4.96,1,0.0313,0.164,1.58e-05,0.184,0.197,144.959,dub
Into You,Zebrahead,-0.9084,0.165,0.723,0.112,30,False,0.79,0.907,6,-3.448,0,0.188,0.032,0.825,0.126,0.581,125.102,club
Sirens,Zebrahead,-0.9832,0.246,0.565,0.189,63,False,0.523,0.847,3,-5.888,1,0.028,0.00309,1.21e-05,0.146,0.475,155.032,grunge
Wake Me Up,Zebrahead,-0.9269,0.142,0.754,0.104,58,False,0.494,0.214,7,-11.041,1,0.0363,0.92,1.07e-05,0.107,0.35,125.981,acoustic
Crosses,Zero 7,-0.5267,0.089,0.831,0.08,55,False,0.666,0.369,11,-9.945,0,0.0295,0.895,0.0268,0.102,0.318,134.633,goth
Distractions,Zero 7,0.998,0.058,0.441,0.501,60,False,0.123,0.0358,4,-38.528,1,0.0483,0.99,0.945,0.098,0.0399,114.425,ambient
Futures,Zero 7,0.9413,0.0,0.823,0.177,16,False,0.446,0.674,10,-7.07,1,0.0751,0.0156,0.00545,0.186,0.12,173.97,drum-and-bass
In The Waiting Line,Zero 7,-0.2035,0.043,0.918,0.039,64,False,0.561,0.33,5,-13.51,1,0.0268,0.76,0.134,0.106,0.378,79.01,electronic
Passing By,Zero 7,-0.7629,0.118,0.826,0.056,47,False,0.173,0.133,0,-14.758,1,0.0337,0.986,0.863,0.0991,0.0905,80.17,new-age
Somersault,Zero 7,0.9893,0.039,0.756,0.205,47,False,0.28,0.386,0,-10.889,1,0.0275,0.194,0.0222,0.337,0.163,146.82,trip-hop
The Space Between,Zero 7,-0.1648,0.093,0.83,0.077,22,False,0.721,0.405,7,-9.988,1,0.0403,0.721,0.0,0.276,0.757,133.895,show-tunes
This World,Zero 7,0.9901,0.091,0.644,0.264,17,False,0.314,0.472,1,-8.324,0,0.0355,0.206,0.546,0.105,0.0533,133.946,trip-hop
Warm Sound,Zero 7,-0.4939,0.16,0.692,0.149,53,False,0.519,0.389,5,-9.807,1,0.0304,0.514,0.153,0.1,0.107,121.802,trip-hop
Clone Your Lover,Zeromancer,0.9518,0.026,0.795,0.178,20,False,0.547,0.918,6,-6.9,1,0.0367,9.9e-05,0.0649,0.126,0.401,115.03,industrial
Famous Last Words,Zeromancer,-0.9807,0.191,0.77,0.039,73,False,0.467,0.883,2,-3.679,0,0.106,0.000321,0.000152,0.125,0.309,122.252,emo
Flagellation,Zeromancer,-0.9845,0.233,0.666,0.101,24,False,0.353,0.973,1,-6.297,1,0.0787,1.31e-05,0.708,0.104,0.286,118.021,black-metal
Dragonfly,Ziggy Marley,-0.6976,0.108,0.809,0.084,21,False,0.189,0.0671,6,-22.912,0,0.0379,0.983,0.727,0.224,0.146,82.018,new-age
About You,Zoegirl,0.9554,0.0,0.907,0.093,73,False,0.416,0.762,2,-7.385,1,0.0279,0.312,0.804,0.0559,0.461,95.967,alt-rock
Feel Alright,Zoegirl,0.9626,0.096,0.781,0.123,15,False,0.662,0.83,3,-2.467,0,0.394,0.167,5.55e-05,0.105,0.525,99.939,breakbeat
Love Me For Me,Zoegirl,0.9679,0.14,0.665,0.195,50,False,0.627,0.648,9,-3.987,0,0.0457,0.51,0.0,0.117,0.467,87.6,chill
Skin Deep,Zoegirl,0.976,0.086,0.758,0.156,41,False,0.638,0.814,9,-8.802,1,0.0312,0.149,0.76,0.12,0.773,128.723,punk-rock
Unbroken,Zoegirl,0.9495,0.097,0.75,0.154,47,False,0.346,0.095,2,-22.82,0,0.0428,0.907,0.864,0.0923,0.0396,109.452,ambient
Upside Down,Zoegirl,0.8127,0.153,0.672,0.175,16,False,0.66,0.807,8,-8.557,0,0.0531,0.103,0.662,0.0688,0.754,113.893,afrobeat
Better Off Without You,Zornik,0.8283,0.193,0.581,0.226,0,False,0.682,0.855,7,-3.282,1,0.0401,0.0564,0.0,0.101,0.304,124.005,dance
Hey Girl,Zornik,-0.3204,0.042,0.919,0.04,2,False,0.389,0.505,6,-7.777,0,0.037,0.538,0.00403,0.216,0.244,121.775,singer-songwriter
Big Fish,Zox,0.898,0.059,0.848,0.094,30,False,0.451,0.906,11,-5.826,1,0.0865,0.00661,0.0895,0.181,0.579,166.552,garage
Eventually,Zox,0.8382,0.018,0.921,0.061,38,False,0.627,0.652,0,-13.626,1,0.0477,0.389,0.78,0.0836,0.0391,134.012,idm
Homebody,Zox,0.9818,0.01,0.874,0.116,34,False,0.596,0.886,1,-5.508,1,0.0296,0.000174,0.00101,0.251,0.675,131.963,emo
Rain On Me,Zox,0.9926,0.012,0.765,0.223,36,False,0.62,0.281,11,-11.054,1,0.0566,0.807,0.938,0.116,0.238,170.034,study
Starry Night,Zox,-0.9896,0.201,0.72,0.079,36,False,0.636,0.795,0,-4.161,1,0.0279,0.212,0.64,0.0971,0.84,144.143,guitar
Pure Love,Zucchero,0.9825,0.018,0.797,0.184,0,False,0.79,0.475,0,-6.787,1,0.0585,0.0772,7.58e-05,0.125,0.827,95.003,indie-pop
You Are So Beautiful,Zucchero,0.9971,0.0,0.537,0.463,67,False,0.297,0.182,1,-10.944,1,0.0298,0.846,0.00267,0.134,0.092,83.391,blues
Endless Summer,Zwan,-0.9055,0.178,0.68,0.142,21,False,0.449,0.95,0,-11.134,1,0.0794,0.0083,0.00317,0.564,0.113,162.001,happy
Settle Down,Zwan,0.9974,0.051,0.547,0.402,52,False,0.384,0.504,9,-10.779,1,0.0652,0.607,0.0,0.0983,0.397,105.371,electro
Belt Buckle,ZZ Top,0.9429,0.115,0.658,0.228,20,True,0.516,0.69,8,-7.137,1,0.411,0.126,0.0,0.108,0.438,71.305,j-dance
Crunchy,ZZ Top,-0.4574,0.059,0.904,0.036,30,False,0.762,0.402,2,-7.506,0,0.0347,0.319,0.718,0.327,0.237,90.944,study
Gimme All Your Lovin',ZZ Top,0.9861,0.008,0.766,0.226,71,False,0.63,0.788,5,-6.7,1,0.0298,0.00322,0.0237,0.0883,0.63,120.059,blues
I Thank You,ZZ Top,0.9852,0.115,0.638,0.247,0,False,0.789,0.373,1,-11.937,1,0.0923,0.317,9.67e-05,0.0711,0.711,117.919,funk
Rough Boy,ZZ Top,-0.3557,0.062,0.88,0.058,1,False,0.419,0.737,9,-7.09,1,0.0364,0.204,0.00716,0.24,0.595,157.991,blues
Thunderbird,ZZ Top,-0.2697,0.057,0.893,0.05,18,False,0.709,0.978,7,-4.67,1,0.0441,0.026,0.851,0.266,0.744,94.391,afrobeat
Tube Snake Boogie,ZZ Top,0.8499,0.025,0.855,0.119,38,False,0.569,0.648,9,-12.15,1,0.0375,0.00382,0.054,0.108,0.965,150.396,blues
Beautiful Life,Ace Of Base,0.9826,0.01,0.816,0.174,9,False,0.86,0.909,0,-7.372,0,0.0419,0.121,3.83e-06,0.689,0.947,135.03,kids
Cruel Summer,Ace Of Base,-0.9993,0.343,0.601,0.056,66,False,0.666,0.871,1,-6.017,0,0.0272,0.27,0.0208,0.263,0.936,108.501,disco
Don't Go Away,Ace Of Base,0.9759,0.078,0.77,0.153,26,False,0.4,0.789,9,-6.583,0,0.0319,5.2e-06,0.0499,0.12,0.484,88.936,psych-rock
Lucky Love,Ace Of Base,0.9928,0.038,0.622,0.34,54,False,0.661,0.311,5,-13.288,1,0.0263,0.474,0.00366,0.105,0.234,143.966,garage
Show Me Love,Ace Of Base,0.9967,0.029,0.738,0.233,69,False,0.811,0.833,5,-4.259,1,0.153,0.014,2.06e-05,0.0769,0.567,120.258,disco
Summer Days,Ace Of Base,-0.3939,0.068,0.882,0.05,53,False,0.836,0.401,9,-10.949,0,0.148,0.489,0.00126,0.237,0.477,140.008,trip-hop
Memory Lane,Adam Sandler,0.1513,0.074,0.85,0.075,0,True,0.789,0.71,4,-4.574,0,0.353,0.37,0.0,0.155,0.826,95.178,dance
Chasing Pavements,Adele,-0.9266,0.097,0.873,0.03,74,False,0.616,0.47,5,-6.092,0,0.0253,0.291,0.0,0.111,0.325,80.03,british
He Won't Go,Adele,-0.9988,0.231,0.748,0.021,56,False,0.706,0.57,0,-7.045,0,0.086,0.0225,0.0,0.0754,0.728,159.908,british
Hometown Glory,Adele,0.9844,0.024,0.808,0.167,62,True,0.436,0.336,10,-8.517,0,0.037,0.962,3.4e-05,0.102,0.21,122.456,british
Last Nite,Adele,0.9595,0.035,0.826,0.139,74,False,0.624,0.91,0,-5.703,1,0.0297,0.0285,0.000198,0.0789,0.767,104.042,alt-rock
Lay Me Down,Adele,0.9179,0.023,0.916,0.061,54,False,0.758,0.68,6,-7.685,0,0.0808,0.199,0.184,0.243,0.127,138.079,trance
Love In The Dark,Adele,-0.9578,0.176,0.707,0.117,78,False,0.331,0.341,9,-6.057,0,0.0309,0.528,0.0,0.109,0.152,109.821,british
Lovesong,Adele,0.9974,0.053,0.579,0.368,60,False,0.689,0.369,0,-9.407,0,0.0278,0.693,0.00236,0.111,0.361,116.885,british
Million Years Ago,Adele,0.8555,0.1,0.784,0.116,64,False,0.72,0.274,1,-7.623,0,0.0276,0.742,0.0,0.11,0.179,105.929,british
One And Only,Adele,0.9651,0.092,0.766,0.142,63,False,0.528,0.468,5,-5.306,1,0.0287,0.295,0.0,0.165,0.185,154.974,british
Remedy,Adele,-0.3712,0.162,0.689,0.148,65,False,0.405,0.3,2,-6.475,1,0.0378,0.894,0.0,0.154,0.24,162.355,british
River Lea,Adele,-0.9931,0.141,0.813,0.046,58,False,0.384,0.585,1,-5.588,1,0.0311,0.0591,1.77e-06,0.116,0.252,82.378,british
Rumour Has It,Adele,0.3919,0.048,0.899,0.053,67,False,0.612,0.749,0,-5.014,1,0.0446,0.615,0.0,0.167,0.574,120.052,british
Send My Love (To Your New Lover),Adele,0.9994,0.012,0.647,0.341,72,False,0.688,0.533,6,-8.363,0,0.0865,0.0355,3.48e-06,0.172,0.567,164.069,british
Take It All,Adele,0.9931,0.083,0.712,0.205,55,False,0.415,0.266,0,-8.44,1,0.0308,0.957,1.18e-06,0.183,0.282,138.096,british
Turning Tables,Adele,-0.926,0.136,0.795,0.069,68,False,0.353,0.446,0,-6.044,0,0.0285,0.95,1.35e-05,0.132,0.211,155.476,british
When We Were Young,Adele,0.9912,0.092,0.713,0.196,79,False,0.376,0.595,3,-5.936,1,0.0496,0.303,0.0,0.095,0.265,144.361,british
Black Cherry,Aerosmith,0.9917,0.063,0.731,0.206,47,False,0.8,0.11,9,-17.176,0,0.0662,0.876,0.853,0.0971,0.218,120.023,chill
Crash,Aerosmith,-0.936,0.148,0.788,0.064,63,False,0.696,0.678,6,-5.679,0,0.0391,0.441,0.0,0.069,0.517,146.998,chill
Critical Mass,Aerosmith,0.9909,0.092,0.7,0.207,22,False,0.285,0.991,7,-4.248,1,0.256,3.23e-06,0.829,0.0675,0.182,198.313,death-metal
Dude,Aerosmith,0.996,0.053,0.658,0.289,57,False,0.616,0.71,5,-7.05,1,0.264,0.123,0.0,0.128,0.945,93.938,j-dance
Fly Away From Here,Aerosmith,0.8735,0.076,0.808,0.116,63,False,0.387,0.686,4,-5.368,1,0.0363,0.142,0.0,0.122,0.171,142.091,hard-rock
Hole In My Soul,Aerosmith,0.99,0.086,0.74,0.174,65,False,0.465,0.701,0,-4.809,1,0.0268,0.00506,0.0,0.207,0.216,75.427,hard-rock
Kings And Queens,Aerosmith,-0.9792,0.268,0.615,0.117,63,False,0.293,0.817,8,-5.432,1,0.0852,0.0401,3.4e-05,0.13,0.145,165.0,grunge
I Can Wait Forever,Air Supply,0.9825,0.08,0.75,0.17,36,False,0.39,0.734,8,-5.042,1,0.035,0.00346,2.84e-06,0.103,0.227,142.772,punk-rock
Unchained Melody,Air Supply,0.9913,0.064,0.627,0.309,17,False,0.427,0.172,0,-15.017,1,0.0269,0.725,0.51,0.0795,0.393,81.033,honky-tonk
I Can't Stop,Alabama,0.9986,0.018,0.492,0.49,56,False,0.513,0.775,0,-7.202,0,0.0304,0.000672,0.248,0.409,0.205,139.932,dub
In The Garden,Alabama,0.9647,0.036,0.833,0.131,18,False,0.377,0.389,7,-7.792,1,0.028,0.671,3.14e-06,0.22,0.193,107.736,honky-tonk
One More Time Around,Alabama,0.919,0.039,0.845,0.117,47,False,0.429,0.358,0,-9.076,1,0.0346,0.614,0.0,0.0875,0.187,134.279,acoustic
Rock Of Ages,Alabama,-0.8316,0.138,0.808,0.054,65,False,0.706,0.785,11,-7.666,0,0.041,0.00802,0.0319,0.195,0.636,105.893,hard-rock
Rockin' Around The Christmas Tree,Alabama,0.9902,0.015,0.663,0.322,0,False,0.745,0.722,9,-4.067,1,0.0464,0.586,0.0,0.334,0.893,145.378,kids
Simple As That,Alabama,0.9977,0.02,0.716,0.264,21,False,0.675,0.329,4,-9.029,1,0.0348,0.556,0.0,0.166,0.545,127.805,show-tunes
Tennessee Christmas,Alabama,0.9935,0.005,0.801,0.195,0,False,0.653,0.433,0,-8.307,1,0.0243,0.505,1.65e-05,0.193,0.423,96.004,country
That Feeling,Alabama,0.9823,0.017,0.762,0.221,58,False,0.701,0.83,9,-6.656,0,0.0535,0.0407,0.0121,0.348,0.839,125.979,deep-house
Limelight,Alan Parsons Project,-0.8138,0.06,0.924,0.016,67,False,0.581,0.854,1,-8.485,0,0.0428,0.00197,0.0013,0.111,0.788,131.18,hard-rock
Snake Eyes,Alan Parsons Project,0.8625,0.03,0.847,0.123,18,False,0.587,0.807,10,-3.43,0,0.0439,0.00306,0.856,0.0775,0.234,173.997,drum-and-bass
Too Late,Alan Parsons Project,-0.9644,0.149,0.828,0.022,32,True,0.834,0.537,5,-5.337,1,0.0609,0.0817,0.0,0.235,0.729,133.001,blues
When,Alan Parsons Project,0.3612,0.013,0.952,0.035,29,False,0.0612,0.22,0,-18.505,1,0.0361,0.812,0.951,0.116,0.033,66.413,idm
Coventry Carol,Aled Jones,-0.9334,0.167,0.833,0.0,0,False,0.302,0.039,9,-19.122,0,0.0349,0.98,0.905,0.0632,0.0621,130.765,new-age
In The Bleak Midwinter,Aled Jones,0.6908,0.086,0.795,0.119,0,False,0.322,0.189,0,-13.902,1,0.0331,0.774,0.0,0.108,0.158,141.791,rock
You Raise Me Up,Aled Jones,-0.198,0.102,0.843,0.056,61,False,0.25,0.136,10,-12.162,1,0.037,0.673,0.000157,0.107,0.0981,118.086,opera
Alma Mater,Alice Cooper,0.9938,0.052,0.73,0.218,17,False,0.337,0.955,9,-5.061,0,0.0839,5.98e-06,0.891,0.862,0.151,142.457,black-metal
Caffeine,Alice Cooper,0.9919,0.031,0.656,0.312,59,False,0.73,0.455,6,-5.467,1,0.0396,0.00372,0.0118,0.0649,0.763,133.996,anime
Catch Me If You Can,Alice Cooper,-0.9207,0.09,0.871,0.039,44,False,0.383,0.97,7,-3.412,1,0.15,7.55e-06,0.693,0.129,0.132,180.089,j-idol
Deeper,Alice Cooper,-0.9929,0.206,0.77,0.024,17,False,0.524,0.964,1,-7.765,1,0.0407,0.0315,0.828,0.111,0.239,126.001,breakbeat
Eighteen,Alice Cooper,0.9717,0.04,0.798,0.162,27,False,0.734,0.691,7,-7.119,1,0.0314,0.645,4.49e-06,0.0897,0.965,129.372,j-idol
House Of Fire,Alice Cooper,0.4537,0.129,0.735,0.136,23,False,0.309,0.774,4,-4.973,0,0.097,0.000499,4.83e-05,0.589,0.222,77.425,hardstyle
Lock Me Up,Alice Cooper,-0.9979,0.251,0.723,0.026,31,False,0.702,0.581,8,-8.243,0,0.521,0.462,0.0,0.338,0.571,86.473,dancehall
Perfect,Alice Cooper,0.992,0.103,0.643,0.255,39,False,0.559,0.118,7,-16.34,1,0.0421,0.979,0.935,0.109,0.289,97.1,acoustic
Black Gives Way To Blue,Alice In Chains,-0.8791,0.235,0.723,0.042,49,False,0.205,0.331,8,-9.265,1,0.0302,0.822,0.000695,0.0891,0.113,179.982,grunge
Bleed The Freak,Alice In Chains,0.2416,0.115,0.753,0.133,60,False,0.245,0.749,8,-9.352,0,0.0599,0.00252,7.87e-06,0.185,0.221,118.363,grunge
Check My Brain,Alice In Chains,0.6249,0.077,0.799,0.124,61,False,0.441,0.845,10,-3.315,1,0.0462,3.28e-06,0.0533,0.723,0.304,113.989,grunge
Choke,Alice In Chains,-0.8175,0.144,0.729,0.127,0,False,0.516,0.85,4,-3.91,0,0.0706,0.00139,0.0,0.295,0.583,120.326,alt-rock
Don't Follow,Alice In Chains,-0.7886,0.141,0.749,0.11,57,False,0.314,0.37,1,-9.921,1,0.0286,0.781,0.139,0.122,0.28,116.066,grunge
Frogs,Alice In Chains,-0.9676,0.171,0.724,0.105,10,False,0.814,0.39,4,-17.9,0,0.0672,0.106,0.889,0.113,0.12,121.566,detroit-techno
Heaven Beside You,Alice In Chains,0.4806,0.152,0.645,0.203,62,True,0.551,0.724,10,-7.09,0,0.032,0.00451,0.000167,0.116,0.559,111.243,grunge
I Stay Away,Alice In Chains,-0.5831,0.187,0.683,0.131,62,False,0.174,0.781,6,-7.066,1,0.0406,0.0452,0.00346,0.0822,0.276,81.37,grunge
Phantom Limb,Alice In Chains,-0.4336,0.221,0.57,0.208,19,True,0.382,0.965,7,-4.557,0,0.226,9.68e-06,0.835,0.197,0.0771,116.462,grindcore
We Die Young,Alice In Chains,-0.7845,0.107,0.84,0.053,64,False,0.486,0.938,1,-6.652,1,0.0704,1.79e-05,0.000103,0.361,0.525,125.816,grunge
9 To 5,Alison Krauss,0.794,0.033,0.894,0.073,41,False,0.767,0.654,7,-9.075,1,0.156,0.0185,0.0,0.0496,0.817,88.988,malay
Dark Skies,Alison Krauss,-0.3484,0.14,0.75,0.11,25,False,0.66,0.529,0,-9.178,1,0.0289,0.543,0.0401,0.178,0.802,133.64,bluegrass
Down To The River To Pray,Alison Krauss,0.9949,0.004,0.799,0.197,24,False,0.635,0.371,7,-9.786,1,0.0286,0.802,0.0,0.195,0.52,136.021,opera
Heartstrings,Alison Krauss,0.9665,0.026,0.85,0.124,63,False,0.614,0.762,1,-5.146,1,0.0481,0.00106,1.5e-06,0.0545,0.255,124.902,deep-house
"I'll Remember You, Love, In My Prayers",Alison Krauss,0.995,0.014,0.664,0.322,20,False,0.568,0.742,11,-7.336,1,0.0313,0.277,0.00741,0.237,0.819,109.016,bluegrass
I'm Gone,Alison Krauss,0.8446,0.051,0.835,0.114,23,False,0.515,0.205,7,-13.385,0,0.0297,0.883,2.65e-06,0.0883,0.314,95.596,bluegrass
It All Comes Down To You,Alison Krauss,0.8288,0.082,0.818,0.1,21,False,0.62,0.434,5,-8.702,1,0.0303,0.484,0.0,0.0949,0.656,92.933,bluegrass
Miles To Go,Alison Krauss,0.4767,0.024,0.934,0.042,53,False,0.775,0.735,5,-5.585,0,0.0369,0.0363,0.131,0.103,0.172,125.025,progressive-house
Moments Like This,Alison Krauss,0.8666,0.095,0.774,0.131,56,False,0.497,0.837,2,-3.672,1,0.046,0.0155,0.0,0.0763,0.489,86.016,alt-rock
Pain Of A Troubled Life,Alison Krauss,-0.9959,0.304,0.611,0.085,22,False,0.516,0.569,7,-7.297,1,0.0343,0.518,1.76e-05,0.26,0.5,190.145,bluegrass
Sinking Stone,Alison Krauss,0.1362,0.122,0.763,0.115,22,False,0.514,0.347,11,-10.866,1,0.0296,0.815,0.0,0.277,0.386,159.562,bluegrass
Sister Rosetta Goes Before Us,Alison Krauss,0.9501,0.106,0.699,0.195,25,False,0.55,0.218,0,-13.53,1,0.0279,0.843,0.000332,0.103,0.239,137.876,bluegrass
Sleep On,Alison Krauss,0.2649,0.097,0.798,0.105,23,False,0.291,0.157,10,-13.591,1,0.0354,0.869,4.46e-06,0.12,0.174,109.717,new-age
This Sad Song,Alison Krauss,-0.8983,0.165,0.736,0.098,21,False,0.577,0.708,4,-5.841,0,0.0279,0.688,0.101,0.335,0.78,109.785,bluegrass
Whiskey Lullaby,Alison Krauss,0.8887,0.061,0.845,0.093,52,False,0.532,0.371,2,-8.908,1,0.0334,0.817,0.0,0.131,0.161,74.47,bluegrass
Blind Love,Allman Brothers Band,0.8935,0.193,0.589,0.218,16,False,0.584,0.629,6,-12.071,1,0.0429,0.0148,0.109,0.241,0.519,150.745,afrobeat
Crossroad,Allman Brothers Band,0.8807,0.0,0.913,0.087,41,False,0.658,0.45,1,-13.182,0,0.0499,0.412,0.703,0.139,0.247,96.007,deep-house
Layla,Allman Brothers Band,0.9813,0.149,0.597,0.254,74,False,0.404,0.902,1,-3.88,1,0.0665,0.577,0.297,0.287,0.497,115.669,blues
Loaded Dice,Allman Brothers Band,0.9947,0.077,0.644,0.279,24,False,0.272,0.906,1,-4.687,1,0.127,5.48e-06,0.166,0.24,0.433,141.935,grindcore
Ramblin' Man,Allman Brothers Band,0.765,0.05,0.841,0.109,10,False,0.58,0.182,4,-12.245,0,0.0322,0.893,0.0,0.0798,0.446,104.539,honky-tonk
Southbound,Allman Brothers Band,0.9702,0.015,0.816,0.169,25,False,0.51,0.846,0,-6.866,1,0.0306,0.255,0.225,0.359,0.931,143.489,bluegrass
Spoonful,Allman Brothers Band,0.98,0.058,0.754,0.188,58,False,0.821,0.376,0,-13.622,1,0.0487,0.669,1.39e-05,0.106,0.824,119.039,acoustic
Trouble No More,Allman Brothers Band,0.9908,0.097,0.587,0.316,0,False,0.556,0.567,9,-11.426,0,0.0333,0.0577,0.00144,0.0907,0.856,141.348,blues
Wasted Words,Allman Brothers Band,0.7348,0.137,0.698,0.165,10,False,0.668,0.363,2,-9.433,1,0.0306,0.579,1.96e-06,0.106,0.851,125.229,honky-tonk
Control,Alphaville,-0.9836,0.193,0.75,0.057,27,False,0.709,0.156,3,-17.424,1,0.0357,0.924,7.77e-05,0.0895,0.188,109.799,acoustic
Elegy,Alphaville,-0.0862,0.025,0.961,0.014,46,False,0.155,0.258,6,-13.266,1,0.0358,0.979,0.95,0.611,0.0317,102.231,ambient
Point Of No Return,Alphaville,0.2223,0.045,0.879,0.076,20,False,0.589,0.899,11,-7.29,0,0.0458,0.000553,0.845,0.122,0.28,138.027,minimal-techno
Recycling,Alphaville,0.7391,0.037,0.883,0.08,44,False,0.768,0.396,4,-7.364,1,0.063,0.892,0.0,0.214,0.843,100.9,british
Wake Up!,Alphaville,0.886,0.08,0.795,0.125,46,False,0.632,0.668,10,-4.466,1,0.0559,0.107,0.137,0.0961,0.0893,150.017,hardstyle
Waves,Alphaville,-0.7351,0.098,0.902,0.0,45,False,0.407,0.357,1,-11.659,1,0.0436,0.775,0.00105,0.94,0.253,112.207,acoustic
Zoo,Alphaville,0.9947,0.008,0.781,0.211,23,False,0.519,0.94,9,-3.801,1,0.111,0.0169,0.018,0.0846,0.585,159.959,happy
Always Love,America,-0.1154,0.116,0.752,0.132,31,False,0.325,0.759,2,-5.078,1,0.0318,0.00296,0.0,0.245,0.353,126.861,power-pop
Are You There,America,-0.2382,0.101,0.812,0.087,19,False,0.334,0.939,2,-5.002,1,0.0396,5.69e-05,2.17e-05,0.356,0.734,165.128,power-pop
Emma,America,0.8908,0.026,0.848,0.126,49,False,0.407,0.433,2,-15.331,0,0.0376,0.467,0.936,0.0663,0.0779,119.921,british
Hangover,America,-0.9135,0.094,0.906,0.0,37,True,0.651,0.756,3,-3.485,0,0.0281,0.0107,0.0,0.201,0.402,97.964,j-pop
Indian Summer,America,0.0,0.0,1.0,0.0,58,False,0.435,0.825,6,-2.518,1,0.0617,0.0248,0.0454,0.0845,0.0425,169.835,edm
Moment To Moment,America,-0.4592,0.108,0.792,0.101,63,False,0.113,0.0413,5,-29.786,1,0.0432,0.946,0.886,0.103,0.152,78.745,sleep
Ride On,America,0.8047,0.017,0.894,0.089,19,False,0.251,0.959,8,-5.231,0,0.144,0.000197,0.00523,0.193,0.487,175.368,heavy-metal
Sarah,America,-0.496,0.157,0.702,0.141,5,False,0.813,0.93,5,-9.246,1,0.0608,2.46e-05,0.927,0.747,0.241,121.028,detroit-techno
Tequila Sunrise,America,0.8074,0.042,0.854,0.104,65,True,0.547,0.63,10,-8.772,0,0.494,0.0122,0.00225,0.14,0.556,192.736,hardcore
To Each His Own,America,0.9274,0.128,0.716,0.156,32,False,0.298,0.423,2,-8.256,1,0.0452,0.858,4.67e-06,0.108,0.118,79.882,folk
Carry You,Amy Grant,-0.975,0.241,0.723,0.037,68,False,0.334,0.397,7,-7.993,1,0.0284,0.558,0.0774,0.126,0.035,93.445,ambient
Everywhere I Go,Amy Grant,0.9663,0.012,0.851,0.137,33,False,0.837,0.878,4,-5.509,0,0.19,0.186,0.0,0.0678,0.774,172.074,dancehall
Fairytale,Amy Grant,0.9783,0.022,0.843,0.135,57,False,0.0877,0.163,8,-18.769,1,0.0362,0.722,0.501,0.463,0.103,83.13,british
I Surrender All,Amy Grant,0.9893,0.0,0.739,0.261,47,False,0.446,0.015,2,-20.292,1,0.107,0.988,0.916,0.123,0.346,79.718,new-age
What Child Is This?,Andrea Bocelli,0.9219,0.057,0.801,0.142,0,False,0.528,0.198,9,-13.06,0,0.027,0.911,0.000227,0.099,0.209,99.221,country
Be My Love,Andy Williams,0.9974,0.057,0.542,0.401,23,False,0.124,0.493,0,-4.192,1,0.0347,0.773,0.00232,0.161,0.188,168.953,opera
Godfather,Andy Williams,0.9911,0.094,0.616,0.29,15,False,0.727,0.938,0,-13.92,1,0.0532,0.000723,0.259,0.099,0.933,121.554,chicago-house
Happy Christmas (War Is Over),Andy Williams,0.9987,0.037,0.555,0.408,0,False,0.211,0.307,6,-13.522,1,0.033,0.434,0.000136,0.113,0.503,177.363,rock
If I Loved You,Andy Williams,0.9983,0.047,0.668,0.285,14,False,0.449,0.0832,0,-18.539,1,0.0382,0.988,0.921,0.163,0.214,96.208,honky-tonk
Spooky,Andy Williams,0.9732,0.089,0.708,0.203,66,False,0.752,0.445,4,-12.725,0,0.0338,0.5,0.0,0.0912,0.964,106.283,british
The Impossible Dream,Andy Williams,0.34,0.182,0.612,0.206,23,False,0.635,0.606,10,-10.676,1,0.03,0.768,0.935,0.0886,0.255,109.499,industrial
The Most Wonderful Time Of The Year,Andy Williams,0.997,0.044,0.644,0.313,0,False,0.545,0.578,10,-7.48,1,0.0368,0.604,0.0,0.281,0.586,92.014,show-tunes
The Way We Were,Andy Williams,0.9027,0.042,0.818,0.14,21,False,0.33,0.232,1,-14.112,1,0.0348,0.985,0.939,0.0902,0.0714,65.041,new-age
Watch What Happens,Andy Williams,0.9888,0.059,0.749,0.192,49,False,0.542,0.41,9,-12.142,1,0.0364,0.669,0.0,0.673,0.68,118.783,rockabilly
You Are My Sunshine,Andy Williams,0.9984,0.06,0.521,0.419,60,False,0.664,0.0755,10,-19.836,1,0.0389,0.91,0.0,0.164,0.575,80.004,acoustic
Mixed Emotions,Annie,0.9799,0.018,0.873,0.109,59,False,0.488,0.815,9,-4.354,0,0.0438,0.0148,0.00207,0.0744,0.0654,174.994,drum-and-bass
Be Alright,Ariana Grande,0.9864,0.046,0.758,0.196,37,False,0.578,0.162,5,-10.48,1,0.0374,0.74,0.0,0.178,0.195,135.495,ambient
Die In Your Arms,Ariana Grande,-0.9866,0.22,0.631,0.149,41,False,0.506,0.669,4,-5.655,1,0.0346,0.641,0.0,0.11,0.4,149.807,dub
Love The Way You Lie,Ariana Grande,0.9813,0.186,0.564,0.25,83,True,0.749,0.925,10,-5.034,1,0.227,0.241,0.0,0.52,0.641,86.989,hip-hop
Problem,Ariana Grande,-0.9661,0.164,0.714,0.122,31,False,0.674,0.793,7,-5.414,1,0.029,0.0137,0.0,0.329,0.751,131.94,party
Santa Tell Me,Ariana Grande,0.9981,0.024,0.773,0.203,0,False,0.647,0.376,7,-10.623,1,0.0571,0.227,0.854,0.108,0.628,95.065,study
Thinking Bout You,Ariana Grande,0.949,0.041,0.872,0.087,53,False,0.67,0.711,9,-7.786,1,0.0563,0.536,0.00149,0.242,0.509,163.998,chill
Too Close,Ariana Grande,0.9195,0.07,0.809,0.121,18,False,0.592,0.888,0,-1.643,1,0.0334,0.0141,0.00637,0.095,0.187,115.981,drum-and-bass
Touch It,Ariana Grande,0.6767,0.051,0.89,0.059,46,True,0.858,0.843,11,-6.81,0,0.11,0.036,0.00014,0.173,0.323,102.019,edm
In A Lover's Eyes,Ariel Rivera,0.9681,0.087,0.706,0.207,22,False,0.448,0.093,0,-18.63,1,0.0728,0.984,0.945,0.0963,0.344,120.735,new-age
Sana Kahit Minsan,Ariel Rivera,0.0,0.0,1.0,0.0,36,False,0.361,0.93,0,-4.847,1,0.0584,0.16,0.0,0.141,0.548,102.623,punk-rock
De Colores,Arlo Guthrie,0.9273,0.0,0.92,0.08,22,False,0.698,0.809,0,-4.447,1,0.0775,0.0116,3.08e-05,0.264,0.872,138.011,kids
Guantanamera,Arlo Guthrie,0.8442,0.035,0.795,0.17,62,False,0.512,0.263,9,-10.421,1,0.0855,0.875,0.0,0.11,0.359,98.6,spanish
Red River Valley,Arlo Guthrie,0.9847,0.061,0.723,0.216,18,False,0.65,0.535,7,-8.792,1,0.0293,0.259,0.372,0.232,0.901,102.757,disney
Horizon,Arrogant Worms,-0.9347,0.13,0.773,0.098,56,False,0.65,0.693,10,-8.975,1,0.0476,0.214,2.73e-06,0.0485,0.393,100.037,deep-house
Darlin,Avril Lavigne,0.9989,0.05,0.584,0.367,31,False,0.791,0.744,11,-5.84,1,0.082,0.000967,0.946,0.0437,0.786,126.016,deep-house
Freak Out,Avril Lavigne,-0.961,0.147,0.785,0.068,22,False,0.715,0.635,11,-9.616,0,0.0471,0.0241,0.191,0.276,0.956,79.255,afrobeat
How You Remind Me,Avril Lavigne,-0.9314,0.183,0.682,0.135,80,False,0.446,0.764,10,-5.042,1,0.033,0.00135,0.0,0.099,0.543,172.094,alt-rock
Hush Hush,Avril Lavigne,0.8122,0.032,0.91,0.058,22,False,0.589,0.997,0,-1.881,1,0.082,0.000513,0.876,0.32,0.675,172.971,drum-and-bass
Pathetic,Avril Lavigne,-0.9539,0.202,0.676,0.123,47,False,0.242,0.991,7,-2.781,1,0.136,1.02e-05,0.000272,0.239,0.126,103.41,groove
Baby I'm Yours,Backstreet Boys,0.7758,0.096,0.751,0.152,61,False,0.831,0.794,2,-3.701,0,0.0752,0.705,3.4e-05,0.0978,0.735,118.075,disco
Beautiful Woman,Backstreet Boys,0.9921,0.059,0.722,0.219,35,False,0.566,0.574,4,-12.598,1,0.0759,0.015,0.0,0.0331,0.942,178.391,ska
By My Side,Backstreet Boys,0.863,0.043,0.861,0.096,18,False,0.614,0.629,7,-5.336,1,0.228,0.307,3.11e-05,0.163,0.755,90.524,afrobeat
Climbing The Walls,Backstreet Boys,-0.2649,0.1,0.831,0.068,45,False,0.484,0.803,4,-4.539,0,0.0462,0.00909,1.42e-06,0.161,0.19,173.974,drum-and-bass
Crawling Back To You,Backstreet Boys,-0.8437,0.123,0.764,0.113,50,False,0.426,0.908,0,-3.437,0,0.0504,0.00686,0.0,0.167,0.16,150.979,grunge
Downpour,Backstreet Boys,-0.9286,0.084,0.894,0.022,16,False,0.457,0.759,8,-4.117,1,0.032,0.00115,0.345,0.113,0.0391,174.01,drum-and-bass
Endlessly,Backstreet Boys,0.9967,0.047,0.732,0.221,49,False,0.562,0.713,2,-8.082,1,0.0403,0.0114,0.0,0.643,0.143,123.045,french
For The Love Of Money,Backstreet Boys,0.9844,0.066,0.787,0.147,7,False,0.783,0.61,7,-11.324,0,0.0506,0.00265,0.2,0.046,0.512,120.015,chicago-house
I Want It That Way,Backstreet Boys,0.952,0.068,0.734,0.199,56,False,0.575,0.368,6,-7.436,0,0.0317,0.289,0.0,0.245,0.621,200.016,country
If You Stay,Backstreet Boys,0.8537,0.056,0.846,0.097,31,True,0.719,0.702,11,-4.577,1,0.0357,0.0453,1.35e-05,0.0662,0.613,116.938,british
Let's Have A Party,Backstreet Boys,0.9995,0.031,0.603,0.366,53,False,0.522,0.901,4,-8.559,1,0.0479,0.535,9.3e-06,0.176,0.916,166.885,rockabilly
Love Somebody,Backstreet Boys,0.9995,0.038,0.575,0.387,66,False,0.465,0.468,7,-7.799,1,0.134,0.262,0.0,0.0639,0.373,83.366,electro
Loving You,Backstreet Boys,0.9996,0.066,0.573,0.361,16,False,0.639,0.843,9,-5.857,0,0.0522,3.92e-05,0.0258,0.0519,0.584,124.001,chicago-house
Never Gone,Backstreet Boys,0.9715,0.02,0.865,0.115,43,False,0.407,0.647,2,-4.69,1,0.0384,0.178,3.65e-06,0.361,0.196,149.91,dub
Shattered,Backstreet Boys,-0.9978,0.249,0.678,0.073,21,False,0.527,0.706,9,-7.572,0,0.0266,9.23e-05,0.105,0.154,0.563,131.968,goth
Up!,Barbie,0.9939,0.083,0.683,0.234,73,False,0.753,0.932,6,-2.706,1,0.119,0.0205,4.31e-06,0.0326,0.918,124.006,k-pop
Autumn,Barbra Streisand,0.7783,0.055,0.807,0.138,2,False,0.599,0.0854,9,-12.521,1,0.0414,0.978,7.99e-05,0.0858,0.323,111.954,british
"Hello, Dolly!",Barbra Streisand,0.9692,0.011,0.846,0.143,62,False,0.0,0.405,0,-9.935,1,0.0,0.842,0.00114,0.198,0.0,0.0,jazz
Come Go With Me,Beach Boys,0.9951,0.014,0.765,0.221,61,False,0.566,0.534,5,-9.416,0,0.0409,0.713,0.0,0.0883,0.582,129.69,rockabilly
"Dance, Dance, Dance",Beach Boys,0.9227,0.012,0.92,0.069,24,False,0.583,0.781,9,-5.575,1,0.036,0.0938,0.00126,0.315,0.849,123.453,bluegrass
Here Comes The Night,Beach Boys,0.9961,0.012,0.735,0.253,49,True,0.554,0.779,10,-3.905,0,0.0466,0.159,2.7e-06,0.117,0.209,79.979,electronic
It's O.K.,Beach Boys,0.9345,0.086,0.769,0.145,31,False,0.41,0.808,0,-5.331,1,0.13,0.767,0.0,0.312,0.381,162.721,garage
Kokomo,Beach Boys,0.9833,0.007,0.836,0.157,71,False,0.682,0.635,0,-10.05,1,0.0346,0.00863,0.0,0.137,0.927,115.584,psych-rock
Lana,Beach Boys,0.9716,0.012,0.823,0.165,27,False,0.568,0.755,0,-7.411,0,0.0421,0.499,6.37e-06,0.27,0.941,91.345,salsa
Little Deuce Coupe,Beach Boys,0.936,0.016,0.912,0.072,29,False,0.663,0.564,1,-10.568,1,0.0338,0.225,0.00129,0.235,0.978,133.866,psych-rock
A Day In The Life,The Beatles,0.9595,0.027,0.86,0.113,55,False,0.483,0.364,9,-10.78,0,0.0265,0.564,0.299,0.0542,0.349,98.445,guitar
Bad To Me,The Beatles,-0.994,0.253,0.706,0.041,73,False,0.859,0.822,10,-5.005,0,0.0467,0.07,0.0144,0.101,0.908,110.045,dancehall
Besame Mucho,The Beatles,0.9983,0.013,0.637,0.35,35,False,0.471,0.373,7,-10.311,0,0.0277,0.537,0.0,0.233,0.566,110.38,rock-n-roll
Dear Prudence,The Beatles,0.9954,0.011,0.646,0.343,58,False,0.426,0.9,5,-4.393,1,0.047,0.012,0.000735,0.69,0.42,101.492,goth
Don't Let Me Down,The Beatles,0.9876,0.011,0.798,0.191,80,False,0.532,0.869,11,-5.094,1,0.172,0.157,0.00508,0.136,0.422,159.803,dance
Follow The Sun,The Beatles,0.9592,0.043,0.805,0.152,71,False,0.611,0.394,0,-10.757,1,0.0416,0.534,4.68e-05,0.108,0.202,123.941,folk
"Hallelujah, I Love Her So",The Beatles,0.9936,0.013,0.669,0.318,62,False,0.696,0.547,5,-5.954,0,0.169,0.792,0.0,0.155,0.623,73.203,blues
Hold Me Tight,The Beatles,0.9547,0.021,0.872,0.107,34,False,0.656,0.69,0,-7.783,1,0.109,0.0059,0.000153,0.328,0.696,82.499,j-rock
I Want To Hold Your Hand,The Beatles,0.9969,0.018,0.564,0.418,46,False,0.287,0.753,7,-7.587,1,0.0387,0.0652,0.0,0.288,0.882,130.637,british
I'm So Tired,The Beatles,-0.9871,0.252,0.647,0.102,63,False,0.328,0.13,6,-15.094,1,0.0307,0.892,0.0129,0.122,0.169,78.454,punk-rock
Octopus's Garden,The Beatles,0.9723,0.025,0.828,0.147,24,False,0.475,0.65,1,-9.15,0,0.0613,0.113,0.0,0.12,0.816,185.601,disney
From Now On,Beautiful South,0.9836,0.091,0.745,0.165,71,False,0.516,0.518,4,-10.383,1,0.04,0.00483,0.00895,0.585,0.0834,108.027,show-tunes
Have Fun,Beautiful South,0.242,0.103,0.762,0.135,28,False,0.149,0.981,9,0.803,1,0.0552,0.0768,0.0872,0.12,0.915,197.893,garage
Pretty,Beautiful South,0.989,0.061,0.746,0.193,55,True,0.679,0.853,0,-5.289,0,0.0659,0.195,0.0,0.132,0.767,76.064,emo
Belle (Reprise),Beauty And The Beast,0.8446,0.067,0.757,0.176,52,False,0.395,0.32,0,-7.934,1,0.0317,0.511,2.15e-06,0.194,0.228,87.064,disney
Gaston,Beauty And The Beast,0.9748,0.115,0.723,0.162,59,False,0.495,0.589,11,-6.642,0,0.0661,0.494,0.0,0.237,0.576,106.386,show-tunes
Gaston (Reprise),Beauty And The Beast,0.9849,0.081,0.709,0.21,19,False,0.576,0.361,0,-16.341,1,0.396,0.835,0.0,0.314,0.584,78.163,disney
Alone Again,Bee Gees,-0.9678,0.155,0.803,0.041,59,False,0.298,0.612,3,-9.002,0,0.0379,0.0194,9.67e-05,0.0906,0.343,156.727,hard-rock
Dimensions,Bee Gees,0.8902,0.082,0.782,0.136,43,False,0.658,0.97,2,-10.25,1,0.0549,0.00136,0.898,0.111,0.039,129.992,minimal-techno
Edison,Bee Gees,0.8248,0.009,0.944,0.047,51,False,0.838,0.729,1,-5.733,0,0.0802,0.0195,0.0089,0.101,0.619,129.999,j-dance
For Whom The Bell Tolls,Bee Gees,0.9256,0.129,0.708,0.163,56,False,0.537,0.695,4,-6.886,1,0.0365,0.0535,0.0,0.0691,0.338,82.055,disco
Giving Up The Ghost,Bee Gees,-0.9937,0.346,0.554,0.1,18,False,0.593,0.774,10,-7.628,0,0.0256,0.118,0.889,0.572,0.565,106.81,trip-hop
Haunted House,Bee Gees,0.9953,0.08,0.699,0.221,0,False,0.366,0.269,9,-9.197,1,0.0439,0.871,0.0,0.101,0.238,127.523,indie-pop
Horizontal,Bee Gees,0.8658,0.102,0.697,0.201,32,False,0.557,0.944,10,-4.04,0,0.08,0.000845,6.28e-06,0.413,0.729,140.04,hardcore
Human Sacrifice,Bee Gees,0.9387,0.12,0.707,0.173,0,False,0.653,0.875,5,-8.129,0,0.0871,0.0637,0.01,0.0982,0.377,116.642,synth-pop
Love Never Dies,Bee Gees,0.8658,0.172,0.639,0.189,29,False,0.606,0.701,0,-4.752,1,0.0266,0.238,0.0,0.128,0.771,101.09,rockabilly
A Whiter Shade Of Pale,Bette Midler,0.631,0.011,0.936,0.053,21,False,0.132,0.424,0,-8.962,1,0.0341,0.78,0.884,0.0566,0.0653,78.928,opera
Cool Yule,Bette Midler,0.9694,0.035,0.813,0.152,0,False,0.568,0.505,0,-8.041,1,0.128,0.676,1.67e-05,0.516,0.692,149.439,jazz
Drinking Again,Bette Midler,0.9065,0.107,0.689,0.204,33,False,0.766,0.555,6,-5.62,0,0.0425,0.00542,0.0,0.338,0.714,104.963,blues
I Put A Spell On You,Bette Midler,-0.6582,0.089,0.845,0.065,0,True,0.611,0.801,11,-5.894,0,0.0733,0.00119,0.513,0.23,0.408,96.875,alt-rock
"In The Cool, Cool, Cool Of The Evening",Bette Midler,0.9791,0.032,0.813,0.155,27,False,0.763,0.211,5,-16.786,1,0.0335,0.973,1.44e-05,0.136,0.747,132.394,honky-tonk
Rose's Turn,Bette Midler,0.9726,0.03,0.871,0.099,23,False,0.592,0.259,10,-10.691,0,0.23,0.811,0.0,0.0706,0.42,103.514,show-tunes
When A Man Loves A Woman,Bette Midler,0.9799,0.115,0.693,0.192,0,False,0.404,0.272,1,-11.765,1,0.0286,0.264,0.0,0.0528,0.326,97.941,soul
Stories,Bill Withers,0.9107,0.089,0.696,0.215,65,False,0.133,0.0133,5,-33.01,1,0.0422,0.959,0.826,0.105,0.0594,64.156,sleep
Use Me,Bill Withers,0.9898,0.036,0.78,0.184,18,False,0.581,0.491,1,-7.539,0,0.111,0.281,0.0,0.0943,0.877,126.273,afrobeat
Beyond The Sea,Billie Holiday,0.8834,0.025,0.849,0.126,48,False,0.676,0.118,7,-11.443,1,0.032,0.935,0.0,0.292,0.517,103.948,acoustic
Dream A Little Dream Of Me,Billie Holiday,0.9968,0.073,0.53,0.398,0,False,0.287,0.131,7,-19.807,1,0.0777,0.896,0.0,0.0988,0.19,72.627,blues
Moonlight In Vermont,Billie Holiday,0.9047,0.022,0.798,0.18,0,False,0.427,0.0916,0,-15.364,1,0.039,0.977,0.000235,0.0855,0.111,100.7,blues
And So It Goes,Billy Joel,-0.111,0.067,0.863,0.07,53,False,0.433,0.0871,0,-14.532,1,0.0341,0.91,1.98e-05,0.113,0.336,135.498,piano
Honesty,Billy Joel,0.983,0.125,0.643,0.232,70,True,0.66,0.139,6,-16.339,0,0.0323,0.964,1.1e-05,0.105,0.312,79.975,chill
In A Sentimental Mood,Billy Joel,0.9942,0.042,0.556,0.402,0,False,0.283,0.0264,4,-19.612,0,0.0426,0.925,0.0,0.136,0.231,170.182,blues
Lullabye,Billy Joel,0.8728,0.02,0.878,0.102,49,False,0.483,0.0584,0,-21.374,1,0.0322,0.919,0.154,0.0953,0.695,97.57,psych-rock
Piano Man,Billy Joel,0.9934,0.056,0.768,0.177,77,False,0.331,0.55,0,-6.483,1,0.0272,0.605,3.96e-06,0.192,0.429,177.734,folk
Pressure,Billy Joel,-0.9751,0.196,0.707,0.097,25,False,0.325,0.682,11,-5.554,0,0.0349,2.24e-05,0.0166,0.195,0.644,175.417,garage
Stiletto,Billy Joel,0.9475,0.133,0.7,0.167,13,False,0.661,0.893,5,-7.136,0,0.0346,0.000474,0.878,0.115,0.339,128.009,breakbeat
The Longest Time,Billy Joel,0.9618,0.069,0.79,0.141,68,False,0.637,0.333,3,-9.603,1,0.0262,0.181,0.0,0.147,0.588,84.347,piano
Vienna,Billy Joel,0.9647,0.083,0.765,0.152,79,False,0.532,0.495,10,-6.662,1,0.0343,0.659,0.0,0.0754,0.308,124.936,folk
Weekend Song,Billy Joel,0.952,0.026,0.894,0.08,21,False,0.788,0.9,11,-5.665,0,0.104,0.0045,5.96e-06,0.314,0.606,109.916,breakbeat
You May Be Right,Billy Joel,-0.9945,0.231,0.683,0.086,65,False,0.567,0.945,9,-7.243,1,0.0458,0.175,2.6e-06,0.35,0.961,150.792,piano
You're My Home,Billy Joel,0.99,0.02,0.794,0.186,55,False,0.627,0.518,8,-7.178,1,0.0286,0.436,0.0,0.128,0.337,95.991,acoustic
You're Only Human (Second Wind),Billy Joel,0.7933,0.103,0.761,0.136,51,False,0.759,0.795,3,-8.713,1,0.062,0.0356,1.12e-05,0.0678,0.877,130.803,piano
Zanzibar,Billy Joel,0.739,0.041,0.886,0.073,62,False,0.589,0.46,9,-14.54,0,0.0511,0.271,4.95e-05,0.224,0.705,148.172,piano
Count Your Blessings,Bing Crosby,0.9633,0.048,0.775,0.177,21,False,0.86,0.453,7,-11.252,1,0.0373,0.837,4.07e-06,0.262,0.917,119.926,children
Down By The River,Bing Crosby,0.9753,0.017,0.767,0.216,66,False,0.687,0.695,9,-7.954,1,0.0486,0.755,6.11e-05,0.109,0.453,114.029,german
Happy Holiday,Bing Crosby,0.9957,0.04,0.558,0.402,0,False,0.369,0.499,6,-9.301,1,0.0448,0.829,1.75e-06,0.154,0.69,192.76,jazz
It's Been A Long Time,Bing Crosby,0.9876,0.045,0.698,0.257,0,False,0.841,0.579,11,-7.402,0,0.191,0.00857,3.89e-05,0.0591,0.854,88.67,hardcore
Pennies From Heaven,Bing Crosby,0.9907,0.0,0.754,0.246,0,False,0.514,0.408,8,-11.96,1,0.194,0.449,0.0,0.0682,0.915,185.756,blues
Born Again,Black Sabbath,-0.8271,0.129,0.756,0.115,0,False,0.476,0.888,0,-4.926,1,0.0534,0.0131,0.0,0.277,0.617,162.0,country
Country Girl,Black Sabbath,0.9918,0.033,0.745,0.222,29,False,0.732,0.673,0,-6.466,1,0.0878,0.677,0.0,0.267,0.591,97.789,bluegrass
Evil Eye,Black Sabbath,-0.9923,0.331,0.497,0.172,24,False,0.51,0.908,2,-6.758,1,0.0788,0.014,0.00406,0.194,0.838,136.448,garage
Hard Road,Black Sabbath,0.5027,0.178,0.68,0.142,10,False,0.625,0.859,2,-4.625,1,0.0322,0.211,0.000103,0.264,0.731,121.939,honky-tonk
I,Black Sabbath,-0.9922,0.273,0.66,0.067,55,False,0.183,0.0896,2,-27.54,1,0.0486,0.989,0.899,0.107,0.0326,76.923,ambient
In For The Kill,Black Sabbath,-0.997,0.411,0.475,0.114,0,False,0.627,0.973,8,-0.223,0,0.0435,0.00137,0.0,0.0851,0.894,150.063,alternative
Into The Void,Black Sabbath,-0.9246,0.217,0.647,0.136,51,False,0.712,0.796,8,-5.926,1,0.0435,0.145,0.0475,0.076,0.361,93.046,industrial
Lost Forever,Black Sabbath,-0.9965,0.292,0.665,0.043,23,False,0.444,0.879,11,-6.618,0,0.0402,1.94e-06,0.738,0.445,0.219,120.022,death-metal
Pariah,Black Sabbath,0.4956,0.12,0.743,0.137,46,False,0.497,0.213,6,-13.199,0,0.0317,0.102,0.112,0.21,0.0412,135.03,metal
Slipping Away,Black Sabbath,-0.5946,0.064,0.894,0.042,29,False,0.583,0.924,2,-8.277,1,0.0314,0.042,0.00531,0.355,0.817,130.335,british
Turn To Stone,Black Sabbath,-0.9629,0.164,0.772,0.065,45,False,0.354,0.175,0,-9.779,1,0.0388,0.781,7.63e-05,0.153,0.323,111.089,acoustic
Warning,Black Sabbath,0.6855,0.108,0.766,0.125,14,False,0.612,0.843,6,-11.501,1,0.0679,0.0079,1.03e-05,0.299,0.747,163.839,breakbeat
When Death Calls,Black Sabbath,-0.9974,0.265,0.642,0.092,18,False,0.111,0.898,2,-5.316,0,0.097,8.42e-06,0.309,0.332,0.0701,168.273,black-metal
7 Days,Blur,0.6369,0.027,0.918,0.055,71,False,0.659,0.812,4,-7.499,0,0.0487,0.23,0.0,0.0951,0.888,83.014,british
Caramel,Blur,0.9719,0.025,0.701,0.274,37,False,0.683,0.699,6,-9.76,0,0.0402,9.62e-05,0.862,0.0813,0.412,121.998,minimal-techno
Miss America,Blur,0.981,0.049,0.669,0.282,1,False,0.659,0.733,8,-6.026,1,0.0671,0.00318,0.0,0.287,0.727,147.932,electro
Mixed Up,Blur,-0.8923,0.153,0.73,0.117,62,False,0.623,0.9,8,-3.944,0,0.236,0.0486,0.0,0.266,0.773,156.889,anime
Oliver's Army,Blur,-0.9497,0.125,0.821,0.054,0,False,0.53,0.807,4,-7.027,1,0.0286,0.131,0.0,0.18,0.911,143.15,power-pop
Can't Wait,Bob Dylan,0.8853,0.061,0.827,0.112,15,False,0.827,0.511,6,-15.485,0,0.0594,0.000929,0.246,0.152,0.494,143.067,club
Cocaine Blues,Bob Dylan,-0.8674,0.106,0.836,0.058,29,False,0.781,0.822,5,-4.628,0,0.0278,0.0549,0.00184,0.0778,0.976,108.996,disco
"Corrina, Corrina",Bob Dylan,0.6532,0.0,0.93,0.07,47,False,0.481,0.413,9,-8.688,1,0.0326,0.798,1.61e-05,0.0817,0.681,127.591,rockabilly
Dirge,Bob Dylan,-0.9131,0.154,0.739,0.107,22,False,0.368,0.911,1,-6.515,1,0.0936,0.015,0.652,0.0539,0.0565,147.733,black-metal
Eve Of Destruction,Bob Dylan,-0.9888,0.219,0.652,0.13,40,False,0.801,0.857,6,-5.775,0,0.0604,0.076,0.00458,0.0847,0.633,125.966,breakbeat
Got My Mind Made Up,Bob Dylan,0.7339,0.022,0.915,0.063,15,False,0.692,0.843,2,-6.031,1,0.0967,0.000138,0.801,0.12,0.159,172.075,drum-and-bass
I And I,Bob Dylan,0.4183,0.073,0.832,0.095,31,False,0.416,0.875,7,-5.69,0,0.129,0.000128,1.17e-06,0.162,0.357,149.948,hardcore
I'll Remember You,Bob Dylan,0.7606,0.102,0.773,0.125,53,False,0.468,0.298,4,-15.661,1,0.0286,0.845,0.044,0.249,0.36,78.127,rock-n-roll
Isis,Bob Dylan,0.9851,0.086,0.782,0.132,30,True,0.868,0.411,5,-10.347,0,0.535,0.7,0.0,0.311,0.349,109.688,dancehall
Bad Boys,Bob Marley,-0.9988,0.227,0.757,0.017,48,False,0.73,0.754,5,-6.417,0,0.0565,0.462,6.53e-05,0.388,0.62,95.048,house
Brand New Second Hand,Bob Marley,0.9536,0.172,0.601,0.227,25,False,0.719,0.627,7,-11.436,1,0.201,0.129,5.08e-06,0.127,0.815,74.76,dub
Caution,Bob Marley,0.7457,0.083,0.811,0.105,46,True,0.514,0.661,2,-5.485,0,0.246,0.45,0.0,0.171,0.483,80.605,emo
Crisis,Bob Marley,-0.9554,0.199,0.615,0.186,11,False,0.772,0.881,1,-5.039,1,0.0457,0.000702,0.0791,0.0756,0.342,130.019,breakbeat
Hammer,Bob Marley,0.56,0.0,0.975,0.025,51,False,0.486,0.878,0,-3.068,1,0.151,1.52e-05,0.533,0.124,0.205,180.008,drum-and-bass
I Know A Place,Bob Marley,0.99,0.036,0.802,0.163,30,False,0.222,0.954,0,-4.765,1,0.0617,0.338,0.0,0.439,0.831,174.13,garage
Judge Not,Bob Marley,-0.6041,0.071,0.882,0.046,31,False,0.642,0.877,7,-2.218,1,0.172,0.117,0.0,0.331,0.934,159.92,ska
Kaya,Bob Marley,0.1487,0.096,0.843,0.061,54,False,0.616,0.925,4,-5.137,0,0.0337,0.00221,0.817,0.178,0.298,118.974,deep-house
No Woman No Cry,Bob Marley,-0.9988,0.355,0.599,0.046,33,False,0.6,0.185,1,-16.663,1,0.0281,0.567,0.928,0.1,0.344,155.912,children
Put It On,Bob Marley,0.9844,0.074,0.599,0.327,64,False,0.711,0.62,11,-10.174,0,0.212,0.0175,0.0,0.134,0.805,179.817,hardcore
Simmer Down,Bob Marley,-0.661,0.059,0.9,0.041,22,False,0.393,0.924,0,-5.064,1,0.066,0.000139,0.00327,0.466,0.459,99.304,power-pop
Small Axe,Bob Marley,-0.9705,0.195,0.716,0.088,23,False,0.42,0.646,7,-7.615,1,0.032,0.105,0.0153,0.0609,0.877,142.209,bluegrass
Sun Is Shining,Bob Marley,0.9921,0.0,0.781,0.219,69,False,0.467,0.757,2,-3.01,1,0.0517,0.0866,0.0,0.0742,0.383,131.993,edm
Three Little Birds,Bob Marley,0.9925,0.01,0.741,0.249,78,False,0.826,0.49,9,-10.477,1,0.0676,0.00916,4.41e-06,0.0415,0.627,74.126,reggae
Against The Wind,Bob Seger,0.9748,0.037,0.866,0.097,67,False,0.674,0.771,7,-5.612,1,0.0246,0.28,0.0318,0.133,0.718,109.618,hard-rock
Are You,Bob Seger,0.9214,0.04,0.846,0.114,58,False,0.649,0.877,1,-7.629,0,0.0366,0.219,0.956,0.28,0.071,111.988,deep-house
Clutch,Bob Seger,-0.9817,0.158,0.81,0.032,37,False,0.655,0.813,10,-6.812,0,0.0537,0.0422,0.87,0.112,0.432,113.028,club
Fortunate Son,Bob Seger,-0.9495,0.172,0.772,0.055,0,False,0.64,0.663,0,-7.516,1,0.0373,0.201,0.00806,0.152,0.665,132.768,country
I Wonder,Bob Seger,0.903,0.0,0.874,0.126,43,False,0.765,0.522,11,-8.69,0,0.0763,0.079,0.000689,0.109,0.391,100.017,deep-house
Miami,Bob Seger,0.5984,0.055,0.851,0.094,42,True,0.938,0.438,1,-9.578,1,0.247,0.0157,0.0,0.0756,0.598,114.624,german
Need Ya,Bob Seger,0.9878,0.059,0.759,0.182,53,False,0.737,0.809,11,-6.185,0,0.0529,0.00545,0.445,0.486,0.589,124.049,deep-house
Night Moves,Bob Seger,-0.9259,0.105,0.852,0.043,72,False,0.705,0.743,1,-6.631,1,0.042,0.432,0.0133,0.103,0.374,118.552,hard-rock
The Mountain,Bob Seger,0.9587,0.093,0.723,0.184,62,False,0.492,0.932,10,-4.689,1,0.052,0.000572,4.75e-06,0.123,0.33,92.497,grunge
Wait For Me,Bob Seger,0.8176,0.076,0.797,0.127,49,False,0.465,0.739,10,-7.786,1,0.0648,0.00987,1.88e-06,0.373,0.0652,125.994,trance
Which Way,Bob Seger,0.6232,0.077,0.802,0.121,19,False,0.409,0.993,3,-1.943,1,0.112,1.31e-05,0.683,0.149,0.0693,114.983,black-metal
Won't Stop,Bob Seger,0.9315,0.085,0.763,0.151,43,False,0.384,0.568,6,-7.009,0,0.0278,0.379,0.0,0.122,0.3,91.96,piano
Blaze Of Glory,Bon Jovi,0.9922,0.119,0.662,0.219,56,False,0.541,0.704,7,-6.167,1,0.0324,0.0211,4.18e-05,0.143,0.416,78.797,hard-rock
Last Man Standing,Bon Jovi,0.8618,0.046,0.86,0.094,59,False,0.533,0.803,2,-6.702,0,0.0376,0.0447,0.0,0.392,0.165,109.998,goth
Letting You Go,Bon Jovi,-0.8698,0.158,0.757,0.084,58,False,0.459,0.903,5,-4.649,0,0.0673,0.00877,0.0,0.168,0.364,76.185,metalcore
Never Say Goodbye,Bon Jovi,0.9904,0.031,0.814,0.155,23,False,0.615,0.915,1,-3.56,0,0.0582,0.0394,0.0,0.243,0.354,105.001,j-dance
Bahama Mama,Boney M.,0.9688,0.082,0.773,0.145,43,False,0.863,0.791,6,-6.581,0,0.0505,0.0987,0.0118,0.0377,0.966,130.296,disco
Daddy Cool,Boney M.,0.9344,0.213,0.441,0.346,72,False,0.763,0.777,5,-6.932,0,0.0364,0.281,0.79,0.134,0.929,124.431,disco
Dreadlock Holiday,Boney M.,0.9901,0.165,0.617,0.219,69,False,0.837,0.38,7,-13.341,0,0.064,0.541,0.00789,0.198,0.892,104.995,blues
Felicidad,Boney M.,0.9582,0.016,0.843,0.142,0,False,0.744,0.666,0,-7.213,1,0.0507,0.00147,0.0,0.162,0.806,143.645,alt-rock
Have You Ever Seen The Rain,Boney M.,0.7259,0.0,0.948,0.052,1,False,0.741,0.697,0,-7.03,1,0.0277,0.0665,2.35e-05,0.133,0.774,116.109,country
Kalimba De Luna,Boney M.,0.2732,0.027,0.93,0.043,30,False,0.568,0.915,1,-10.533,0,0.032,0.00745,0.0111,0.0785,0.65,110.84,disco
Painter Man,Boney M.,-0.3071,0.05,0.876,0.074,40,False,0.624,0.803,0,-6.187,1,0.0873,0.0135,0.00839,0.214,0.962,129.094,disco
Rivers Of Babylon,Boney M.,-0.8779,0.12,0.791,0.088,43,False,0.73,0.75,0,-7.582,1,0.0341,6.24e-05,0.72,0.354,0.785,122.774,disco
Strange,Boney M.,0.9893,0.19,0.574,0.236,27,False,0.852,0.63,11,-6.453,1,0.0518,0.0445,0.0,0.151,0.541,87.079,dancehall
Bluebird,Bonnie Raitt,0.1779,0.076,0.851,0.073,59,False,0.448,0.111,10,-20.606,1,0.0353,0.991,0.898,0.0974,0.0755,74.76,ambient
Feels Like Home,Bonnie Raitt,0.8321,0.056,0.826,0.118,39,False,0.488,0.0563,5,-16.876,1,0.0355,0.893,2.53e-05,0.089,0.167,115.608,disney
Fool Yourself,Bonnie Raitt,-0.9302,0.165,0.739,0.096,22,False,0.471,0.781,2,-5.68,1,0.0492,0.0127,0.000668,0.0775,0.255,175.05,drum-and-bass
Million Miles,Bonnie Raitt,0.9822,0.005,0.875,0.12,50,False,0.616,0.716,4,-4.953,1,0.0566,0.0497,2.82e-05,0.689,0.419,128.034,progressive-house
Real Man,Bonnie Raitt,0.9267,0.101,0.759,0.14,55,False,0.587,0.818,3,-4.136,0,0.155,0.29,3.02e-06,0.11,0.886,191.637,dancehall
Rock Steady,Bonnie Raitt,0.9757,0.046,0.783,0.171,24,True,0.771,0.744,0,-11.456,1,0.108,0.0224,1.12e-05,0.474,0.591,89.994,breakbeat
Silver Lining,Bonnie Raitt,-0.8598,0.138,0.76,0.102,49,False,0.471,0.138,11,-23.623,1,0.0351,0.877,0.878,0.103,0.0493,135.934,ambient
Slow Ride,Bonnie Raitt,-0.9473,0.149,0.772,0.079,69,False,0.493,0.586,2,-13.916,1,0.046,0.0202,0.00106,0.102,0.656,113.618,blues
Storm Warning,Bonnie Raitt,-0.4091,0.131,0.751,0.118,0,False,0.483,0.844,2,-5.62,1,0.0833,0.0331,0.0,0.133,0.772,185.998,country
It's Not Over Yet,Bosson,0.9865,0.046,0.813,0.141,52,False,0.575,0.604,7,-7.223,1,0.0452,0.015,0.0,0.0725,0.517,74.974,world-music
I Don't Love You,Bread,-0.5405,0.177,0.671,0.151,73,False,0.289,0.796,0,-4.22,1,0.0494,0.00837,2.61e-05,0.202,0.33,169.835,emo
Nobody Like You,Bread,-0.9473,0.163,0.749,0.088,40,False,0.608,0.934,8,-7.437,1,0.0745,0.000791,0.0,0.378,0.438,124.036,world-music
Seventeen,Bread,0.9629,0.1,0.745,0.154,0,False,0.401,0.656,8,-5.62,1,0.0315,0.117,2.02e-05,0.107,0.27,156.133,country
Alien,Britney Spears,0.9984,0.027,0.579,0.394,41,False,0.529,0.995,6,-4.264,1,0.129,0.00866,0.0725,0.116,0.208,74.981,dubstep
Amnesia,Britney Spears,0.9856,0.047,0.82,0.133,44,False,0.541,0.915,11,-3.498,0,0.163,0.000514,0.467,0.329,0.0601,96.034,dubstep
Bella Notte,Britney Spears,0.9769,0.0,0.742,0.258,21,False,0.295,0.205,2,-8.163,1,0.0289,0.627,0.0,0.0653,0.408,93.288,club
Blur,Britney Spears,0.9076,0.083,0.756,0.161,57,False,0.747,0.789,0,-3.789,0,0.039,0.0651,2.42e-05,0.0727,0.646,118.035,chill
Do You Love Me?,Britney Spears,-0.374,0.136,0.751,0.113,20,False,0.355,0.207,0,-9.877,1,0.0589,0.911,4.54e-06,0.297,0.227,171.655,show-tunes
Everytime,Britney Spears,0.9493,0.071,0.755,0.174,48,False,0.699,0.894,10,-2.648,1,0.0321,0.0222,0.117,0.0667,0.33,99.994,club
Good Luck,Britney Spears,0.999,0.098,0.489,0.413,2,False,0.701,0.836,8,-6.093,1,0.051,0.0721,0.0,0.248,0.712,125.927,deep-house
Heart,Britney Spears,0.9888,0.044,0.809,0.147,53,False,0.366,0.254,0,-12.733,1,0.0314,0.827,0.000139,0.139,0.129,133.116,ambient
I'm A Slave 4 U,Britney Spears,0.9909,0.024,0.859,0.117,20,False,0.778,0.839,7,-7.795,1,0.0944,0.0852,0.000133,0.396,0.535,110.005,club
Passenger,Britney Spears,-0.5153,0.098,0.808,0.094,20,False,0.322,0.973,10,-2.313,1,0.0294,0.000194,0.152,0.128,0.23,172.896,drum-and-bass
Radar,Britney Spears,0.9732,0.007,0.929,0.064,18,False,0.575,0.771,2,-5.977,1,0.0395,0.199,0.00019,0.0882,0.696,77.394,afrobeat
American Beauty,Bruce Springsteen,0.9545,0.026,0.82,0.154,63,False,0.645,0.169,9,-15.744,1,0.0317,0.844,0.00019,0.109,0.178,167.826,acoustic
Because The Night,Bruce Springsteen,0.966,0.051,0.808,0.141,65,False,0.387,0.906,11,-5.353,0,0.0781,0.0463,5.07e-05,0.398,0.334,143.039,progressive-house
Dancing In The Dark,Bruce Springsteen,0.6721,0.093,0.799,0.108,1,False,0.629,0.486,8,-8.198,1,0.0305,0.497,0.0,0.117,0.382,122.011,latin
Dream Baby Dream,Bruce Springsteen,0.9985,0.016,0.662,0.321,20,False,0.393,0.803,5,-10.078,0,0.044,0.0116,0.725,0.106,0.169,131.455,club
High Hopes,Bruce Springsteen,0.9988,0.059,0.573,0.368,55,False,0.677,0.537,7,-6.287,1,0.0336,0.631,0.000413,0.136,0.299,93.996,deep-house
I'm On Fire,Bruce Springsteen,-0.89,0.165,0.754,0.081,74,False,0.62,0.446,1,-14.451,0,0.0347,0.589,0.0299,0.0727,0.868,88.591,singer-songwriter
Leah,Bruce Springsteen,0.0387,0.058,0.859,0.083,24,False,0.622,0.348,4,-10.334,1,0.0307,0.848,0.000212,0.064,0.424,102.527,rockabilly
Light Of Day,Bruce Springsteen,0.9642,0.049,0.819,0.132,0,False,0.549,0.619,1,-10.576,0,0.035,0.389,0.283,0.105,0.41,110.804,swedish
Loose Ends,Bruce Springsteen,0.9431,0.109,0.714,0.176,0,True,0.79,0.676,11,-6.952,0,0.32,0.166,1.3e-05,0.103,0.365,90.96,alternative
24K Magic,Bruno Mars,-0.8275,0.088,0.83,0.081,0,False,0.849,0.745,8,-5.975,1,0.087,0.0414,0.0,0.388,0.674,106.968,children
Billionaire,Bruno Mars,0.9808,0.066,0.8,0.134,47,False,0.791,0.721,6,-5.588,0,0.094,0.259,0.0,0.104,0.66,87.032,club
Chunky,Bruno Mars,0.0638,0.062,0.873,0.066,55,False,0.803,0.858,10,-4.019,1,0.0538,0.0111,0.096,0.0766,0.862,121.989,minimal-techno
Gorilla,Bruno Mars,0.9978,0.086,0.626,0.288,31,False,0.512,0.664,0,-8.132,1,0.402,0.496,0.000346,0.342,0.33,89.76,spanish
Innocent,Bruno Mars,-0.4438,0.162,0.696,0.142,25,False,0.393,0.896,1,-4.902,1,0.0671,0.000443,0.0,0.0774,0.793,177.981,grunge
Lights,Bruno Mars,0.9964,0.051,0.695,0.254,43,False,0.298,0.579,7,-5.425,1,0.0465,0.0588,0.0,0.115,0.131,160.067,dub
God Gave Me You,Bryan White,0.967,0.072,0.772,0.157,49,False,0.459,0.823,4,-6.481,1,0.037,0.00332,1.75e-05,0.189,0.55,152.062,acoustic
Heaven Sent,Bryan White,0.9716,0.074,0.647,0.278,27,False,0.615,0.312,2,-10.054,1,0.0301,0.727,8.29e-05,0.256,0.354,135.145,acoustic
Frank Sinatra,Cake,0.2263,0.045,0.91,0.044,2,False,0.866,0.847,10,-4.498,0,0.041,0.000937,0.0145,0.0549,0.644,124.841,electronic
Never Gonna Give You Up,Cake,0.989,0.037,0.813,0.15,0,False,0.557,0.665,6,-6.19,0,0.0328,0.321,0.000281,0.0713,0.437,75.803,alt-rock
Never There,Cake,0.9853,0.01,0.817,0.173,57,False,0.206,0.556,4,-9.347,0,0.0309,0.191,0.18,0.191,0.0386,86.927,metalcore
The Winter,Cake,-0.984,0.252,0.748,0.0,48,False,0.254,0.246,2,-14.722,0,0.0384,0.985,0.882,0.0983,0.12,201.608,ambient
Wheels,Cake,-0.3056,0.036,0.936,0.027,64,False,0.426,0.792,9,-4.709,1,0.0374,0.000495,5.1e-06,0.142,0.557,161.994,grunge
Come Back Home,Carly Simon,0.4019,0.065,0.865,0.07,21,False,0.52,0.845,0,-5.177,1,0.183,0.548,0.0,0.348,0.864,122.934,j-dance
Forgive,Carly Simon,0.8979,0.02,0.833,0.148,31,False,0.547,0.581,0,-7.32,1,0.0283,0.677,5.99e-05,0.226,0.684,88.813,bluegrass
Hush Little Baby,Carly Simon,0.25,0.033,0.91,0.057,28,False,0.739,0.183,5,-8.195,1,0.0302,0.752,0.0,0.0969,0.424,93.947,children
Not A Day Goes By,Carly Simon,-0.9815,0.211,0.751,0.038,27,True,0.381,0.957,0,-10.95,1,0.0622,9.87e-05,0.39,0.287,0.385,149.085,garage
Raining,Carly Simon,-0.1457,0.11,0.784,0.106,34,False,0.109,0.994,7,-10.557,1,0.0603,8.37e-06,0.0,0.278,0.0184,93.588,sleep
Safe And Sound,Carly Simon,0.3797,0.087,0.823,0.09,83,False,0.655,0.819,0,-4.852,1,0.0316,0.000176,0.00374,0.104,0.766,117.956,rock
Heaven Knows,Carol Banawa,0.9942,0.054,0.695,0.25,62,False,0.6,0.845,10,-7.076,1,0.0311,0.048,0.0,0.24,0.392,97.631,acoustic
I Have You,Carpenters,0.9802,0.051,0.75,0.199,6,False,0.731,0.753,10,-9.894,0,0.0425,0.0971,0.421,0.134,0.582,123.957,detroit-techno
Now,Carpenters,0.7415,0.124,0.724,0.152,21,False,0.454,0.929,1,-7.451,1,0.044,4.04e-05,0.755,0.836,0.607,159.045,industrial
Santa Claus Is Comin' To Town,Carpenters,0.9831,0.082,0.654,0.264,0,False,0.521,0.946,9,-2.188,1,0.0517,0.000439,0.0,0.0417,0.753,141.961,dance
When I Fall In Love,Carpenters,0.9955,0.016,0.654,0.33,26,False,0.327,0.279,8,-10.318,1,0.0291,0.928,0.000144,0.12,0.15,69.66,classical
Blue Monday,Cat Stevens,-0.7229,0.131,0.806,0.063,0,False,0.589,0.695,8,-8.109,1,0.0341,8.65e-05,3.6e-05,0.0778,0.938,129.837,electronic
Bonfire,Cat Stevens,-0.8702,0.186,0.652,0.162,17,False,0.41,0.624,4,-8.487,0,0.0448,0.29,2.79e-05,0.213,0.184,110.918,trip-hop
"If You Want To Sing Out, Sing Out",Cat Stevens,0.9853,0.029,0.793,0.177,61,False,0.687,0.284,0,-13.452,1,0.0355,0.791,0.0145,0.158,0.851,132.242,british
Mountain,Cat Stevens,0.9758,0.044,0.792,0.164,38,False,0.583,0.63,0,-11.301,1,0.0353,0.459,0.115,0.285,0.662,150.064,bluegrass
Oh Very Young,Cat Stevens,0.9672,0.054,0.807,0.139,59,False,0.728,0.413,9,-11.188,1,0.0372,0.696,0.000398,0.0861,0.655,111.038,british
Wild World,Cat Stevens,0.9967,0.103,0.618,0.279,77,False,0.48,0.542,0,-8.51,1,0.0348,0.345,0.000609,0.113,0.567,152.853,british
Christmas Eve,Celine Dion,0.9987,0.02,0.711,0.269,25,False,0.565,0.284,4,-10.222,1,0.0278,0.775,3.47e-06,0.105,0.241,136.014,bluegrass
Incredible,Celine Dion,0.9818,0.054,0.763,0.183,56,False,0.807,0.903,4,-11.09,1,0.113,0.211,3.13e-06,0.0565,0.94,165.034,drum-and-bass
Any Old Sunday,Chaka Khan,0.9856,0.076,0.669,0.255,0,False,0.641,0.622,5,-9.563,0,0.0288,0.32,0.000972,0.0807,0.75,90.022,disco
Don't Go To Strangers,Chaka Khan,0.9916,0.035,0.708,0.257,61,False,0.789,0.217,2,-20.727,0,0.0499,0.792,0.228,0.111,0.876,117.549,blues
Highlight,Chaka Khan,0.9718,0.075,0.677,0.248,40,True,0.637,0.62,4,-9.69,0,0.0479,0.614,0.00108,0.327,0.211,108.993,german
Own The Night,Chaka Khan,0.9745,0.007,0.833,0.16,44,True,0.58,0.914,1,-4.325,1,0.224,0.00802,0.0712,0.388,0.373,149.969,dub
Turn,Chaka Khan,0.9655,0.018,0.823,0.159,59,False,0.289,0.0434,5,-26.34,1,0.0384,0.98,0.912,0.0877,0.181,68.352,piano
Cry Baby,Cheap Trick,-0.9943,0.321,0.535,0.144,74,False,0.581,0.656,4,-4.891,0,0.0294,0.00269,2.78e-06,0.101,0.338,108.033,alt-rock
Dream Police,Cheap Trick,-0.0464,0.098,0.786,0.116,25,True,0.582,0.724,8,-5.173,1,0.923,0.813,0.0,0.949,0.626,83.571,comedy
Gonna Raise Hell,Cheap Trick,-0.9991,0.459,0.44,0.1,24,True,0.56,0.573,8,-6.597,1,0.94,0.844,0.0,0.705,0.557,79.438,comedy
Hard To Tell,Cheap Trick,-0.3956,0.077,0.838,0.085,27,False,0.567,0.674,7,-9.445,1,0.0511,0.627,8.16e-05,0.175,0.829,142.4,bluegrass
High Roller,Cheap Trick,0.9907,0.01,0.761,0.229,41,False,0.464,0.579,5,-9.136,1,0.0596,0.281,0.827,0.0992,0.14,171.752,breakbeat
I'm The Man,Cheap Trick,0.5722,0.089,0.8,0.111,0,False,0.484,0.969,9,-5.187,1,0.0545,0.00205,0.000714,0.161,0.647,173.478,power-pop
Name Of The Game,Cheap Trick,0.9414,0.061,0.827,0.112,50,True,0.522,0.933,1,-4.086,1,0.0544,0.000113,0.724,0.112,0.679,181.957,breakbeat
Perfect Stranger,Cheap Trick,-0.9962,0.2,0.775,0.025,55,False,0.605,0.649,5,-5.794,1,0.151,0.0253,0.0,0.136,0.547,126.029,deep-house
Through The Night,Cheap Trick,0.9957,0.007,0.763,0.23,56,False,0.511,0.672,9,-6.171,0,0.0571,0.0688,0.0047,0.121,0.253,150.029,hardstyle
Christmas (Baby Please Come Home),Cher,0.9961,0.01,0.721,0.268,0,False,0.437,0.878,0,-4.687,1,0.0452,0.0112,0.0,0.126,0.623,128.043,alt-rock
Flashback,Cher,-0.871,0.099,0.834,0.068,15,False,0.215,0.979,11,-4.228,1,0.0433,0.0114,0.00034,0.08,0.32,140.142,breakbeat
For What It's Worth,Cher,-0.9583,0.155,0.813,0.032,78,False,0.653,0.519,2,-10.164,1,0.0497,0.406,0.0209,0.101,0.822,98.883,blues
Here Comes That Rainy Day Feeling Again,Cher,0.8306,0.113,0.753,0.134,0,False,0.728,0.695,2,-9.058,0,0.0391,0.519,0.0,0.124,0.836,120.932,british
Little Man,Cher,0.4637,0.037,0.889,0.075,20,False,0.213,0.288,10,-18.519,0,0.0534,0.494,0.689,0.0888,0.0273,200.134,british
Beginnings,Chicago,0.9444,0.007,0.872,0.121,39,False,0.552,0.452,5,-13.85,0,0.0294,0.89,0.881,0.0893,0.0631,127.982,idm
Christmas Time Is Here,Chicago,0.9914,0.0,0.667,0.333,1,False,0.322,0.301,0,-11.993,1,0.0325,0.921,0.000799,0.168,0.234,74.518,country
Feliz Navidad,Chicago,0.9899,0.0,0.609,0.391,0,False,0.707,0.506,0,-9.218,1,0.175,0.48,0.000114,0.0491,0.924,157.755,children
God Save The Queen,Chicago,0.9518,0.019,0.812,0.169,63,False,0.304,0.901,9,-7.756,1,0.0602,0.00105,0.000376,0.158,0.541,147.199,punk-rock
Holdin' On,Chicago,0.8589,0.055,0.845,0.1,54,False,0.816,0.543,7,-8.495,0,0.0468,0.205,0.00322,0.104,0.189,122.029,groove
Introduction,Chicago,0.7717,0.082,0.775,0.143,27,True,0.317,0.869,7,-12.035,1,0.524,0.927,0.000869,0.957,0.119,116.889,comedy
Love Me Tomorrow,Chicago,0.9972,0.069,0.656,0.275,35,False,0.677,0.755,9,-5.427,0,0.0352,0.282,0.544,0.0733,0.282,126.017,club
My Own Best Friend,Chicago,0.9969,0.063,0.616,0.321,27,False,0.314,0.385,5,-11.808,1,0.0938,0.773,0.0,0.227,0.593,68.071,show-tunes
Only Love,Chicago,0.9451,0.1,0.734,0.166,40,False,0.675,0.676,2,-3.779,1,0.0265,0.469,5.69e-05,0.179,0.502,122.99,blues
Razzle Dazzle,Chicago,-0.7678,0.107,0.818,0.075,23,False,0.512,0.37,2,-9.38,1,0.0521,0.707,0.0,0.347,0.645,109.93,show-tunes
Five Little Ducks,Children,-0.8519,0.048,0.952,0.0,63,False,0.956,0.34,6,-10.195,0,0.0487,0.0614,0.0,0.0596,0.593,116.006,children
Banjo,Chris Brown,-0.9982,0.233,0.63,0.137,10,False,0.65,0.877,1,-6.046,1,0.0312,0.0134,0.866,0.0898,0.47,125.052,detroit-techno
Between The Lines,Chris Brown,-0.8975,0.096,0.858,0.046,47,False,0.738,0.63,6,-9.907,0,0.0332,0.235,0.894,0.265,0.603,89.995,study
Bomb,Chris Brown,-0.4695,0.085,0.818,0.097,16,False,0.808,0.678,1,-12.26,1,0.0653,0.00215,0.943,0.0572,0.072,128.001,minimal-techno
Bombs Away,Chris Brown,0.9984,0.062,0.684,0.253,51,False,0.577,0.938,2,-3.715,1,0.236,0.000346,9.92e-06,0.203,0.487,137.993,punk
Day One,Chris Brown,0.9859,0.051,0.848,0.1,1,False,0.674,0.603,10,-6.704,1,0.0452,0.267,0.0,0.108,0.524,121.969,country
Don't Judge Me,Chris Brown,0.9988,0.063,0.653,0.283,21,True,0.404,0.971,1,-7.395,0,0.0691,1.48e-06,0.076,0.0621,0.153,109.993,black-metal
Fatal Attraction,Chris Brown,-0.9704,0.162,0.747,0.09,35,False,0.59,0.758,0,-6.515,0,0.0382,0.0252,0.584,0.341,0.228,129.939,folk
Holding On,Chris Brown,0.9807,0.097,0.771,0.132,42,False,0.449,0.906,10,-5.702,0,0.0553,0.00843,0.0011,0.234,0.175,174.993,drum-and-bass
I'll Go,Chris Brown,0.9754,0.059,0.812,0.129,50,False,0.396,0.579,10,-7.733,1,0.0433,0.197,0.00905,0.0974,0.0587,150.105,dub
Driving Home For Christmas,Chris Rea,0.6059,0.0,0.968,0.032,0,False,0.569,0.526,9,-10.204,1,0.0285,0.709,0.00102,0.326,0.607,90.027,opera
Firefly,Chris Rea,0.836,0.032,0.837,0.131,27,False,0.546,0.889,4,-4.988,1,0.0615,0.0461,0.0,0.298,0.536,94.981,british
Good News,Chris Rea,0.9949,0.049,0.647,0.304,39,False,0.604,0.801,11,-4.164,1,0.224,0.148,0.0,0.907,0.537,117.963,gospel
Hey You,Chris Rea,0.9648,0.0,0.872,0.128,0,False,0.5,0.982,1,-3.496,1,0.0727,4.72e-05,4.28e-05,0.0447,0.507,103.033,alternative
I Don't Care Anymore,Chris Rea,-0.5505,0.193,0.669,0.139,52,False,0.465,0.673,4,-8.396,1,0.0355,0.212,0.605,0.136,0.62,134.986,grunge
Mississippi,Chris Rea,0.6808,0.0,0.926,0.074,43,False,0.899,0.389,8,-9.463,1,0.378,0.161,1.09e-05,0.141,0.366,88.0,k-pop
One Fine Day,Chris Rea,0.9304,0.031,0.828,0.141,29,False,0.457,0.602,6,-7.771,1,0.0346,0.49,0.0,0.499,0.904,89.271,rock-n-roll
Reasons,Chris Rea,0.9715,0.037,0.829,0.134,19,True,0.357,0.958,7,-2.997,1,0.0971,0.00016,1.16e-05,0.387,0.426,137.711,power-pop
Tennis,Chris Rea,0.9753,0.122,0.625,0.253,50,False,0.619,0.701,9,-11.653,1,0.0324,0.874,0.946,0.121,0.706,100.101,garage
Badass,Christina Aguilera,0.9992,0.027,0.696,0.278,50,False,0.712,0.285,8,-20.518,0,0.0809,0.291,0.733,0.106,0.261,91.402,sad
Best Of Me,Christina Aguilera,-0.9995,0.333,0.632,0.035,69,False,0.655,0.756,8,-4.388,1,0.07,0.0298,0.0,0.396,0.469,121.936,k-pop
Empty Words,Christina Aguilera,-0.6908,0.126,0.773,0.101,44,False,0.319,0.42,4,-18.041,1,0.0311,0.0814,0.454,0.171,0.196,151.972,trip-hop
Express,Christina Aguilera,0.9667,0.069,0.813,0.117,10,False,0.793,0.632,6,-13.029,0,0.0926,0.00114,0.889,0.0869,0.358,131.641,chicago-house
Fighter,Christina Aguilera,-0.9832,0.2,0.657,0.143,65,False,0.521,0.835,8,-3.717,0,0.0728,0.0259,0.00011,0.091,0.482,160.031,alt-rock
Our Day Will Come,Christina Aguilera,0.996,0.034,0.717,0.249,64,False,0.705,0.634,5,-6.083,0,0.0282,0.0405,3.53e-05,0.349,0.639,98.008,british
Vanity,Christina Aguilera,0.9037,0.169,0.628,0.203,27,False,0.607,0.664,6,-5.954,0,0.032,0.013,0.00972,0.164,0.482,89.174,dub
What Child Is This,Christina Aguilera,0.3818,0.061,0.861,0.078,0,False,0.346,0.202,5,-19.605,0,0.0337,0.968,0.922,0.17,0.508,86.555,jazz
Bang Bang Bang,Christina Perri,-0.9477,0.111,0.838,0.05,44,False,0.832,0.87,1,-5.328,1,0.0463,0.0575,0.0238,0.225,0.656,115.016,k-pop
Jar Of Hearts,Christina Perri,0.9889,0.034,0.81,0.157,44,False,0.277,0.402,5,-5.964,1,0.031,0.856,0.0,0.469,0.16,74.193,club
Sad Song,Christina Perri,0.5483,0.11,0.774,0.116,0,False,0.735,0.691,0,-6.475,1,0.0362,0.0876,0.0,0.34,0.548,110.018,dance
The Words,Christina Perri,0.9932,0.07,0.727,0.203,24,False,0.503,0.924,7,-4.135,0,0.0358,0.0274,0.0103,0.133,0.304,150.017,hardstyle
A Marshmallow World,Christmas Songs,0.9388,0.006,0.91,0.084,0,False,0.73,0.406,7,-10.209,1,0.0306,0.444,0.0,0.304,0.895,121.097,rockabilly
All I Want For Christmas Is My Two Front Teeth,Christmas Songs,0.9768,0.0,0.771,0.229,0,False,0.693,0.338,0,-6.372,1,0.0345,0.752,0.0,0.355,0.583,79.443,r-n-b
Give Love On Christmas Day,Christmas Songs,-0.7058,0.195,0.622,0.183,0,False,0.488,0.451,0,-8.381,1,0.026,0.65,0.0,0.0639,0.576,141.868,soul
Let There Be Peace On Earth,Christmas Songs,0.9826,0.012,0.712,0.276,0,False,0.453,0.139,6,-12.683,1,0.0302,0.806,3.11e-06,0.121,0.17,105.33,country
O Christmas Tree,Christmas Songs,0.9821,0.0,0.726,0.274,0,False,0.844,0.325,2,-9.443,1,0.0484,0.825,0.0,0.0629,0.401,110.002,children
"O Come, O Come, Emmanuel",Christmas Songs,0.9626,0.106,0.644,0.249,0,False,0.606,0.298,2,-11.326,0,0.0319,0.701,2.06e-06,0.13,0.174,118.907,bluegrass
Blackjack County Chains,Christy Moore,0.865,0.073,0.815,0.113,30,False,0.579,0.246,0,-11.706,0,0.0315,0.81,6.61e-05,0.117,0.607,138.742,bluegrass
So Do I,Christy Moore,0.9938,0.024,0.763,0.213,29,False,0.359,0.888,4,-6.037,1,0.0956,0.00449,0.71,0.158,0.803,156.645,garage
Whiskey In The Jar,Christy Moore,0.32,0.062,0.862,0.075,64,False,0.557,0.693,7,-11.044,1,0.0445,0.531,0.00141,0.196,0.747,127.531,blues
No Particular Place To Go,Chuck Berry,-0.7884,0.097,0.869,0.034,62,False,0.596,0.791,7,-8.88,1,0.0446,0.425,0.000295,0.0886,0.98,129.237,rock-n-roll
Promised Land,Chuck Berry,0.9578,0.053,0.817,0.13,55,False,0.718,0.93,7,-4.532,1,0.038,0.0026,0.0176,0.0363,0.697,128.736,chicago-house
Blood From A Stone,Cinderella,0.9547,0.118,0.73,0.152,25,False,0.527,0.941,8,-6.254,1,0.0795,0.0001,8.41e-05,0.168,0.393,105.003,industrial
Bankrobber,Clash,0.9771,0.117,0.658,0.225,14,False,0.699,0.881,7,-8.044,1,0.0651,0.00593,0.885,0.417,0.205,140.994,breakbeat
Four Horsemen,Clash,-0.9689,0.148,0.781,0.071,29,False,0.36,0.96,4,-3.517,0,0.0906,1.76e-05,0.856,0.0759,0.594,86.164,garage
Remote Control,Clash,-0.9313,0.137,0.778,0.086,26,False,0.519,0.964,7,-5.703,1,0.106,0.00891,0.0639,0.0929,0.418,150.05,hardstyle
Revolution Rock,Clash,-0.9521,0.165,0.764,0.071,39,False,0.53,0.973,0,-1.317,1,0.103,0.118,9.53e-05,0.0646,0.817,172.496,ska
A Girl Like You,Cliff Richard,0.9913,0.018,0.65,0.333,0,False,0.733,0.768,5,-4.481,1,0.0354,0.0197,1.03e-06,0.0643,0.83,105.006,country
First Date,Cliff Richard,0.996,0.065,0.643,0.292,62,False,0.732,0.303,4,-13.575,1,0.057,0.75,0.828,0.141,0.601,82.555,anime
I'll Follow You,Cliff Richard,0.5244,0.088,0.805,0.107,60,False,0.537,0.692,10,-4.159,1,0.0315,0.00193,0.0,0.114,0.286,125.037,grunge
In The Night,Cliff Richard,-0.9473,0.116,0.833,0.051,10,False,0.803,0.858,10,-9.847,0,0.0569,0.072,0.245,0.0901,0.881,122.333,chicago-house
Lessons In Love,Cliff Richard,0.9941,0.0,0.621,0.379,0,False,0.685,0.928,7,-4.968,1,0.0471,0.0901,0.000125,0.206,0.882,112.993,disco
Little Bitty Pretty One,Cliff Richard,0.99,0.085,0.622,0.293,32,False,0.803,0.467,10,-10.171,0,0.0752,0.789,0.28,0.0565,0.935,85.731,blues
Living Doll,Cliff Richard,0.4996,0.073,0.816,0.112,47,False,0.599,0.481,9,-7.412,1,0.0467,0.501,0.0,0.0982,0.772,62.573,rockabilly
Outsider,Cliff Richard,0.4215,0.067,0.839,0.094,54,False,0.526,0.885,6,-2.189,0,0.0657,0.017,0.0,0.146,0.847,171.92,anime
Amsterdam,Coldplay,-0.9927,0.21,0.774,0.016,67,False,0.553,0.429,3,-12.51,1,0.0283,0.921,0.135,0.115,0.532,152.047,folk
Atlas,Coldplay,-0.5267,0.092,0.855,0.054,1,False,0.545,0.792,3,-6.395,0,0.032,0.1,0.952,0.173,0.127,128.977,ambient
Charlie Brown,Coldplay,0.5719,0.066,0.838,0.096,42,False,0.458,0.754,2,-11.326,1,0.0906,0.368,2.44e-05,0.878,0.797,135.225,mpb
Christmas Lights,Coldplay,-0.8712,0.133,0.795,0.072,1,False,0.315,0.418,7,-9.146,1,0.0299,0.131,0.000679,0.0836,0.237,129.116,pop
Clocks,Coldplay,-0.7096,0.071,0.893,0.036,29,False,0.607,0.314,5,-15.652,0,0.0317,0.926,0.912,0.104,0.135,130.913,children
Hymn For The Weekend,Coldplay,-0.9874,0.172,0.791,0.037,53,False,0.367,0.675,0,-7.569,0,0.0697,0.359,0.406,0.145,0.371,81.933,electronic
In My Place,Coldplay,0.9792,0.051,0.734,0.215,32,False,0.517,0.275,9,-15.279,1,0.0301,0.948,0.937,0.0845,0.181,143.951,children
Hard Act To Follow,Conway Twitty,-0.4398,0.121,0.814,0.065,32,False,0.593,0.719,9,-4.783,1,0.0371,0.000606,0.00214,0.188,0.813,116.978,psych-rock
Heartaches By The Number,Conway Twitty,0.6497,0.091,0.756,0.153,44,False,0.515,0.603,10,-6.246,1,0.0318,0.639,0.0,0.121,0.892,127.151,honky-tonk
Hungry Eyes,Conway Twitty,0.8659,0.049,0.836,0.115,56,False,0.719,0.634,5,-7.331,1,0.0255,0.0186,0.0,0.108,0.591,110.597,disco
A Long December,Counting Crows,0.962,0.021,0.872,0.108,0,False,0.403,0.59,5,-5.941,1,0.0284,0.508,0.00548,0.272,0.393,141.649,alt-rock
High Life,Counting Crows,-0.8883,0.079,0.858,0.063,42,True,0.606,0.989,7,-0.929,1,0.0566,0.00569,0.124,0.276,0.408,129.99,dub
Lightning,Counting Crows,-0.9325,0.21,0.66,0.13,13,False,0.789,0.153,4,-16.963,1,0.0405,0.933,0.0173,0.111,0.298,115.391,honky-tonk
Sweet Home Alabama,Counting Crows,0.9879,0.044,0.749,0.208,2,False,0.614,0.724,7,-7.521,1,0.0247,0.217,0.000256,0.146,0.902,97.863,blues
Effigy,Creedence Clearwater Revival,-0.9013,0.142,0.858,0.0,23,False,0.515,0.972,4,-2.953,1,0.0543,0.000245,0.893,0.0733,0.627,151.018,power-pop
Looking For A Reason,Creedence Clearwater Revival,0.8381,0.033,0.831,0.135,22,False,0.599,0.681,9,-9.474,1,0.0359,0.577,0.0504,0.0847,0.863,121.144,bluegrass
Up Around The Bend,Creedence Clearwater Revival,0.9389,0.009,0.869,0.122,38,False,0.464,0.927,7,-4.514,1,0.0697,0.00677,2.71e-06,0.366,0.718,140.108,hard-rock
Don't Dream It's Over,Crowded House,-0.9851,0.166,0.805,0.029,1,False,0.433,0.73,8,-4.934,1,0.0315,0.0824,2.03e-06,0.105,0.348,84.142,folk
I Am In Love,Crowded House,0.9933,0.07,0.661,0.269,55,False,0.702,0.694,2,-5.74,1,0.0286,0.685,5.96e-05,0.168,0.76,130.024,indian
Mr. Tambourine Man,Crowded House,0.6717,0.111,0.765,0.124,64,False,0.39,0.31,5,-14.545,1,0.0676,0.794,0.0,0.379,0.584,177.515,country
Never Be The Same,Crowded House,-0.9357,0.163,0.759,0.078,45,False,0.504,0.87,4,-4.828,1,0.0449,0.0164,0.0,0.125,0.276,127.997,dubstep
Do You Really Want To Hurt Me,Culture Club,-0.0438,0.183,0.624,0.193,41,False,0.74,0.408,4,-12.99,0,0.0326,0.139,0.0,0.0936,0.38,100.495,synth-pop
Everything I Own,Culture Club,0.8922,0.037,0.833,0.13,70,False,0.365,0.338,2,-13.406,1,0.0322,0.735,0.0,0.104,0.446,79.241,folk
Karma Chameleon,Culture Club,0.9969,0.032,0.714,0.254,61,False,0.661,0.552,10,-12.385,1,0.0337,0.214,0.0,0.206,0.928,92.056,disco
Love Is Love,Culture Club,0.9991,0.021,0.571,0.408,43,False,0.766,0.765,5,-3.014,1,0.0856,0.562,0.0,0.0972,0.696,99.96,deep-house
Move Away,Culture Club,0.9901,0.088,0.655,0.257,24,False,0.675,0.698,5,-10.963,1,0.0411,0.163,1.31e-05,0.338,0.872,132.19,synth-pop
The Crying Game,Culture Club,0.8962,0.092,0.755,0.152,57,False,0.598,0.43,4,-16.621,0,0.0303,0.132,0.274,0.151,0.46,100.012,synth-pop
The Dream,Culture Club,0.9774,0.055,0.605,0.34,19,False,0.376,0.966,4,-1.684,1,0.146,0.0396,0.000183,0.326,0.215,156.127,hardstyle
Broken Glass,Cyndi Lauper,0.1024,0.144,0.701,0.155,14,False,0.604,0.869,10,-5.585,0,0.0475,0.000845,0.663,0.453,0.539,103.01,breakbeat
Cold,Cyndi Lauper,0.9664,0.051,0.815,0.134,0,False,0.457,0.962,0,-3.722,1,0.0495,0.000455,0.00271,0.319,0.721,150.039,alt-rock
Dancing With A Stranger,Cyndi Lauper,0.8702,0.044,0.882,0.074,43,False,0.595,0.18,9,-11.391,1,0.0298,0.89,0.0,0.113,0.261,79.922,acoustic
Edge Of The Earth,Cyndi Lauper,0.9366,0.024,0.894,0.082,51,False,0.522,0.921,1,-4.717,1,0.0473,0.000105,0.585,0.313,0.241,110.088,grunge
Rocking Chair,Cyndi Lauper,0.8024,0.007,0.946,0.047,41,True,0.719,0.715,4,-5.96,0,0.324,0.263,0.0,0.357,0.366,128.874,french
Searching,Cyndi Lauper,0.2095,0.125,0.734,0.141,16,False,0.552,0.424,8,-6.649,1,0.0722,0.604,0.0,0.0849,0.596,204.128,afrobeat
Steady,Cyndi Lauper,-0.4549,0.149,0.735,0.116,55,False,0.735,0.511,10,-5.734,0,0.109,0.392,0.0021,0.119,0.755,94.972,dancehall
Strawberry Fields Forever,Cyndi Lauper,-0.8685,0.104,0.854,0.043,48,False,0.383,0.558,11,-10.319,1,0.0514,0.0303,3.98e-05,0.555,0.207,102.508,british
True Colors,Cyndi Lauper,0.999,0.039,0.59,0.371,70,False,0.397,0.207,0,-13.155,1,0.0331,0.701,3.07e-05,0.116,0.268,171.282,disco
When You Were Mine,Cyndi Lauper,-0.9965,0.254,0.7,0.046,7,False,0.516,0.833,9,-7.09,1,0.0331,0.0707,8.77e-06,0.258,0.802,92.863,club
Wide Open,Cyndi Lauper,0.9255,0.077,0.775,0.148,52,False,0.607,0.593,7,-9.291,1,0.0259,0.102,0.32,0.183,0.207,124.014,breakbeat
You Don't Know,Cyndi Lauper,0.7894,0.104,0.762,0.134,55,False,0.655,0.345,10,-10.025,1,0.0868,0.356,0.0,0.1,0.614,125.981,chill
Rhythm Of The Rain,Dan Fogelberg,-0.9114,0.164,0.724,0.112,0,False,0.761,0.561,4,-12.306,1,0.0354,0.129,7.71e-06,0.0833,0.966,117.483,rock-n-roll
Bartender,Dave Matthews Band,0.9834,0.045,0.773,0.181,24,False,0.67,0.812,1,-5.826,0,0.0582,0.00302,3.25e-06,0.075,0.414,96.13,industrial
Crush,Dave Matthews Band,0.9901,0.094,0.713,0.193,65,False,0.401,0.504,5,-8.579,1,0.0252,0.0884,0.757,0.11,0.285,98.357,ambient
Rapunzel,Dave Matthews Band,0.9922,0.108,0.69,0.202,0,False,0.643,0.857,5,-4.218,1,0.0294,0.123,0.0,0.531,0.698,123.009,party
Rooftop,Dave Matthews Band,0.9007,0.074,0.735,0.19,43,False,0.63,0.225,8,-17.199,0,0.0897,0.902,0.9,0.117,0.268,76.972,study
Spaceman,Dave Matthews Band,0.999,0.116,0.579,0.305,20,False,0.439,0.971,3,-4.157,1,0.105,6.89e-05,0.00442,0.208,0.35,74.906,black-metal
Trouble With You,Dave Matthews Band,-0.9779,0.179,0.735,0.086,42,False,0.764,0.646,6,-6.919,1,0.0403,0.254,0.0,0.113,0.434,96.041,country
Warehouse,Dave Matthews Band,0.9964,0.06,0.756,0.184,42,False,0.554,0.8,0,-6.059,0,0.0299,0.00696,0.00467,0.0817,0.244,127.977,trance
Call Me The Breeze,David Allan Coe,0.9097,0.024,0.832,0.145,63,False,0.814,0.418,11,-15.372,1,0.0382,0.75,0.0116,0.099,0.842,91.658,blues
Child Of God,David Allan Coe,0.9786,0.029,0.725,0.247,21,False,0.428,0.972,6,-2.544,1,0.1,0.282,0.0201,0.371,0.24,155.072,hardstyle
Tennessee Whiskey,David Allan Coe,0.995,0.015,0.682,0.302,81,False,0.392,0.37,9,-10.888,1,0.0298,0.205,0.0096,0.0821,0.512,48.718,country
What Can I Do,David Allan Coe,0.7213,0.116,0.735,0.148,38,False,0.518,0.812,7,-7.155,1,0.0503,0.215,0.00752,0.144,0.0753,119.968,dub
Ashes To Ashes,David Bowie,0.9892,0.1,0.674,0.226,16,False,0.362,0.395,9,-15.398,1,0.0401,0.151,0.835,0.112,0.0288,99.993,german
Big Brother,David Bowie,-0.1182,0.144,0.705,0.151,24,True,0.323,0.902,9,-6.034,1,0.11,0.000528,0.00663,0.161,0.407,147.309,industrial
Everything's Alright,David Bowie,0.9985,0.067,0.554,0.379,59,True,0.863,0.611,7,-9.613,1,0.158,0.00347,0.000159,0.0865,0.0518,104.959,anime
Fashion,David Bowie,-0.9675,0.098,0.886,0.015,19,False,0.691,0.955,7,-6.174,1,0.0818,4.33e-05,0.787,0.1,0.499,164.844,breakbeat
Down Down Down,David Guetta,0.9874,0.04,0.776,0.185,44,False,0.673,0.819,5,-5.377,0,0.147,0.141,0.0113,0.234,0.342,75.982,hardstyle
Hey Mama,David Guetta,0.9964,0.068,0.738,0.194,46,False,0.596,0.73,9,-4.091,1,0.151,0.24,0.0,0.325,0.524,85.979,edm
Louder Than Words,David Guetta,0.8643,0.066,0.813,0.122,55,False,0.333,0.581,8,-5.497,1,0.0324,0.0994,0.0,0.772,0.42,95.202,show-tunes
Love Is Gone,David Guetta,0.994,0.111,0.657,0.232,67,False,0.452,0.465,4,-10.006,0,0.0344,0.0589,0.000524,0.095,0.0832,149.586,dance
Everybody Loves Somebody,Dean Martin,0.9934,0.013,0.698,0.29,68,False,0.366,0.391,3,-12.322,1,0.0425,0.854,0.0,0.352,0.461,119.182,jazz
Five Foot Two Eyes Of Blue,Dean Martin,0.9886,0.0,0.797,0.203,11,False,0.744,0.815,11,-7.938,0,0.043,0.729,0.931,0.0863,0.942,103.533,honky-tonk
Glow Worm,Dean Martin,0.8887,0.019,0.877,0.104,20,False,0.526,0.959,9,-2.592,1,0.0581,0.00667,0.865,0.728,0.184,174.032,drum-and-bass
Heart Over Mind,Dean Martin,0.9928,0.069,0.691,0.24,15,False,0.404,0.579,8,-7.472,1,0.0356,0.667,0.000579,0.361,0.839,133.248,honky-tonk
Let It Snow!,Dean Martin,0.958,0.131,0.67,0.199,24,False,0.491,0.063,5,-20.831,1,0.0382,0.991,0.929,0.104,0.195,65.867,disney
Crystal Mountain,Death,-0.7612,0.138,0.745,0.116,50,False,0.261,0.979,7,-6.218,1,0.221,4.48e-05,0.0014,0.374,0.362,175.866,death-metal
Low Life,Death,-0.9598,0.193,0.728,0.079,24,True,0.391,0.975,1,-2.308,1,0.0971,0.000119,2.12e-05,0.403,0.286,111.111,death-metal
Mutilation,Death,-0.9991,0.568,0.387,0.044,20,False,0.165,0.911,11,-6.797,0,0.0874,1.09e-06,0.734,0.111,0.226,110.226,death-metal
Sacrificial,Death,-0.9971,0.503,0.458,0.039,58,False,0.552,0.564,7,-5.941,1,0.0415,0.0686,0.0131,0.34,0.321,164.952,electronic
Symbolic,Death,0.9903,0.044,0.763,0.193,0,False,0.288,0.982,6,-7.034,0,0.269,6.65e-05,0.0123,0.163,0.127,163.469,death-metal
The Philosopher,Death,-0.5606,0.077,0.871,0.052,49,False,0.329,0.923,6,-6.02,0,0.0794,6.41e-06,0.021,0.0644,0.498,132.677,death-metal
Together As One,Death,-0.9803,0.258,0.685,0.057,57,False,0.537,0.892,8,-3.613,1,0.0361,0.103,3.03e-05,0.126,0.525,150.092,hardstyle
Anthem,Deep Purple,-0.2596,0.128,0.747,0.124,0,False,0.45,0.96,9,-5.479,1,0.687,0.00317,0.000708,0.13,0.159,149.685,electronic
Don't Hold Your Breath,Deep Purple,-0.974,0.159,0.789,0.052,23,False,0.353,0.671,7,-8.974,0,0.0389,0.121,0.279,0.166,0.305,149.603,industrial
Highway Star,Deep Purple,0.9423,0.067,0.785,0.148,50,False,0.252,0.874,9,-6.596,0,0.0602,0.00307,0.014,0.122,0.377,172.804,psych-rock
Love Conquers All,Deep Purple,0.9754,0.073,0.707,0.22,46,False,0.233,0.42,9,-8.104,0,0.0286,0.264,8.7e-05,0.0884,0.0704,107.779,psych-rock
"River Deep, Mountain High",Deep Purple,0.9991,0.042,0.549,0.409,52,False,0.325,0.855,8,-4.603,1,0.0755,0.0563,0.000299,0.298,0.497,167.538,club
Silver Tongue,Deep Purple,-0.9743,0.208,0.762,0.03,52,False,0.427,0.93,1,-5.988,1,0.0745,1.12e-05,3.22e-05,0.439,0.345,140.934,grunge
Sometimes I Feel Like Screaming,Deep Purple,0.9696,0.063,0.777,0.16,42,False,0.467,0.704,0,-8.313,1,0.0293,0.00623,0.107,0.0861,0.188,89.658,psych-rock
Super Trouper,Deep Purple,0.7525,0.099,0.752,0.15,47,False,0.774,0.175,4,-15.697,1,0.0579,0.955,0.93,0.108,0.514,100.019,guitar
Time To Kill,Deep Purple,-0.9601,0.171,0.724,0.105,29,True,0.445,0.971,9,-2.964,1,0.0379,1.72e-05,0.0211,0.382,0.743,98.001,power-pop
Truth Hurts,Deep Purple,-0.2521,0.214,0.582,0.204,1,True,0.715,0.622,4,-3.046,0,0.111,0.11,0.0,0.123,0.407,158.088,hip-hop
Wasted Sunsets,Deep Purple,-0.3612,0.086,0.84,0.074,47,False,0.374,0.67,7,-7.694,1,0.0307,0.0156,0.000414,0.0924,0.362,136.548,psych-rock
Burnout,Def Leppard,0.9796,0.103,0.718,0.179,21,True,0.384,0.993,11,-2.134,1,0.266,0.000211,0.154,0.0889,0.261,171.968,death-metal
Hallucinate,Def Leppard,0.9393,0.014,0.878,0.108,54,False,0.492,0.948,5,-4.531,1,0.137,0.000582,0.000288,0.166,0.112,134.026,metalcore
Have You Ever Needed Someone So Bad,Def Leppard,0.6144,0.146,0.69,0.163,56,False,0.497,0.726,4,-8.335,1,0.0272,0.0489,8.99e-06,0.049,0.735,136.792,hard-rock
Hysteria,Def Leppard,0.9045,0.123,0.685,0.192,35,False,0.414,0.975,1,-2.331,1,0.27,0.00741,0.871,0.191,0.206,150.063,dubstep
It Don't Matter,Def Leppard,0.8177,0.141,0.779,0.08,1,False,0.713,0.373,5,-11.386,0,0.174,0.547,0.00117,0.08,0.606,89.933,alternative
Overture,Def Leppard,0.8201,0.049,0.868,0.083,46,False,0.355,0.074,2,-17.67,1,0.0317,0.976,0.928,0.0892,0.0605,77.003,ambient
Photograph,Def Leppard,0.9873,0.027,0.795,0.179,67,False,0.717,0.32,3,-8.393,1,0.0283,0.83,0.0,0.107,0.322,107.946,acoustic
See The Light,Def Leppard,0.9747,0.011,0.876,0.113,64,False,0.728,0.796,4,-5.33,1,0.0461,0.162,9.28e-06,0.196,0.691,117.925,singer-songwriter
Undefeated,Def Leppard,0.8979,0.103,0.786,0.111,26,True,0.332,0.988,7,-5.591,1,0.0962,7.4e-05,0.0088,0.367,0.344,200.11,death-metal
Women,Def Leppard,0.994,0.054,0.742,0.205,0,False,0.259,0.197,0,-20.717,0,0.0376,0.816,0.906,0.0781,0.0378,90.128,iranian
Work It Out,Def Leppard,-0.9468,0.099,0.858,0.043,39,False,0.845,0.73,0,-5.377,1,0.0356,0.275,0.0,0.135,0.864,107.011,blues
You Can't Always Get What You Want,Def Leppard,0.9886,0.057,0.749,0.194,68,False,0.32,0.62,0,-9.686,1,0.0594,0.64,6.36e-05,0.253,0.472,86.327,british
Catch Me,Demi Lovato,0.9925,0.12,0.646,0.234,46,True,0.742,0.393,7,-7.659,0,0.0406,0.598,0.0,0.084,0.518,69.314,soul
Don't Forget,Demi Lovato,0.3945,0.22,0.607,0.173,56,False,0.65,0.252,0,-10.939,1,0.046,0.522,0.879,0.106,0.332,170.028,jazz
Hold Up,Demi Lovato,0.9616,0.111,0.705,0.183,10,False,0.691,0.927,0,-4.137,1,0.0929,0.000109,0.272,0.121,0.753,175.06,breakbeat
La La Land,Demi Lovato,0.8627,0.021,0.884,0.095,21,False,0.574,0.0353,3,-18.692,1,0.195,0.993,0.95,0.117,0.185,135.356,disney
Middle,Demi Lovato,0.8087,0.069,0.815,0.116,0,False,0.585,0.73,1,-4.038,0,0.0406,0.0171,0.0,0.0488,0.222,104.824,dance
Never Been Hurt,Demi Lovato,0.6321,0.237,0.506,0.257,40,False,0.773,0.85,1,-3.595,1,0.213,0.0751,2.5e-05,0.0939,0.579,125.051,dubstep
Shadow,Demi Lovato,0.9194,0.011,0.89,0.1,60,False,0.786,0.718,0,-6.292,0,0.04,0.00519,0.000977,0.127,0.525,123.951,deep-house
Stronger,Demi Lovato,0.8928,0.077,0.815,0.108,66,False,0.563,0.678,2,-4.717,0,0.0392,0.0228,0.0,0.342,0.134,127.883,alt-rock
This Is Me,Demi Lovato,-0.9564,0.124,0.807,0.069,9,False,0.451,0.669,0,-4.121,1,0.0434,0.463,0.0,0.499,0.42,96.001,kids
What To Do,Demi Lovato,0.8352,0.0,0.97,0.03,27,False,0.411,0.957,9,-6.182,1,0.0651,0.2,0.797,0.522,0.55,113.311,garage
Wonderful Christmas Time,Demi Lovato,0.9914,0.0,0.737,0.263,0,False,0.669,0.623,1,-6.224,1,0.0239,0.0645,0.00353,0.0641,0.24,96.999,soul
Wrong,Demi Lovato,0.8955,0.139,0.675,0.186,52,False,0.797,0.539,10,-11.198,0,0.0489,0.00155,0.215,0.12,0.551,123.232,trip-hop
Comatose,Depeche Mode,0.6866,0.065,0.802,0.133,67,False,0.359,0.955,4,-2.323,0,0.12,0.00116,0.0,0.349,0.446,170.033,alt-rock
I Am You,Depeche Mode,-0.9919,0.316,0.609,0.076,22,False,0.451,0.988,9,-5.03,1,0.157,0.000108,0.514,0.19,0.308,106.261,power-pop
Light,Depeche Mode,0.9785,0.015,0.793,0.192,48,False,0.512,0.359,9,-11.59,1,0.0277,0.567,0.0226,0.13,0.132,129.83,acoustic
Martyr,Depeche Mode,0.9655,0.126,0.645,0.229,13,False,0.242,0.988,9,-4.047,0,0.201,0.00099,0.823,0.371,0.0604,204.77,grindcore
Told You So,Depeche Mode,-0.9628,0.177,0.791,0.032,17,False,0.779,0.937,2,-5.314,0,0.0385,0.0762,2.17e-06,0.776,0.91,101.873,breakbeat
Welcome To My World,Depeche Mode,0.6908,0.139,0.684,0.178,19,False,0.67,0.276,0,-15.737,1,0.0471,0.787,0.466,0.118,0.798,167.957,british
Are You Ready?,Devo,0.9798,0.035,0.721,0.244,59,False,0.841,0.519,8,-9.814,0,0.0475,0.0694,0.0,0.0672,0.132,106.97,sad
Going Under,Devo,0.743,0.035,0.866,0.099,48,False,0.466,0.994,7,-2.112,0,0.123,0.00146,0.000122,0.362,0.0578,160.019,hardstyle
Growing Pains,Devo,-0.7191,0.187,0.689,0.123,1,False,0.606,0.735,11,-4.676,0,0.0349,0.0738,0.0,0.243,0.604,81.997,country
Let's Talk,Devo,-0.4404,0.07,0.853,0.077,39,False,0.285,0.48,10,-9.526,1,0.0306,0.0787,8.97e-06,0.101,0.149,74.901,synth-pop
Mexican Radio,Devo,0.347,0.019,0.953,0.028,8,False,0.242,0.931,7,-7.779,1,0.0777,9.83e-06,0.0792,0.0371,0.424,178.937,black-metal
Ohio,Devo,0.8555,0.021,0.846,0.133,26,False,0.615,0.872,2,-6.214,1,0.0337,0.047,0.000121,0.107,0.964,101.045,bluegrass
Peek-A-Boo,Devo,0.6547,0.047,0.859,0.094,67,False,0.839,0.902,1,-3.612,0,0.0536,0.0868,0.00257,0.272,0.639,114.953,k-pop
Secret Agent Man,Devo,-0.7096,0.122,0.761,0.117,28,False,0.711,0.443,9,-12.866,1,0.067,0.0917,0.0444,0.0826,0.743,150.77,synth-pop
Some Things Never Change,Devo,0.8316,0.074,0.795,0.13,67,False,0.566,0.543,5,-4.485,1,0.0314,0.613,0.0,0.106,0.299,89.937,disney
The Satisfied Mind,Devo,0.9957,0.064,0.621,0.315,23,False,0.721,0.634,0,-10.721,1,0.0353,0.0755,5.51e-06,0.107,0.798,143.053,synth-pop
Through Being Cool,Devo,-0.6901,0.109,0.829,0.063,31,False,0.546,0.934,10,-4.451,1,0.0368,0.00365,0.0,0.2,0.701,97.844,hardcore
What I Must Do,Devo,0.9079,0.042,0.817,0.141,22,False,0.787,0.601,7,-15.31,1,0.0415,0.127,0.44,0.13,0.634,149.005,synth-pop
Kosong,Dewa 19,0.0,0.0,1.0,0.0,34,False,0.498,0.996,2,-0.866,1,0.127,0.000955,3.61e-05,0.319,0.184,74.988,hardcore
Baby Love,Diana Ross,0.999,0.106,0.474,0.42,32,False,0.723,0.706,3,-4.417,1,0.0644,0.104,0.0,0.422,0.585,90.919,dancehall
Experience,Diana Ross,0.976,0.1,0.751,0.148,79,False,0.447,0.449,2,-10.634,1,0.0376,0.934,0.961,0.0697,0.036,92.468,ambient
I'm Coming Out,Diana Ross,0.9587,0.031,0.81,0.159,1,False,0.741,0.92,5,-4.457,1,0.0516,0.182,0.122,0.0903,0.739,110.141,disco
I'm Still Waiting,Diana Ross,0.9965,0.101,0.629,0.269,27,False,0.718,0.679,7,-4.91,1,0.0469,0.382,0.00145,0.0863,0.695,84.675,dub
Love On The Line,Diana Ross,0.9987,0.13,0.589,0.281,45,False,0.236,0.503,7,-6.555,1,0.0307,0.0925,0.0,0.269,0.0688,172.203,world-music
Mr. Lee,Diana Ross,0.9698,0.0,0.917,0.083,36,False,0.493,0.602,5,-9.836,1,0.334,0.607,1.82e-06,0.122,0.872,203.334,blues
Angel Of Mercy,Dire Straits,0.9981,0.057,0.598,0.345,29,False,0.4,0.674,9,-6.308,0,0.0299,0.0684,4.62e-06,0.113,0.288,153.89,groove
News,Dire Straits,-0.5837,0.125,0.768,0.107,23,False,0.467,0.944,2,-9.398,0,0.891,0.859,1.43e-06,0.664,0.0762,88.67,comedy
Sultans Of Swing,Dire Straits,0.9652,0.039,0.851,0.11,81,False,0.733,0.794,5,-10.023,1,0.0307,0.0614,0.0367,0.33,0.931,148.174,rock
When It Comes To You,Dire Straits,-0.9231,0.162,0.776,0.061,43,False,0.611,0.649,10,-6.095,0,0.133,0.0115,0.0,0.0641,0.72,100.118,dancehall
All You Need,Divine,0.9846,0.028,0.83,0.142,38,False,0.689,0.635,1,-4.244,1,0.0299,0.58,0.0,0.127,0.332,91.931,disney
Because I Love You,Dolly Parton,0.9929,0.046,0.604,0.35,50,False,0.577,0.49,11,-7.262,1,0.0248,0.328,5.99e-05,0.14,0.422,102.048,rock-n-roll
Burning,Dolly Parton,0.9896,0.044,0.741,0.215,51,False,0.232,0.164,6,-16.952,0,0.0417,0.984,0.95,0.075,0.0378,131.065,ambient
Cologne,Dolly Parton,0.968,0.084,0.793,0.123,1,False,0.842,0.658,1,-6.135,0,0.0736,0.0601,0.00163,0.0571,0.761,126.037,edm
Don't Let Me Cross Over,Dolly Parton,-0.9378,0.214,0.637,0.149,42,False,0.59,0.188,7,-12.253,1,0.0302,0.871,0.0,0.0877,0.521,113.907,honky-tonk
Land Of The Living,Don Henley,0.3844,0.047,0.863,0.089,55,False,0.512,0.384,5,-8.799,1,0.0331,0.512,0.000193,0.128,0.289,121.992,british
Passin' Thru,Don Henley,0.979,0.168,0.612,0.22,25,False,0.508,0.77,0,-5.659,1,0.0289,0.202,0.00866,0.0672,0.853,128.186,bluegrass
Shakey Ground,Don Henley,0.6994,0.107,0.724,0.169,20,False,0.579,0.317,0,-14.671,1,0.0413,0.773,0.0103,0.152,0.673,114.641,power-pop
The Boys Of Summer,Don Henley,0.996,0.032,0.777,0.191,1,False,0.516,0.775,6,-6.409,1,0.0412,0.396,0.00129,0.21,0.858,177.401,country
And I Love You So,Don McLean,0.9489,0.12,0.693,0.187,57,False,0.415,0.22,8,-17.47,1,0.0261,0.878,0.651,0.125,0.268,90.267,j-pop
Believers,Don McLean,-0.1747,0.125,0.77,0.105,61,False,0.649,0.69,8,-5.384,0,0.0296,0.0247,0.0,0.161,0.593,104.04,electro
Hit Parade Of Love,Don McLean,0.9977,0.032,0.701,0.267,25,False,0.599,0.695,10,-9.18,1,0.0303,0.39,0.000234,0.195,0.965,140.158,bluegrass
Since I Don't Have You,Don McLean,-0.8698,0.187,0.729,0.083,41,False,0.256,0.579,6,-8.146,1,0.046,0.489,0.000226,0.117,0.254,70.968,hard-rock
Sitting On Top Of The World,Don McLean,0.9755,0.05,0.774,0.177,25,False,0.582,0.715,0,-9.654,1,0.0329,0.421,0.000277,0.32,0.843,150.814,bluegrass
That's All Right,Don McLean,0.5027,0.051,0.881,0.068,59,False,0.655,0.405,2,-9.825,1,0.036,0.808,1.33e-06,0.116,0.696,105.272,rock-n-roll
Vincent,Don McLean,-0.351,0.112,0.784,0.105,69,False,0.419,0.085,7,-19.387,1,0.0362,0.908,5.33e-06,0.34,0.458,91.509,folk
Thank You Lord,Don Moen,0.9994,0.025,0.573,0.401,45,False,0.714,0.44,2,-10.676,1,0.0953,0.319,0.000148,0.0685,0.532,91.997,afrobeat
You Are My Everything,Don Moen,0.9432,0.0,0.875,0.125,62,False,0.343,0.499,6,-5.121,1,0.0387,0.665,0.0,0.119,0.104,131.076,k-pop
Christmas Is Here,Donna Summer,0.9983,0.019,0.627,0.353,1,False,0.219,0.281,0,-9.79,1,0.0322,0.796,0.0,0.0773,0.301,183.446,world-music
Eyes,Donna Summer,0.8566,0.022,0.893,0.085,28,False,0.725,0.645,2,-7.407,1,0.0614,0.468,0.0,0.15,0.522,172.043,sad
I Believe In Jesus,Donna Summer,-0.1822,0.073,0.844,0.083,40,False,0.457,0.435,8,-7.299,1,0.0277,0.262,0.0,0.103,0.312,75.997,world-music
Last Dance,Donna Summer,0.0772,0.15,0.687,0.162,52,False,0.505,0.104,0,-31.753,0,0.0495,0.994,0.966,0.0827,0.255,125.251,ambient
Looking Up,Donna Summer,0.9866,0.064,0.757,0.179,60,False,0.741,0.739,0,-6.5,1,0.0428,0.0499,0.0,0.391,0.696,125.956,progressive-house
Protection,Donna Summer,0.9845,0.075,0.754,0.171,44,False,0.156,0.901,6,-8.03,1,0.0562,1.99e-05,0.806,0.035,0.171,145.627,black-metal
Carry Me Away,Doobie Brothers,-0.1779,0.07,0.876,0.054,66,False,0.677,0.713,4,-6.626,1,0.0288,0.0117,0.15,0.0952,0.744,119.997,singer-songwriter
One By One,Doobie Brothers,0.2023,0.02,0.945,0.034,24,False,0.409,0.942,11,-4.472,0,0.0848,0.000608,0.0729,0.123,0.141,92.459,goth
Wrong Number,Doobie Brothers,-0.9773,0.193,0.718,0.09,15,False,0.537,0.306,0,-15.521,1,0.0295,0.837,0.000251,0.294,0.575,93.46,honky-tonk
Back Door Man,Doors,0.963,0.0,0.811,0.189,54,False,0.476,0.612,9,-7.01,1,0.0335,0.287,0.000252,0.0877,0.909,177.233,psych-rock
End Of The Night,Doors,0.9898,0.0,0.729,0.271,57,True,0.666,0.72,9,-4.483,1,0.0269,0.371,0.0,0.0793,0.312,99.97,edm
Heroin,Doors,-0.9855,0.185,0.695,0.12,57,False,0.201,0.777,1,-10.167,1,0.0705,0.304,0.78,0.0981,0.235,145.733,psych-rock
Lament,Doors,-0.99,0.261,0.585,0.154,22,False,0.464,0.211,2,-19.716,0,0.0387,0.916,0.506,0.0819,0.271,105.729,ambient
Love Her Madly,Doors,-0.9977,0.39,0.55,0.06,65,False,0.565,0.587,4,-7.393,0,0.0317,0.0573,0.00493,0.0416,0.966,147.462,psych-rock
People Are Strange,Doors,-0.992,0.373,0.627,0.0,73,False,0.699,0.467,4,-8.578,0,0.0375,0.685,0.0,0.315,0.764,119.287,psych-rock
Roadhouse Blues,Doors,0.9738,0.011,0.838,0.15,71,False,0.623,0.633,9,-8.212,1,0.0304,0.336,4.6e-05,0.147,0.895,121.119,psych-rock
Rock Is Dead,Doors,0.9822,0.203,0.574,0.222,60,True,0.509,0.91,11,-6.531,0,0.038,8.78e-06,0.102,0.404,0.358,101.174,industrial
Soul Kitchen,Doors,0.9381,0.056,0.791,0.153,64,False,0.679,0.443,9,-7.376,1,0.0394,0.33,0.0,0.0533,0.609,115.843,psych-rock
The Ghost Song,Doors,0.9927,0.064,0.701,0.235,45,False,0.746,0.473,2,-14.567,0,0.142,0.375,0.00562,0.0629,0.247,110.527,psych-rock
The Hitchhiker,Doors,-0.9645,0.173,0.716,0.11,22,False,0.514,0.64,0,-8.265,1,0.0353,0.202,0.00217,0.31,0.609,143.926,bluegrass
No,Doris Day,0.0258,0.114,0.776,0.109,32,True,0.913,0.541,0,-12.502,1,0.0902,0.00772,0.546,0.175,0.527,125.036,detroit-techno
Teacher's Pet,Doris Day,0.7418,0.122,0.706,0.172,76,True,0.686,0.794,7,-6.136,0,0.0385,0.27,2.25e-05,0.125,0.532,140.952,electro
Toyland,Doris Day,0.9849,0.0,0.692,0.308,31,False,0.265,0.28,10,-10.714,1,0.0342,0.348,0.567,0.0638,0.48,149.022,disney
9,Drake,0.9901,0.125,0.664,0.212,39,True,0.934,0.548,1,-7.89,0,0.224,0.0334,0.0,0.0621,0.455,105.042,turkish
Fake Love,Drake,0.9915,0.114,0.678,0.208,18,False,0.919,0.712,1,-8.471,1,0.278,0.0594,0.0319,0.13,0.684,151.945,club
Find Your Love,Drake,0.9971,0.041,0.69,0.269,15,False,0.537,0.895,1,-4.47,0,0.0539,0.00347,0.333,0.0803,0.678,173.973,drum-and-bass
Hype,Drake,-0.9872,0.134,0.778,0.088,35,False,0.585,0.947,6,-7.122,1,0.0768,7.93e-05,0.794,0.112,0.493,132.989,minimal-techno
Legend,Drake,-0.96,0.134,0.748,0.118,71,False,0.601,0.757,2,-3.341,1,0.028,0.0139,8.85e-05,0.0727,0.462,82.001,alt-rock
Notice Me,Drake,-0.9655,0.183,0.686,0.131,47,True,0.75,0.842,11,-7.092,0,0.177,0.0618,0.0,0.0822,0.577,128.025,anime
Redemption,Drake,0.9978,0.066,0.744,0.19,28,False,0.658,0.678,4,-6.807,1,0.0284,0.00897,0.0,0.0914,0.63,131.976,acoustic
Slow It Down,Drake,0.985,0.0,0.892,0.108,48,True,0.534,0.904,11,-4.159,0,0.0712,0.00541,0.647,0.158,0.0999,149.883,dub
Unstoppable,Drake,-0.9212,0.156,0.716,0.128,73,False,0.485,0.843,1,-3.993,0,0.0467,0.00129,1.01e-05,0.14,0.602,78.001,alt-rock
Lie,Dream Theater,0.9448,0.1,0.739,0.161,70,False,0.541,0.779,6,-5.581,0,0.033,0.00338,0.0,0.177,0.501,94.069,k-pop
Never Enough,Dream Theater,-0.0413,0.129,0.753,0.119,52,False,0.513,0.696,7,-6.533,0,0.0336,0.132,3.65e-05,0.117,0.0883,104.952,anime
The Mirror,Dream Theater,-0.9793,0.161,0.746,0.093,22,False,0.499,0.947,9,-1.804,1,0.26,0.0699,0.00589,0.0668,0.508,158.005,hardstyle
This Is The Life,Dream Theater,0.9745,0.105,0.7,0.195,75,False,0.628,0.882,1,-5.024,0,0.0323,0.259,0.0,0.065,0.853,95.083,singer-songwriter
All I See Is You,Dusty Springfield,0.9866,0.039,0.782,0.179,37,False,0.486,0.788,7,-3.774,0,0.0355,0.0247,0.0,0.0666,0.237,130.018,trance
Be Somebody,Dusty Springfield,0.9928,0.024,0.777,0.199,63,False,0.457,0.669,6,-5.792,0,0.0288,0.0296,0.0,0.142,0.312,93.987,alt-rock
Beautiful Soul,Dusty Springfield,0.9758,0.104,0.629,0.268,62,False,0.483,0.506,9,-6.058,1,0.0347,0.394,0.0,0.0946,0.705,87.337,acoustic
Daydreaming,Dusty Springfield,-0.975,0.099,0.846,0.056,55,False,0.897,0.387,10,-6.941,1,0.0511,0.511,1.34e-05,0.109,0.839,118.899,chill
Heart And Soul,Dusty Springfield,0.9793,0.0,0.913,0.087,29,False,0.601,0.568,0,-9.323,1,0.03,0.81,0.672,0.141,0.899,106.688,honky-tonk
Morning,Dusty Springfield,0.9799,0.144,0.587,0.269,54,False,0.573,0.341,7,-11.324,1,0.0327,0.854,0.0436,0.107,0.334,128.989,bluegrass
Reputation,Dusty Springfield,0.9736,0.139,0.678,0.183,0,False,0.765,0.852,2,-5.463,1,0.248,0.0334,0.000584,0.663,0.397,122.96,deep-house
Love Will Keep Us Alive,Eagles,0.9339,0.154,0.633,0.213,66,False,0.658,0.374,9,-11.684,1,0.026,0.721,1.28e-05,0.112,0.367,98.892,country
Still Got The Blues,Eagles,0.9738,0.089,0.738,0.173,68,False,0.189,0.39,9,-14.497,0,0.0353,0.257,0.000152,0.122,0.32,169.563,blues
You Are Not Alone,Eagles,-0.1949,0.155,0.672,0.173,67,False,0.651,0.402,11,-9.303,1,0.028,0.639,7.73e-05,0.0765,0.258,119.873,soul
Bloodstream,Ed Sheeran,0.9593,0.054,0.828,0.118,57,False,0.701,0.463,6,-7.212,0,0.0416,0.357,0.00306,0.073,0.352,139.941,british
Don't,Ed Sheeran,0.9986,0.043,0.771,0.186,60,False,0.738,0.288,2,-8.721,0,0.0332,0.411,0.0,0.107,0.311,79.975,chill
Faces,Ed Sheeran,-0.9914,0.145,0.777,0.078,21,False,0.39,0.837,4,-5.979,0,0.0496,0.00644,0.0213,0.499,0.045,146.087,hardstyle
Paralyzed,Ed Sheeran,-0.9719,0.234,0.683,0.083,44,False,0.539,0.871,9,-4.263,1,0.0549,0.0027,0.00338,0.16,0.144,140.015,dub
Pony,Ed Sheeran,-0.2263,0.019,0.958,0.023,73,True,0.749,0.605,8,-9.359,0,0.086,0.00186,0.0381,0.115,0.966,142.024,soul
Sunburn,Ed Sheeran,-0.9646,0.145,0.783,0.073,0,False,0.501,0.795,4,-7.147,0,0.0298,0.00279,0.00028,0.105,0.544,93.556,alt-rock
Thinking Out Loud,Ed Sheeran,0.9975,0.046,0.731,0.223,23,False,0.737,0.836,5,-8.039,0,0.0442,0.379,4.57e-06,0.305,0.853,105.994,rockabilly
This,Ed Sheeran,0.7269,0.02,0.921,0.059,58,False,0.489,0.298,6,-8.119,1,0.0357,0.861,0.0,0.105,0.185,106.519,british
"Live Fast, Love Hard, Die Young",Eddie Cochran,0.9842,0.163,0.617,0.22,47,False,0.583,0.567,4,-9.705,1,0.038,0.661,0.0,0.0648,0.957,162.556,honky-tonk
Sixteen Tons,Eddie Cochran,-0.7717,0.094,0.849,0.057,59,False,0.667,0.25,11,-18.533,1,0.217,0.757,0.0,0.25,0.412,144.145,bluegrass
Three Steps To Heaven,Eddie Cochran,0.9559,0.054,0.728,0.218,25,False,0.675,0.366,10,-12.542,1,0.0309,0.419,0.0,0.0583,0.964,131.666,rockabilly
Alright,Electric Light Orchestra,0.9805,0.055,0.706,0.24,11,False,0.719,0.456,5,-9.82,0,0.0306,0.0253,0.00224,0.156,0.69,113.938,chicago-house
Every Night,Electric Light Orchestra,0.8454,0.067,0.811,0.122,23,False,0.22,0.872,8,-5.388,1,0.0461,0.00048,0.000186,0.0541,0.414,177.017,power-pop
So Fine,Electric Light Orchestra,0.9902,0.0,0.633,0.367,10,False,0.751,0.742,5,-5.749,0,0.0363,0.00168,0.0134,0.11,0.54,118.013,breakbeat
Steppin' Out,Electric Light Orchestra,0.6007,0.032,0.91,0.058,58,False,0.584,0.474,11,-9.431,1,0.0296,0.0366,0.000363,0.0518,0.651,160.173,power-pop
Twilight,Electric Light Orchestra,-0.9153,0.077,0.893,0.03,18,False,0.635,0.939,10,-3.411,0,0.0792,4.19e-05,0.868,0.278,0.466,175.961,breakbeat
What?,Electric Light Orchestra,0.2344,0.112,0.759,0.13,35,False,0.551,0.976,10,-2.796,1,0.0647,0.00257,0.000191,0.328,0.826,139.995,hard-rock
Wild Tiger Woman,Electric Light Orchestra,-0.8169,0.122,0.784,0.095,26,False,0.531,0.829,5,-3.642,0,0.124,0.03,0.000531,0.0774,0.847,165.841,power-pop
Beginner's Luck,Ella Fitzgerald,0.9988,0.01,0.625,0.366,58,False,0.561,0.573,8,-10.104,0,0.0488,0.606,0.854,0.218,0.243,81.979,garage
Dedicated To You,Ella Fitzgerald,0.9908,0.0,0.768,0.232,0,False,0.435,0.0533,8,-17.549,1,0.0324,0.96,0.000227,0.121,0.139,61.64,jazz
Ding-Dong! The Witch Is Dead,Ella Fitzgerald,-0.9987,0.37,0.565,0.064,0,False,0.626,0.248,11,-12.898,0,0.061,0.827,0.0,0.0965,0.639,80.542,blues
How Long Will I Love You,Ellie Goulding,0.9349,0.0,0.889,0.111,55,False,0.382,0.157,1,-16.157,1,0.0361,0.878,0.000473,0.112,0.224,136.11,acoustic
Joy,Ellie Goulding,0.8658,0.098,0.774,0.128,27,False,0.787,0.798,9,-9.715,0,0.047,0.0039,0.938,0.0282,0.515,115.994,deep-house
Let It Die,Ellie Goulding,0.2628,0.163,0.647,0.19,46,False,0.577,0.869,2,-5.305,0,0.205,0.44,2.99e-06,0.0721,0.696,119.939,edm
Love Me Like You Do,Ellie Goulding,0.9998,0.037,0.492,0.47,55,False,0.45,0.254,4,-9.873,1,0.0414,0.827,0.0,0.204,0.248,92.644,acoustic
On My Mind,Ellie Goulding,0.9904,0.052,0.828,0.12,0,False,0.745,0.845,0,-4.028,0,0.045,0.0826,3.31e-05,0.0577,0.783,122.053,deep-house
Starry Eyed,Ellie Goulding,0.7579,0.0,0.968,0.032,4,False,0.51,0.816,5,-5.331,0,0.0352,0.13,8.66e-06,0.224,0.588,149.929,dance
Stay Awake,Ellie Goulding,0.9912,0.012,0.822,0.167,22,False,0.321,0.0554,10,-18.243,1,0.0382,0.934,0.000164,0.0883,0.116,110.835,new-age
The Greatest,Ellie Goulding,0.9982,0.121,0.581,0.298,20,False,0.519,0.832,6,-6.467,1,0.384,0.338,0.0,0.451,0.806,150.476,j-dance
Under Control,Ellie Goulding,0.9942,0.046,0.746,0.208,58,False,0.406,0.72,1,-4.647,1,0.0291,0.354,0.795,0.0541,0.641,91.336,garage
Crocodile Rock,Elton John,-0.9096,0.084,0.863,0.053,10,False,0.651,0.888,11,-5.741,0,0.0383,0.00363,3.62e-06,0.135,0.945,149.058,kids
Ego,Elton John,0.3437,0.085,0.826,0.089,50,False,0.748,0.752,5,-6.828,0,0.0705,0.0185,5.41e-06,0.118,0.73,86.005,french
High Flying Bird,Elton John,0.0405,0.084,0.831,0.085,50,False,0.528,0.479,6,-9.771,0,0.0298,0.522,0.0,0.104,0.7,118.475,psych-rock
I Fall Apart,Elton John,-0.9936,0.182,0.788,0.03,54,False,0.362,0.614,7,-13.297,0,0.0961,0.107,0.0012,0.123,0.664,79.432,blues
I Guess That's Why They Call It The Blues,Elton John,0.9731,0.032,0.769,0.199,70,False,0.673,0.663,0,-7.29,1,0.0269,0.217,0.017,0.177,0.671,120.634,piano
I Think I'm Going To Kill Myself,Elton John,-0.9469,0.189,0.715,0.096,57,False,0.627,0.539,0,-8.226,1,0.0274,0.526,3.61e-06,0.129,0.718,137.598,piano
I'm Still Standing,Elton John,0.9549,0.131,0.642,0.227,84,False,0.504,0.904,6,-6.863,1,0.179,0.356,0.121,0.14,0.772,176.808,piano
Blue Chair,Elvis Costello,0.6369,0.073,0.836,0.092,21,False,0.613,0.652,2,-7.214,1,0.0291,0.534,0.0,0.0874,0.703,117.293,power-pop
Busy Bodies,Elvis Costello,0.9078,0.039,0.858,0.103,22,False,0.45,0.768,2,-10.697,1,0.0367,0.0706,0.00115,0.311,0.838,137.932,power-pop
Chemistry Class,Elvis Costello,0.983,0.023,0.791,0.186,21,False,0.681,0.557,2,-12.225,1,0.0251,0.227,0.00111,0.0886,0.796,111.38,power-pop
Fallen,Elvis Costello,0.8558,0.14,0.666,0.194,51,False,0.431,0.863,9,-2.476,0,0.0576,0.0201,9.42e-05,0.189,0.15,155.02,hardstyle
I'm Not Angry,Elvis Costello,0.12,0.152,0.669,0.179,22,False,0.547,0.823,1,-8.579,0,0.0693,0.159,0.119,0.325,0.729,139.38,power-pop
A Little Less Conversation,Elvis Presley,0.9618,0.051,0.803,0.146,59,False,0.584,0.802,2,-8.03,1,0.0784,0.149,0.0,0.0683,0.835,114.172,rock-n-roll
Are You Lonesome Tonight?,Elvis Presley,-0.6118,0.139,0.738,0.123,56,False,0.433,0.0748,0,-19.351,1,0.049,0.92,0.00104,0.105,0.193,73.093,rock-n-roll
Blue Moon Of Kentucky,Elvis Presley,0.9393,0.0,0.906,0.094,13,False,0.596,0.608,9,-6.024,1,0.0339,0.398,0.000303,0.059,0.702,113.528,honky-tonk
Do Not Disturb,Elvis Presley,0.9797,0.037,0.708,0.255,38,False,0.518,0.964,2,-5.769,1,0.0475,0.00274,0.778,0.221,0.0501,109.989,club
El Toro,Elvis Presley,-0.9933,0.272,0.694,0.034,42,False,0.67,0.521,10,-13.571,1,0.119,0.122,0.742,0.315,0.788,95.868,folk
Follow That Dream,Elvis Presley,0.9957,0.014,0.695,0.291,23,False,0.607,0.137,2,-12.426,1,0.0571,0.756,1.78e-06,0.12,0.473,134.286,show-tunes
Backstabber,Eminem,0.9932,0.138,0.677,0.185,16,False,0.341,0.829,7,-9.149,1,0.0619,6.14e-05,0.0586,0.244,0.72,107.799,grindcore
Bully,Eminem,-0.9991,0.218,0.704,0.078,31,False,0.519,0.969,6,-2.34,0,0.0662,9.03e-05,0.0,0.111,0.48,77.011,grunge
GOAT,Eminem,-0.853,0.106,0.859,0.035,64,False,0.724,0.728,4,-4.146,0,0.218,0.0459,5.84e-06,0.122,0.47,172.059,hip-hop
Insane,Eminem,-0.9919,0.139,0.809,0.052,58,True,0.806,0.405,6,-11.277,0,0.0727,0.508,0.0915,0.104,0.329,119.961,chill
Lose Yourself,Eminem,-0.9289,0.122,0.779,0.099,41,False,0.554,0.872,2,-5.657,1,0.12,0.00836,0.542,0.243,0.429,170.007,turkish
Angel Band,Emmylou Harris,0.5719,0.065,0.826,0.109,21,False,0.516,0.123,11,-14.693,1,0.0295,0.863,0.0,0.296,0.384,81.945,bluegrass
Beneath Still Waters,Emmylou Harris,0.2732,0.192,0.621,0.187,12,False,0.48,0.13,8,-15.977,1,0.0289,0.548,0.000105,0.127,0.448,82.184,honky-tonk
Burn That Candle,Emmylou Harris,0.7964,0.0,0.938,0.062,10,False,0.825,0.347,5,-15.343,1,0.0537,0.839,0.000649,0.352,0.973,114.833,honky-tonk
Can You Hear Me Now,Emmylou Harris,0.7543,0.061,0.837,0.102,54,False,0.596,0.781,5,-6.493,0,0.0408,0.0131,0.00123,0.178,0.155,143.936,alt-rock
Christmas Time's A-Coming,Emmylou Harris,0.9081,0.0,0.937,0.063,0,False,0.715,0.404,11,-9.706,1,0.0262,0.583,0.0,0.115,0.709,104.438,country
Jordan,Emmylou Harris,0.9923,0.016,0.801,0.183,35,False,0.548,0.942,9,-5.057,0,0.0679,0.00272,0.477,0.141,0.347,119.954,hardcore
Lost On The River,Emmylou Harris,-0.743,0.201,0.675,0.124,20,False,0.525,0.362,9,-10.791,1,0.0324,0.854,1.61e-05,0.602,0.613,148.394,honky-tonk
Love's Gonna Live Here,Emmylou Harris,-0.1102,0.063,0.891,0.046,13,False,0.657,0.625,9,-8.94,1,0.0298,0.628,0.00781,0.191,0.867,107.111,honky-tonk
Maybe Tonight,Emmylou Harris,0.9747,0.148,0.63,0.221,22,False,0.468,0.331,2,-12.49,1,0.0363,0.228,0.0,0.091,0.677,168.805,power-pop
Funny Familiar Forgotten Feelings,Engelbert Humperdinck,0.9841,0.104,0.612,0.284,0,False,0.453,0.495,11,-7.86,1,0.0281,0.663,0.0,0.13,0.427,85.852,british
Il Mondo,Engelbert Humperdinck,0.9935,0.0,0.762,0.238,51,False,0.275,0.501,4,-7.744,1,0.0367,0.809,0.0,0.368,0.219,75.567,opera
Say Goodnight,Engelbert Humperdinck,0.4276,0.085,0.811,0.104,37,False,0.248,0.965,2,-4.57,0,0.0721,0.000167,0.000135,0.0957,0.366,116.206,metalcore
Goodbye Milky Way,Enigma,0.3628,0.084,0.842,0.073,48,False,0.429,0.523,3,-8.702,1,0.0265,0.122,0.0189,0.251,0.301,79.996,new-age
Gravity Of Love,Enigma,0.9199,0.027,0.868,0.105,53,False,0.572,0.747,1,-9.941,0,0.0432,0.139,0.354,0.208,0.424,140.057,new-age
Mea Culpa,Enigma,0.6705,0.064,0.839,0.097,55,False,0.556,0.762,11,-14.145,0,0.0478,0.0225,0.61,0.362,0.332,109.995,new-age
Morphing Thru Time,Enigma,0.25,0.029,0.935,0.036,46,False,0.256,0.617,4,-9.386,0,0.0465,0.0952,0.0949,0.579,0.18,147.782,new-age
Prism Of Life,Enigma,0.9438,0.072,0.764,0.164,43,False,0.501,0.4,7,-12.231,1,0.032,0.772,0.0264,0.629,0.143,113.99,new-age
Return To Innocence,Enigma,0.9386,0.111,0.638,0.251,66,False,0.476,0.584,10,-12.357,1,0.038,0.119,0.0,0.274,0.417,88.026,new-age
Shadows In Silence,Enigma,0.9204,0.097,0.733,0.17,45,False,0.541,0.467,7,-16.06,0,0.0294,0.549,0.964,0.131,0.464,139.998,new-age
Silent Warrior,Enigma,0.9045,0.124,0.703,0.173,42,False,0.531,0.682,3,-14.591,0,0.064,0.1,0.000528,0.453,0.372,170.018,new-age
The Child In Us,Enigma,0.8401,0.016,0.876,0.108,57,False,0.488,0.708,9,-11.577,1,0.0407,0.17,0.272,0.222,0.431,90.051,new-age
The Same Parents,Enigma,-0.8686,0.179,0.72,0.102,42,False,0.671,0.571,0,-9.207,0,0.0346,0.267,0.177,0.113,0.519,120.212,new-age
Touchness,Enigma,0.9837,0.0,0.697,0.303,41,False,0.387,0.565,0,-8.186,0,0.0599,0.0722,0.74,0.181,0.228,177.399,new-age
Be Yourself,Enrique Iglesias,0.504,0.095,0.797,0.108,72,False,0.423,0.845,11,-3.509,0,0.0559,0.143,5.07e-06,0.213,0.317,116.602,alt-rock
Dirty Dancer,Enrique Iglesias,-0.9997,0.455,0.454,0.091,55,False,0.651,0.939,11,-3.606,1,0.0774,0.00604,0.0,0.139,0.733,133.05,latin
Do You Know? (The Ping Pong Song),Enrique Iglesias,0.9569,0.013,0.896,0.09,55,False,0.755,0.765,8,-4.328,1,0.0486,0.0503,0.0,0.0326,0.691,114.993,latin
Don't You Forget About Me,Enrique Iglesias,0.2387,0.088,0.8,0.112,55,False,0.654,0.71,2,-7.07,1,0.0243,0.00791,0.0217,0.18,0.471,111.011,synth-pop
Forgiveness,Enrique Iglesias,-0.9483,0.128,0.793,0.079,18,False,0.496,0.594,5,-7.131,0,0.294,0.437,0.0,0.244,0.73,172.031,afrobeat
Heart Attack,Enrique Iglesias,0.1536,0.125,0.732,0.143,78,False,0.504,0.785,8,-4.802,1,0.104,0.0738,0.0,0.239,0.502,173.968,dance
Exile,Enya,0.3049,0.04,0.905,0.055,18,False,0.269,0.913,9,-3.77,1,0.158,6.77e-06,0.54,0.319,0.37,139.399,grindcore
A Little Respect,Erasure,0.9693,0.134,0.676,0.19,22,False,0.58,0.812,0,-7.401,1,0.0256,0.0529,9.36e-06,0.316,0.655,114.085,synth-pop
Grace,Erasure,0.9822,0.105,0.709,0.186,61,False,0.32,0.373,2,-11.963,0,0.0432,0.563,0.931,0.318,0.0669,66.011,chill
Nothing Lasts Forever,Erasure,0.8208,0.087,0.793,0.12,0,False,0.467,0.444,10,-7.181,1,0.0602,0.365,0.0,0.158,0.187,173.823,country
Perchance To Dream,Erasure,0.959,0.067,0.786,0.147,22,False,0.24,0.138,3,-20.625,1,0.0391,0.935,0.544,0.103,0.17,84.235,new-age
Rapture,Erasure,0.9179,0.044,0.859,0.097,57,False,0.503,0.675,10,-6.782,0,0.254,0.0466,0.0,0.147,0.645,99.284,dancehall
Video Killed The Radio Star,Erasure,-0.9977,0.274,0.711,0.015,72,False,0.68,0.678,1,-11.548,1,0.0754,0.103,0.00828,0.204,0.251,131.165,synth-pop
Walking In The Rain,Erasure,0.9865,0.08,0.684,0.236,22,False,0.816,0.79,11,-6.719,0,0.0327,0.0233,0.302,0.0783,0.885,131.613,synth-pop
Bad Influence,Eric Clapton,-0.9264,0.182,0.68,0.138,63,True,0.861,0.508,0,-10.648,0,0.176,0.586,0.323,0.109,0.728,96.909,dancehall
Bad Love,Eric Clapton,0.9517,0.103,0.683,0.214,45,False,0.646,0.877,1,-5.228,1,0.313,0.0115,0.000259,0.108,0.649,104.101,dancehall
Running Away,Erik Santos,0.8192,0.072,0.811,0.117,55,False,0.514,0.819,9,-5.475,0,0.0418,0.00101,1.67e-06,0.195,0.488,100.4,grunge
So Real,Erik Santos,0.9929,0.0,0.721,0.279,29,False,0.647,0.383,7,-10.596,0,0.228,0.0767,1.36e-06,0.129,0.354,82.872,dub
Tears In Heaven,Erik Santos,0.9924,0.025,0.696,0.279,49,False,0.747,0.0926,8,-11.531,1,0.0308,0.921,0.0,0.112,0.328,77.94,acoustic
Your Love,Erik Santos,0.9984,0.021,0.697,0.282,42,False,0.795,0.719,6,-4.791,1,0.0642,0.115,0.0051,0.0525,0.958,110.02,afrobeat
A Sunday Kind Of Love,Etta James,0.989,0.017,0.723,0.26,0,False,0.434,0.3,0,-8.768,1,0.0286,0.832,0.0,0.143,0.481,84.899,blues
Hickory Dickory Dock,Etta James,0.3291,0.065,0.873,0.062,56,False,0.851,0.377,0,-11.197,1,0.085,0.817,0.00413,0.0437,0.734,119.963,children
Just A Little Bit,Etta James,0.9866,0.097,0.663,0.24,65,False,0.441,0.59,0,-5.615,1,0.0514,0.242,0.0,0.349,0.411,84.633,anime
Love Letters,Etta James,0.9948,0.0,0.574,0.426,16,False,0.669,0.796,11,-14.849,1,0.0394,0.0463,0.931,0.0794,0.475,125.635,breakbeat
You Go To My Head,Etta James,0.9653,0.04,0.769,0.191,0,False,0.55,0.0973,8,-16.264,1,0.0468,0.986,0.000104,0.155,0.212,67.561,blues
Flames,Europe,0.9354,0.082,0.769,0.149,32,False,0.395,0.494,6,-6.991,1,0.0287,0.817,0.0568,0.0965,0.375,105.033,singer-songwriter
Reason,Europe,0.9612,0.074,0.715,0.211,47,False,0.363,0.819,7,-3.128,1,0.0634,0.0591,0.0,0.0988,0.468,122.527,acoustic
Stranded,Europe,-0.4917,0.124,0.785,0.091,0,False,0.512,0.879,7,-4.69,0,0.031,9.54e-05,0.00745,0.0824,0.484,92.358,alternative
The Final Countdown,Europe,0.4023,0.059,0.878,0.063,20,False,0.68,0.55,7,-9.494,0,0.0282,0.699,0.00298,0.0993,0.638,127.878,bluegrass
Years,Europe,0.9953,0.041,0.609,0.35,1,False,0.362,0.858,2,-3.92,1,0.0743,0.00211,1.3e-06,0.25,0.282,127.891,dance
Beethoven,Eurythmics,0.8979,0.064,0.77,0.166,0,False,0.477,0.188,0,-16.664,1,0.0552,0.977,0.0939,0.218,0.176,113.461,british
Heaven And Earth,Eurythmics,0.9823,0.052,0.775,0.173,37,False,0.359,0.78,1,-5.685,0,0.0372,2.46e-05,0.0,0.738,0.26,151.939,world-music
Honest,Eurythmics,0.9974,0.067,0.613,0.321,53,False,0.798,0.44,5,-8.96,1,0.0319,0.825,0.0107,0.111,0.429,94.961,chill
Somebody Told Me,Eurythmics,0.6187,0.069,0.751,0.181,0,False,0.508,0.981,10,-3.23,0,0.0779,8.22e-05,0.000449,0.0555,0.746,138.011,alt-rock
Wrap It Up,Eurythmics,0.9879,0.015,0.718,0.267,22,False,0.53,0.729,9,-7.003,1,0.0334,0.234,0.000176,0.179,0.822,150.703,synth-pop
Away From Me,Evanescence,-0.9355,0.162,0.748,0.09,26,True,0.39,0.937,8,-3.457,1,0.1,0.000314,0.0,0.158,0.161,154.771,grunge
Everybody's Fool,Evanescence,-0.9577,0.198,0.707,0.095,67,False,0.437,0.835,2,-5.076,0,0.0405,0.00145,2.27e-05,0.245,0.296,95.111,metal
The Way It Is,Evanescence,0.7176,0.009,0.923,0.068,71,False,0.582,0.689,7,-12.203,1,0.0277,0.607,0.0571,0.145,0.531,111.166,piano
Tourniquet,Evanescence,-0.9871,0.296,0.552,0.151,54,False,0.179,0.953,5,-2.686,1,0.202,1.5e-05,0.00109,0.363,0.337,153.955,grunge
Chemical Smile,Everclear,-0.5248,0.188,0.688,0.124,29,False,0.483,0.997,2,-4.142,1,0.151,0.00204,1.73e-06,0.325,0.214,103.784,grunge
Drunk Again,Everclear,0.7366,0.099,0.774,0.126,49,False,0.473,0.603,7,-5.214,1,0.026,0.0225,9e-06,0.156,0.423,144.029,country
Glorious,Everclear,0.9983,0.012,0.714,0.274,27,False,0.747,0.517,9,-6.266,0,0.0328,0.192,3.28e-06,0.389,0.515,93.011,british
How Soon Is Now?,Everclear,-0.1796,0.121,0.77,0.108,1,False,0.398,0.93,11,-6.76,1,0.0599,0.000854,0.121,0.0874,0.73,190.84,punk-rock
Santa Monica,Everclear,-0.9872,0.258,0.677,0.064,0,False,0.491,0.942,7,-5.333,1,0.109,0.156,0.0,0.367,0.398,100.441,alt-rock
Science Fiction,Everclear,-0.7096,0.144,0.744,0.113,6,False,0.32,0.855,5,-10.483,0,0.0539,1.55e-06,0.898,0.351,0.31,173.315,detroit-techno
Sparkle,Everclear,-0.7322,0.19,0.661,0.15,7,False,0.299,0.877,2,-7.981,1,0.0415,0.000507,0.865,0.0548,0.336,129.94,detroit-techno
Strawberry,Everclear,-0.5047,0.073,0.875,0.052,52,False,0.764,0.402,2,-10.282,0,0.0519,0.332,0.0,0.109,0.508,99.972,sad
The Boys Are Back In Town,Everclear,0.5837,0.089,0.814,0.097,0,False,0.457,0.87,8,-4.906,1,0.0711,0.292,1.67e-06,0.117,0.694,81.095,blues
The Joker,Everclear,0.9872,0.066,0.63,0.304,0,False,0.596,0.448,5,-9.616,1,0.0396,0.365,5.22e-06,0.207,0.796,83.293,blues
Unemployed Boyfriend,Everclear,0.9953,0.064,0.744,0.191,26,False,0.488,0.926,0,-5.622,1,0.0891,0.00373,0.000305,0.364,0.76,94.743,grunge
Sad Girl,Everlast,-0.9839,0.164,0.739,0.097,37,False,0.32,0.261,0,-12.344,1,0.0403,0.451,0.0,0.0816,0.366,181.948,disco
Big Boys Don't Cry,Extreme,0.8654,0.107,0.677,0.216,21,False,0.558,0.937,6,-5.642,0,0.073,0.00271,0.637,0.0691,0.283,181.058,happy
Comfortably Dumb,Extreme,-0.4374,0.214,0.559,0.228,30,False,0.394,0.992,1,-4.016,1,0.202,0.000361,0.000525,0.23,0.174,93.972,hardcore
Interface,Extreme,-0.9956,0.313,0.677,0.01,9,False,0.104,0.389,2,-24.105,1,0.115,0.579,0.866,0.109,0.0375,82.255,iranian
More Than Words,Extreme,0.9919,0.028,0.807,0.165,37,False,0.485,0.556,2,-8.053,1,0.0339,0.0689,0.0,0.087,0.306,76.972,dub
Sunrise,Extreme,0.9845,0.009,0.801,0.19,57,False,0.788,0.728,5,-5.123,0,0.0295,0.00325,0.23,0.0979,0.936,105.983,british
Damn,Fabolous,0.9558,0.067,0.82,0.113,37,True,0.566,0.948,7,-2.962,1,0.145,0.000163,0.515,0.549,0.204,99.977,club
Last Time,Fabolous,-0.2511,0.11,0.769,0.121,39,False,0.737,0.373,9,-12.446,0,0.0438,0.381,0.195,0.219,0.38,103.994,deep-house
Burden,Face To Face,-0.3129,0.127,0.766,0.107,49,False,0.313,0.631,2,-7.734,0,0.0395,0.0525,0.0833,0.184,0.184,119.972,death-metal
Disconnected,Face To Face,0.9031,0.04,0.777,0.183,63,False,0.842,0.811,2,-6.476,1,0.109,0.00579,0.176,0.0702,0.594,125.995,deep-house
Hollow,Face To Face,-0.9276,0.14,0.823,0.037,40,False,0.348,0.31,11,-13.122,1,0.0413,0.845,0.0569,0.111,0.0474,114.812,folk
I'm Trying,Face To Face,-0.5682,0.113,0.806,0.081,21,False,0.615,0.22,6,-13.767,1,0.145,0.904,0.0,0.105,0.544,151.638,show-tunes
Struggle,Face To Face,-0.7485,0.141,0.729,0.13,19,False,0.427,0.736,5,-7.452,1,0.18,0.061,0.0,0.117,0.683,177.977,j-dance
The Lucky One,Faith Hill,0.9695,0.099,0.736,0.164,0,False,0.674,0.866,5,-4.067,1,0.0328,0.0739,0.0,0.377,0.684,119.991,country
This Kiss,Faith Hill,0.9997,0.02,0.516,0.464,0,False,0.47,0.779,11,-6.624,1,0.0424,0.161,0.0,0.142,0.749,186.784,country
When The Lights Go Down,Faith Hill,0.9161,0.064,0.825,0.111,42,False,0.595,0.952,5,-1.892,0,0.042,0.0269,0.671,0.109,0.59,159.996,electronic
Absolute Zero,Faith No More,-0.8948,0.21,0.626,0.164,66,True,0.552,0.988,1,-2.555,0,0.0787,0.000108,0.309,0.846,0.619,139.941,grunge
Blood,Faith No More,0.8448,0.058,0.858,0.084,17,False,0.85,0.902,9,-5.441,1,0.257,0.13,1.73e-05,0.0867,0.836,127.968,afrobeat
Falling To Pieces,Faith No More,-0.8481,0.153,0.744,0.103,20,False,0.399,0.89,10,-4.883,0,0.13,0.00702,2.76e-06,0.308,0.316,154.858,hardstyle
Got That Feeling,Faith No More,0.743,0.129,0.655,0.215,12,False,0.661,0.841,9,-5.849,1,0.0344,0.00153,0.00348,0.358,0.211,129.99,chicago-house
Ricochet,Faith No More,0.9328,0.103,0.724,0.172,23,True,0.588,0.889,3,-6.06,0,0.41,0.374,0.0,0.306,0.719,130.459,j-dance
The World Is Yours,Faith No More,-0.8418,0.129,0.788,0.083,47,False,0.797,0.626,10,-9.604,0,0.0807,0.0315,0.714,0.11,0.171,124.993,club
Underwater Love,Faith No More,0.9563,0.072,0.759,0.168,56,False,0.685,0.626,6,-7.809,1,0.204,0.812,0.0346,0.091,0.521,81.769,trip-hop
Calm Before The Storm,Fall Out Boy,0.894,0.091,0.761,0.148,42,False,0.445,0.984,1,-1.343,1,0.278,0.00591,0.00399,0.173,0.341,173.966,dub
Centuries,Fall Out Boy,0.9183,0.076,0.818,0.106,26,False,0.557,0.37,9,-8.214,0,0.0412,0.79,0.0,0.0682,0.688,180.001,bluegrass
"Dance, Dance",Fall Out Boy,0.8896,0.136,0.717,0.147,77,False,0.622,0.961,11,-3.198,0,0.154,0.00523,0.0,0.0854,0.449,114.452,emo
Eternal Summer,Fall Out Boy,0.9515,0.038,0.805,0.157,62,False,0.617,0.78,7,-4.466,0,0.0376,0.0141,0.0112,0.0833,0.326,93.951,garage
I Write Sins Not Tragedies,Fall Out Boy,0.9062,0.168,0.637,0.195,3,False,0.565,0.792,9,-4.983,0,0.132,0.0913,0.0,0.114,0.639,170.076,rock
Immortals,Fall Out Boy,0.8519,0.02,0.926,0.054,65,False,0.703,0.856,11,-6.336,0,0.0461,0.00064,0.00126,0.38,0.722,108.025,emo
Let's Get It On,Fall Out Boy,0.9947,0.037,0.743,0.219,18,False,0.609,0.865,1,-7.336,1,0.28,0.00186,0.86,0.161,0.113,169.787,breakbeat
Love Will Tear Us Apart,Fall Out Boy,0.988,0.116,0.606,0.278,0,False,0.524,0.902,2,-8.662,1,0.0368,0.000989,0.695,0.137,0.907,146.833,alt-rock
Saturday,Fall Out Boy,0.3818,0.075,0.834,0.091,21,False,0.367,0.941,2,-3.379,1,0.0487,0.00253,4.57e-06,0.452,0.73,187.089,power-pop
The Kids Aren't Alright,Fall Out Boy,0.9816,0.105,0.727,0.168,81,False,0.523,0.943,1,-4.203,1,0.0337,0.00704,3.81e-05,0.0579,0.766,99.607,alt-rock
The Phoenix,Fall Out Boy,-0.9959,0.217,0.704,0.079,70,False,0.562,0.964,4,-2.991,0,0.072,0.000539,1.57e-06,0.579,0.41,138.063,emo
Thriller,Fall Out Boy,-0.9914,0.185,0.75,0.064,0,False,0.675,0.972,6,-5.397,1,0.0898,0.014,0.000318,0.657,0.756,119.059,children
Uma Thurman,Fall Out Boy,0.9989,0.037,0.653,0.309,2,False,0.623,0.961,4,-2.616,0,0.0869,0.102,0.000171,0.264,0.668,149.963,emo
XO,Fall Out Boy,0.9978,0.053,0.726,0.221,67,False,0.611,0.39,2,-5.861,0,0.116,0.625,0.0,0.118,0.617,163.897,indie-pop
Androgynous,Fastball,0.9353,0.107,0.714,0.179,51,False,0.476,0.361,11,-9.312,1,0.0287,0.518,0.0,0.0817,0.389,106.484,power-pop
Back Door,Fastball,0.8288,0.026,0.871,0.103,73,False,0.82,0.842,7,-3.853,1,0.272,0.157,0.0,0.112,0.653,107.952,k-pop
Emotional,Fastball,0.9751,0.009,0.838,0.153,51,False,0.335,0.865,11,-4.672,0,0.0944,0.0027,0.276,0.107,0.411,149.85,dub
Change My Mind,Fatboy Slim,0.6053,0.042,0.884,0.074,49,False,0.678,0.859,11,-5.778,1,0.0507,0.0078,0.0,0.0915,0.541,120.98,deep-house
What It Is,Fatboy Slim,0.6767,0.0,0.957,0.043,17,False,0.753,0.685,9,-9.502,0,0.0376,0.00376,0.812,0.087,0.884,127.886,breakbeat
Boss,Fifth Harmony,0.6251,0.062,0.859,0.079,61,True,0.803,0.789,10,-3.434,0,0.0383,0.0304,0.0,0.378,0.647,119.999,emo
Monday Morning,Fleetwood Mac,0.9918,0.048,0.696,0.256,20,False,0.221,0.831,0,-4.058,1,0.0545,0.164,0.00017,0.309,0.269,120.86,goth
Got It Like That,Flo-Rida,0.9966,0.064,0.758,0.177,14,False,0.492,0.948,7,-3.765,1,0.096,0.0259,0.27,0.147,0.673,131.926,breakbeat
In My Mind,Flo-Rida,0.952,0.056,0.729,0.214,50,False,0.555,0.596,2,-8.299,1,0.0278,0.547,0.000214,0.126,0.144,117.96,deep-house
Let It Burn,Flo-Rida,0.1244,0.082,0.835,0.083,55,False,0.42,0.899,11,-5.446,0,0.0745,0.000431,0.000245,0.23,0.193,132.016,grunge
Make A Wish,Flo-Rida,0.9983,0.046,0.685,0.269,38,False,0.621,0.714,7,-8.364,0,0.0317,0.0521,0.109,0.627,0.415,96.014,new-age
Marching On,Flo-Rida,0.9834,0.063,0.757,0.18,48,False,0.488,0.875,10,-4.645,1,0.101,0.00585,0.0,0.0793,0.486,119.995,world-music
Sugar,Flo-Rida,0.9979,0.018,0.756,0.226,3,False,0.635,0.813,5,-5.098,0,0.0578,0.0187,0.0,0.163,0.641,123.065,dance
Wild Ones,Flo-Rida,0.9052,0.078,0.812,0.111,43,False,0.542,0.504,4,-9.314,1,0.0367,0.0337,0.0,0.152,0.127,114.004,synth-pop
A Matter of Time,Foo Fighters,-0.9856,0.185,0.792,0.023,33,False,0.426,0.966,2,-5.343,1,0.0586,0.0001,0.00196,0.109,0.524,145.094,industrial
Ain't It The Life,Foo Fighters,-0.9592,0.16,0.794,0.046,51,False,0.57,0.836,0,-4.58,1,0.0258,0.00272,0.645,0.329,0.303,108.866,grunge
Big Me,Foo Fighters,0.8047,0.0,0.896,0.104,64,False,0.579,0.708,0,-10.419,1,0.0374,0.442,0.0,0.11,0.846,130.97,grunge
Closing Time,Foo Fighters,0.9349,0.0,0.902,0.098,0,False,0.478,0.854,7,-5.454,1,0.0289,0.02,1.12e-06,0.115,0.274,91.856,alt-rock
Come Alive,Foo Fighters,0.9988,0.07,0.542,0.388,53,False,0.524,0.962,2,-2.796,1,0.0292,2.39e-05,0.496,0.332,0.234,103.022,drum-and-bass
Long Road To Ruin,Foo Fighters,-0.9941,0.244,0.689,0.067,60,False,0.401,0.888,0,-3.793,1,0.0401,0.000367,0.0,0.12,0.365,146.781,grunge
Milk,Foo Fighters,-0.6597,0.09,0.884,0.026,33,True,0.322,0.965,2,-3.582,1,0.0773,4.76e-05,0.00319,0.354,0.345,180.092,garage
Monkey Wrench,Foo Fighters,-0.9628,0.166,0.758,0.075,70,False,0.401,0.953,4,-4.276,1,0.0752,1.83e-05,2.56e-05,0.149,0.555,174.217,grunge
My Hero,Foo Fighters,0.9886,0.051,0.682,0.267,26,False,0.424,0.857,1,-5.158,0,0.0482,0.00973,1.98e-05,0.127,0.664,173.952,garage
Normal,Foo Fighters,-0.9804,0.105,0.875,0.02,6,True,0.709,0.56,4,-4.867,0,0.171,0.034,0.0,0.315,0.541,170.082,latin
On The Mend,Foo Fighters,0.9308,0.052,0.832,0.116,18,False,0.588,0.738,1,-12.566,0,0.03,0.527,0.936,0.26,0.227,130.035,minimal-techno
Resolve,Foo Fighters,0.9303,0.008,0.915,0.078,42,False,0.781,0.555,6,-10.598,0,0.0464,0.0149,0.943,0.0921,0.175,123.015,techno
Rope,Foo Fighters,-0.765,0.163,0.706,0.132,61,False,0.507,0.728,11,-4.874,0,0.0382,2.52e-05,7.41e-05,0.0725,0.535,138.19,grunge
Statues,Foo Fighters,-0.8176,0.138,0.771,0.091,55,False,0.321,0.241,1,-20.495,1,0.0373,0.442,0.888,0.105,0.0795,128.98,french
The Pretender,Foo Fighters,0.8714,0.059,0.857,0.084,79,False,0.433,0.959,9,-4.04,1,0.0431,0.000917,0.0,0.028,0.365,172.984,alt-rock
Walk,Foo Fighters,0.971,0.04,0.825,0.135,0,True,0.428,0.704,6,-8.018,0,0.0808,0.000156,0.00223,0.0933,0.703,116.898,alt-rock
Hot Blooded,Foreigner,0.9872,0.009,0.882,0.108,1,False,0.681,0.664,0,-8.036,1,0.0922,0.299,0.0,0.0772,0.729,118.33,hard-rock
Amor,Frank Sinatra,0.999,0.053,0.463,0.484,18,False,0.664,0.875,5,-4.688,1,0.139,0.0917,0.449,0.132,0.626,104.925,afrobeat
Bonita,Frank Sinatra,0.9956,0.0,0.614,0.386,0,False,0.88,0.653,0,-5.32,1,0.136,0.237,4.47e-06,0.145,0.672,90.048,latino
Dry Your Eyes,Frank Sinatra,0.8399,0.022,0.886,0.091,28,False,0.369,0.965,0,-6.696,1,0.0392,8.83e-06,0.825,0.565,0.413,150.023,goth
Divan,Frank Zappa,0.3595,0.042,0.904,0.054,23,False,0.7,0.228,0,-12.038,1,0.0533,0.292,0.0,0.116,0.628,123.235,power-pop
Doreen,Frank Zappa,0.9888,0.131,0.629,0.24,23,False,0.484,0.896,0,-5.354,0,0.0333,0.0004,0.0653,0.112,0.862,138.282,power-pop
Get It On,Frankie Goes To Hollywood,0.9964,0.067,0.673,0.26,71,False,0.728,0.878,11,-6.926,0,0.0564,0.176,0.856,0.61,0.911,126.59,blues
Relax,Frankie Goes To Hollywood,0.9945,0.051,0.653,0.296,32,False,0.188,0.999,10,-18.9,1,0.051,0.474,0.988,0.929,1e-05,60.837,sleep
Watching The Wildlife,Frankie Goes To Hollywood,0.9854,0.064,0.748,0.187,0,False,0.584,0.717,0,-12.032,1,0.038,0.185,8.96e-05,0.0945,0.206,133.021,synth-pop
Cool Water,Frankie Laine,0.875,0.085,0.755,0.16,11,False,0.512,0.232,7,-12.126,1,0.0249,0.926,0.00357,0.387,0.245,100.513,honky-tonk
High Noon,Frankie Laine,0.2318,0.096,0.815,0.089,49,False,0.783,0.411,8,-19.591,0,0.087,0.0973,0.697,0.0599,0.85,100.897,trip-hop
Begging,Frankie Valli,0.9947,0.091,0.632,0.277,51,False,0.793,0.566,6,-7.834,1,0.0561,0.416,1.01e-05,0.212,0.705,110.035,dancehall
Candy Girl,Frankie Valli,0.9825,0.007,0.818,0.175,34,False,0.728,0.916,10,-5.371,0,0.0762,0.0731,0.0,0.423,0.805,104.033,children
Sherry,Frankie Valli,0.9308,0.021,0.838,0.141,39,False,0.263,0.0639,6,-21.149,1,0.0383,0.907,0.884,0.108,0.0537,74.584,ambient
We're All Alone,Frankie Valli,0.9434,0.152,0.665,0.183,0,False,0.332,0.429,7,-8.376,1,0.0287,0.356,3.1e-05,0.0619,0.242,128.091,r-n-b
Magdalena,Freddie Aguilar,0.0,0.0,1.0,0.0,38,False,0.703,0.892,0,-3.06,1,0.0335,0.27,0.0,0.284,0.833,140.09,punk-rock
Rosas,Freddie Aguilar,0.0,0.0,1.0,0.0,0,False,0.773,0.691,9,-4.539,1,0.0268,0.655,2.77e-06,0.111,0.529,106.988,latin
Country Boy,Freddie King,0.9952,0.006,0.789,0.205,27,False,0.354,0.779,7,-9.424,1,0.0322,0.0546,0.00282,0.0943,0.54,162.431,bluegrass
I'm Tore Down,Freddie King,0.9299,0.103,0.702,0.195,54,False,0.64,0.496,2,-11.124,1,0.0413,0.616,4.63e-05,0.183,0.954,116.632,acoustic
Walking By Myself,Freddie King,0.9882,0.0,0.719,0.281,50,False,0.621,0.519,11,-13.328,0,0.102,0.837,0.00246,0.162,0.775,117.005,acoustic
Love You So,Free,0.9986,0.067,0.503,0.429,58,False,0.398,0.909,5,-2.493,1,0.0593,0.714,0.000553,0.286,0.644,115.162,blues
Sweet Tooth,Free,0.991,0.0,0.734,0.266,35,False,0.865,0.603,8,-6.356,1,0.0366,0.161,8.54e-05,0.0735,0.976,105.004,blues
Woman,Free,0.8388,0.043,0.85,0.106,0,False,0.236,0.94,11,-3.929,0,0.152,2.15e-05,0.124,0.154,0.223,151.296,alt-rock
Bad Things,Freestyle,-0.7964,0.149,0.778,0.072,1,False,0.679,0.697,2,-4.75,1,0.14,0.232,0.0,0.178,0.287,137.816,hip-hop
Lying To Myself,Freestyle,-0.9735,0.14,0.817,0.044,48,True,0.661,0.666,4,-6.088,1,0.0509,0.0486,0.0,0.0821,0.539,166.944,emo
We Are Young,Fun.,0.8934,0.074,0.829,0.097,50,False,0.378,0.554,7,-6.086,1,0.0497,0.0504,0.0,0.199,0.523,91.977,club
Mary Had A Little Lamb,Garth Brooks,0.8649,0.012,0.886,0.102,42,False,0.602,0.901,0,-3.13,1,0.068,0.436,0.619,0.151,0.763,179.041,children
1999,Gary Numan,0.9885,0.109,0.697,0.194,3,False,0.741,0.743,7,-4.586,1,0.0328,0.0224,1.23e-06,0.229,0.658,124.014,electro
Confession,Gary Numan,-0.9141,0.139,0.81,0.051,26,False,0.513,0.887,5,-6.425,1,0.695,0.794,0.0,0.974,0.34,79.836,comedy
Creatures,Gary Numan,0.2617,0.095,0.816,0.088,25,False,0.121,0.875,11,-4.037,0,0.0617,6.88e-05,0.217,0.106,0.361,182.597,garage
Critics,Gary Numan,-0.5423,0.091,0.82,0.089,12,False,0.327,0.921,8,-5.835,1,0.249,0.0019,0.0,0.312,0.231,160.163,grindcore
Dark,Gary Numan,-0.6369,0.128,0.763,0.109,22,False,0.425,0.536,1,-7.723,1,0.0276,0.00436,0.000676,0.178,0.0776,105.982,synth-pop
Exhibition,Gary Numan,-0.5265,0.153,0.716,0.131,58,False,0.46,0.971,9,-4.581,1,0.179,6.86e-05,0.00102,0.319,0.0853,96.582,metalcore
I Can't Breathe,Gary Numan,-0.9939,0.325,0.637,0.038,48,False,0.477,0.9,1,-5.204,0,0.0927,0.000834,0.0111,0.121,0.486,97.457,metalcore
Melt,Gary Numan,0.9097,0.158,0.591,0.251,37,False,0.826,0.438,2,-12.866,1,0.112,0.0642,0.837,0.0968,0.184,125.998,techno
Pure,Gary Numan,-0.8825,0.176,0.63,0.194,55,False,0.537,0.211,6,-13.477,0,0.0312,0.557,0.804,0.101,0.0399,134.475,ambient
The Need,Gary Numan,0.9819,0.0,0.804,0.196,22,False,0.516,0.872,8,-5.342,1,0.0477,0.0147,7.6e-06,0.105,0.252,117.947,industrial
Love Is The Answer,Gary Valenciano,0.7096,0.136,0.717,0.148,27,False,0.796,0.377,7,-10.85,0,0.179,0.0905,0.0,0.131,0.71,159.923,dancehall
Manila,Gary Valenciano,-0.0675,0.115,0.772,0.113,59,False,0.715,0.612,6,-7.865,0,0.0378,0.312,0.905,0.324,0.345,124.022,garage
Calling All Stations,Genesis,0.8643,0.072,0.825,0.104,25,False,0.406,0.987,1,-4.464,1,0.155,0.000517,0.00012,0.429,0.487,163.999,industrial
I Can't Dance,Genesis,-0.647,0.101,0.822,0.077,37,False,0.451,0.692,9,-7.016,1,0.04,0.000614,0.0104,0.11,0.533,170.027,blues
In Too Deep,Genesis,0.9939,0.052,0.757,0.191,76,False,0.568,0.844,9,-5.875,1,0.0505,0.000189,0.0,0.0607,0.766,116.046,punk
Ripples,Genesis,0.9153,0.036,0.875,0.09,56,False,0.682,0.346,0,-9.475,1,0.0781,0.682,0.0,0.278,0.452,129.681,singer-songwriter
The Serpent,Genesis,0.9936,0.041,0.735,0.224,21,False,0.478,0.449,4,-10.845,0,0.0317,0.331,0.0161,0.383,0.649,140.03,goth
Cloud 9,George Harrison,0.9575,0.069,0.703,0.229,79,False,0.637,0.929,4,-3.593,1,0.0491,0.00167,2.62e-05,0.344,0.902,80.974,indie-pop
Dream Away,George Harrison,0.9705,0.016,0.881,0.103,40,False,0.657,0.331,6,-11.849,0,0.0272,0.481,0.358,0.065,0.0581,111.987,chill
Margarita,George Harrison,-0.25,0.042,0.933,0.025,27,False,0.749,0.854,6,-4.67,1,0.122,0.192,5.45e-06,0.204,0.832,122.068,salsa
Teardrops,George Harrison,0.7783,0.145,0.678,0.177,49,False,0.877,0.808,11,-7.502,1,0.0401,0.0426,0.248,0.119,0.966,133.237,disco
A Girl I Used To Know,George Jones,-0.0772,0.063,0.885,0.052,13,False,0.68,0.29,0,-10.594,1,0.0297,0.901,9.33e-05,0.0975,0.671,116.875,honky-tonk
Am I Losing Your Memory Or Mine?,George Jones,-0.7599,0.12,0.813,0.066,18,False,0.445,0.29,11,-13.598,1,0.0283,0.433,0.00064,0.132,0.414,76.447,honky-tonk
Baby You've Got What It Takes,George Jones,0.9559,0.027,0.825,0.148,0,False,0.546,0.548,2,-6.196,1,0.0327,0.831,1.19e-06,0.3,0.724,130.881,rock-n-roll
Best Guitar Picker,George Jones,0.9877,0.019,0.814,0.167,13,False,0.806,0.58,7,-8.833,1,0.0315,0.69,0.0,0.296,0.806,112.916,honky-tonk
Big Fool Of The Year,George Jones,0.7311,0.139,0.697,0.164,16,False,0.578,0.402,11,-8.214,1,0.0283,0.661,0.0,0.107,0.62,108.552,honky-tonk
Bone Dry,George Jones,-0.8184,0.129,0.803,0.068,48,False,0.553,0.857,11,-5.901,1,0.265,0.372,0.000314,0.0727,0.318,159.997,dub
Book Of Memories,George Jones,0.1531,0.105,0.794,0.101,10,False,0.507,0.229,4,-9.835,1,0.0251,0.674,0.0,0.269,0.276,80.209,honky-tonk
Cryin' Time,George Jones,0.9423,0.143,0.674,0.183,18,False,0.529,0.279,5,-13.209,1,0.034,0.885,4.54e-06,0.0975,0.423,67.595,honky-tonk
Daddy Come Home,George Jones,0.9376,0.12,0.688,0.192,10,False,0.644,0.194,10,-17.324,1,0.0311,0.842,0.000292,0.0948,0.364,97.371,honky-tonk
Don't Be Angry,George Jones,0.9406,0.121,0.67,0.208,32,False,0.651,0.246,4,-12.439,1,0.0286,0.885,0.0,0.301,0.502,105.101,honky-tonk
Family Bible,George Jones,0.7321,0.036,0.911,0.053,18,False,0.558,0.48,2,-6.865,1,0.0264,0.671,2.54e-06,0.357,0.331,103.632,honky-tonk
Geronimo,George Jones,-0.9771,0.274,0.603,0.123,0,False,0.682,0.838,7,-5.124,1,0.0861,0.377,0.000414,0.12,0.461,141.992,folk
As,George Michael,0.9973,0.043,0.778,0.179,37,False,0.376,0.343,5,-9.022,1,0.0303,0.673,0.0,0.198,0.169,129.759,british
Careless Whisper,George Michael,-0.4282,0.174,0.651,0.175,46,False,0.698,0.389,2,-6.246,0,0.0321,0.885,0.0,0.136,0.704,76.897,acoustic
Club Tropicana,George Michael,0.9935,0.019,0.622,0.359,64,False,0.658,0.714,11,-9.247,1,0.0519,0.0294,5.7e-05,0.651,0.806,117.283,disco
Everything She Wants,George Michael,0.9873,0.052,0.797,0.151,65,False,0.899,0.459,6,-15.557,0,0.0366,0.322,0.00406,0.165,0.962,115.09,disco
Nikita,George Michael,0.2278,0.065,0.871,0.064,68,False,0.632,0.656,7,-9.29,1,0.0277,0.123,0.000264,0.0735,0.752,86.605,piano
Older,George Michael,0.9004,0.093,0.739,0.168,63,False,0.548,0.654,4,-4.599,1,0.0313,0.113,0.0,0.241,0.317,85.023,chill
Shoot The Dog,George Michael,0.9961,0.081,0.69,0.229,22,False,0.431,0.637,7,-9.148,0,0.0298,0.492,0.831,0.198,0.961,149.652,bluegrass
Amarillo By Morning,George Strait,0.7507,0.053,0.855,0.092,70,False,0.606,0.361,9,-16.031,1,0.0346,0.264,3.39e-05,0.38,0.621,121.059,country
Every Time It Rains,George Strait,-0.7208,0.081,0.869,0.05,18,False,0.485,0.244,10,-11.248,1,0.0266,0.552,0.00309,0.086,0.147,89.003,disney
It Was Me,George Strait,0.8859,0.009,0.903,0.088,19,False,0.37,0.0798,11,-16.654,0,0.0292,0.899,0.959,0.144,0.182,53.164,disney
Middle Of Nowhere,George Strait,-0.7236,0.062,0.908,0.03,58,False,0.474,0.425,8,-11.412,1,0.0327,0.502,0.00196,0.0873,0.183,123.747,folk
Gettin' High,Gino Vannelli,0.6088,0.075,0.81,0.115,23,True,0.936,0.512,2,-5.232,1,0.0694,0.357,0.0,0.0496,0.969,95.48,comedy
Love Me Now,Gino Vannelli,0.9928,0.058,0.649,0.293,24,False,0.678,0.884,1,-5.032,1,0.101,5.21e-05,1.14e-05,0.143,0.458,99.761,j-dance
One Night With You,Gino Vannelli,0.9826,0.086,0.561,0.353,35,False,0.459,0.591,11,-7.314,1,0.0298,0.0596,0.00476,0.105,0.489,79.951,blues
ABC,Glee,0.999,0.037,0.726,0.237,0,False,0.53,0.869,8,-6.029,1,0.0588,0.318,5.45e-05,0.233,0.935,187.93,soul
As Long As You're There,Glee,-0.9505,0.189,0.696,0.115,27,False,0.359,0.601,2,-5.525,1,0.0335,0.233,0.0,0.127,0.263,161.618,club
Back To Black,Glee,-0.9042,0.137,0.783,0.079,81,True,0.403,0.422,7,-13.964,0,0.0373,0.134,2.05e-05,0.0861,0.378,122.728,british
Bad Romance,Glee,0.9971,0.253,0.37,0.377,0,True,0.695,0.921,0,-3.752,1,0.0363,0.00314,5.26e-05,0.0842,0.714,119.007,dance
Best Day Of My Life,Glee,0.9926,0.039,0.78,0.182,69,True,0.683,0.187,10,-13.185,1,0.0347,0.983,0.00246,0.107,0.101,117.92,chill
Beth,Glee,0.2384,0.071,0.843,0.086,26,False,0.582,0.823,6,-5.486,0,0.936,0.725,0.0,0.442,0.251,138.553,comedy
Call Me Maybe,Glee,-0.9966,0.236,0.709,0.055,80,False,0.783,0.58,7,-6.548,1,0.0408,0.0114,2.28e-06,0.108,0.66,120.021,electro
Celebrity Skin,Glee,0.9892,0.068,0.728,0.204,69,False,0.438,0.905,9,-6.161,1,0.0419,9.44e-06,5.4e-05,0.363,0.723,134.163,grunge
Cough Syrup,Glee,0.634,0.073,0.835,0.092,0,False,0.533,0.721,11,-7.309,0,0.0417,0.0338,6.24e-06,0.115,0.225,128.972,alt-rock
Dancing With Myself,Glee,0.9767,0.024,0.854,0.122,69,False,0.51,0.696,4,-10.83,1,0.0802,0.0157,0.000104,0.297,0.905,176.568,hard-rock
Dog Days Are Over,Glee,0.9676,0.062,0.798,0.141,20,False,0.382,0.81,7,-5.696,1,0.0677,0.312,4.69e-06,0.741,0.352,150.06,club
Don't Speak,Glee,-0.9904,0.2,0.702,0.098,0,False,0.508,0.752,5,-5.439,0,0.0343,0.251,2.1e-05,0.142,0.554,76.07,alt-rock
Faithfully,Glee,0.9814,0.035,0.819,0.146,68,False,0.202,0.644,11,-5.212,1,0.0324,0.0979,0.0,0.109,0.252,85.04,hard-rock
Firework,Glee,0.8304,0.063,0.815,0.122,47,False,0.51,0.32,1,-10.371,1,0.0392,0.823,0.000193,0.124,0.425,92.385,acoustic
Friday,Glee,0.9981,0.01,0.78,0.209,37,False,0.884,0.414,4,-9.98,1,0.065,0.462,0.0,0.22,0.696,91.998,blues
Girls Just Want To Have Fun,Glee,0.9828,0.027,0.734,0.239,13,False,0.726,0.831,1,-6.094,0,0.0297,0.00636,0.000387,0.0467,0.811,120.39,kids
Gives You Hell,Glee,-0.9971,0.271,0.524,0.205,0,False,0.725,0.675,4,-6.8,1,0.0368,0.0165,0.0,0.0537,0.595,99.979,punk-rock
Glad You Came,Glee,0.9954,0.0,0.819,0.181,59,False,0.542,0.943,7,-4.168,0,0.0733,0.000323,6.65e-06,0.0926,0.277,129.996,metalcore
I Won't Give Up,Glee,0.9964,0.019,0.776,0.205,69,False,0.483,0.303,4,-10.058,1,0.0429,0.694,0.0,0.115,0.139,133.406,acoustic
Bowling Green,Glen Campbell,0.9953,0.011,0.661,0.329,20,False,0.62,0.762,2,-6.824,1,0.0324,0.613,2.3e-06,0.0943,0.745,110.463,bluegrass
Somebody Like That,Glen Campbell,0.9994,0.059,0.515,0.426,72,False,0.574,0.798,6,-5.356,1,0.0485,0.0152,0.0,0.111,0.58,105.034,country
Southern Nights,Glen Campbell,0.9892,0.077,0.69,0.233,0,False,0.63,0.809,11,-9.756,0,0.0314,0.0181,0.076,0.273,0.829,95.244,folk
Tomorrow Never Comes,Glen Campbell,0.9725,0.049,0.688,0.262,12,False,0.561,0.276,0,-11.818,1,0.027,0.94,9.35e-05,0.358,0.693,96.016,honky-tonk
What A Friend We Have In Jesus,Glen Campbell,0.8569,0.14,0.647,0.214,51,False,0.449,0.174,2,-12.56,1,0.0292,0.903,0.0,0.124,0.288,143.37,country
I Will Follow You,GMB,0.9888,0.014,0.738,0.247,58,False,0.671,0.442,0,-11.595,1,0.0332,0.758,1.63e-05,0.108,0.749,120.774,r-n-b
Protocol,Gordon Lightfoot,-0.9587,0.124,0.826,0.05,59,True,0.665,0.582,10,-7.221,0,0.339,0.1,0.0,0.163,0.441,99.98,dancehall
Red Velvet,Gordon Lightfoot,0.8109,0.023,0.91,0.067,16,False,0.466,0.769,5,-6.609,0,0.037,0.00108,0.818,0.185,0.605,174.015,drum-and-bass
Romance,Gordon Lightfoot,0.9908,0.044,0.747,0.209,41,False,0.794,0.491,8,-8.486,0,0.0437,0.0378,0.103,0.0768,0.568,115.994,groove
Sundown,Gordon Lightfoot,0.8625,0.15,0.663,0.187,62,False,0.774,0.886,1,-7.569,1,0.0501,0.0306,0.129,0.0252,0.868,125.012,deep-house
Talking In Your Sleep,Gordon Lightfoot,0.7003,0.0,0.933,0.067,66,False,0.72,0.967,9,-4.434,0,0.0343,0.0289,0.000345,0.142,0.977,129.766,power-pop
1976,Grand Funk Railroad,0.9941,0.009,0.721,0.27,22,False,0.467,0.891,2,-7.06,1,0.034,0.000616,0.0816,0.106,0.604,100.488,heavy-metal
Feelin' Alright,Grand Funk Railroad,-0.8586,0.154,0.747,0.099,0,False,0.48,0.796,5,-10.391,1,0.0406,0.617,0.00685,0.37,0.906,89.798,blues
No Lies,Grand Funk Railroad,-0.2292,0.15,0.727,0.123,46,False,0.733,0.633,8,-7.353,1,0.0533,0.186,0.0039,0.272,0.395,123.882,groove
Please Me,Grand Funk Railroad,0.9942,0.086,0.572,0.343,0,False,0.75,0.572,1,-6.689,1,0.0652,0.0556,0.0,0.0931,0.663,133.996,dance
Runnin',Grand Funk Railroad,0.6643,0.045,0.888,0.067,64,True,0.754,0.785,10,-8.178,0,0.18,0.0287,0.00144,0.319,0.821,94.123,hardcore
Some Kind Of Wonderful,Grand Funk Railroad,0.9984,0.013,0.619,0.368,37,False,0.769,0.293,5,-12.561,1,0.0298,0.665,0.00134,0.187,0.434,105.992,jazz
We Gotta Get Out Of This Place,Grand Funk Railroad,0.9696,0.036,0.825,0.138,0,False,0.585,0.633,7,-8.007,1,0.0338,0.521,0.0,0.101,0.781,135.111,blues
Dear Mr. Fantasy,Grateful Dead,0.9827,0.071,0.581,0.349,0,False,0.201,0.854,2,-7.318,1,0.107,0.115,0.017,0.245,0.659,168.211,blues
Dupree's Diamond Blues,Grateful Dead,0.9407,0.088,0.768,0.144,22,False,0.459,0.522,2,-9.783,1,0.0351,0.345,0.51,0.107,0.706,135.65,bluegrass
Gimme Some Lovin',Grateful Dead,0.995,0.061,0.597,0.341,20,False,0.831,0.658,10,-12.597,0,0.054,0.415,0.0297,0.148,0.961,116.698,afrobeat
I Know You Rider,Grateful Dead,0.9956,0.049,0.694,0.257,31,False,0.367,0.733,7,-7.708,1,0.0389,0.674,0.0902,0.807,0.678,119.795,bluegrass
Little Sadie,Grateful Dead,0.4019,0.034,0.913,0.054,49,False,0.618,0.493,11,-10.31,0,0.0355,0.621,0.571,0.13,0.831,112.764,bluegrass
Ripple,Grateful Dead,-0.5621,0.08,0.872,0.049,0,False,0.199,0.0459,0,-34.04,1,0.0496,0.994,0.988,0.109,0.0348,138.752,sleep
Sing Me Back Home,Grateful Dead,-0.5719,0.093,0.826,0.081,45,False,0.738,0.417,4,-11.77,1,0.0261,0.392,0.00196,0.186,0.639,110.001,country
We Go Together,Grease,0.8879,0.046,0.875,0.079,19,False,0.346,0.597,1,-13.628,0,0.0501,0.0131,0.00165,0.402,0.38,128.362,heavy-metal
My Apology,Great Big Sea,-0.4724,0.211,0.618,0.171,29,False,0.514,0.61,10,-7.808,0,0.406,0.062,1.04e-05,0.265,0.527,98.68,british
Sally Ann,Great Big Sea,0.835,0.066,0.798,0.135,20,False,0.354,0.756,7,-8.361,1,0.0353,0.0585,0.933,0.242,0.967,135.4,bluegrass
The Mermaid,Great Big Sea,0.988,0.023,0.861,0.116,35,False,0.535,0.256,7,-13.477,0,0.0318,0.462,0.0347,0.364,0.118,86.906,new-age
21 Guns,Green Day,-0.9847,0.161,0.786,0.053,47,False,0.44,0.119,10,-12.574,1,0.0318,0.927,1.26e-06,0.137,0.279,145.186,acoustic
21st Century Breakdown,Green Day,-0.9853,0.21,0.651,0.139,37,False,0.298,0.963,1,-3.105,1,0.0473,0.0108,0.0,0.178,0.407,114.944,punk
80,Green Day,-0.8381,0.142,0.763,0.095,3,False,0.375,0.869,9,-4.299,0,0.0656,0.21,0.667,0.138,0.219,119.923,iranian
86,Green Day,-0.9955,0.349,0.651,0.0,4,False,0.382,0.821,7,-4.713,1,0.0471,0.00666,0.0,0.258,0.323,100.04,iranian
Basket Case,Green Day,-0.9591,0.195,0.739,0.066,2,False,0.441,0.943,3,-3.205,1,0.0602,0.00293,8.27e-06,0.091,0.781,85.05,punk
Brain Stew,Green Day,-0.9477,0.164,0.768,0.067,69,True,0.559,0.543,1,-5.429,1,0.302,0.00133,2e-05,0.0577,0.337,75.958,punk
I See The Light,Green Day,-0.5531,0.082,0.833,0.085,0,False,0.751,0.688,0,-3.384,1,0.0677,0.0597,0.0,0.0332,0.873,160.018,kids
Know Your Enemy,Green Day,-0.9983,0.351,0.567,0.083,44,False,0.559,0.955,4,-3.924,1,0.0412,0.00237,7.06e-05,0.0566,0.957,129.98,punk
Macy's Day Parade,Green Day,0.9883,0.035,0.751,0.214,8,False,0.85,0.642,1,-6.665,1,0.367,0.000378,0.0,0.2,0.52,166.022,kids
Mass Hysteria,Green Day,-0.997,0.352,0.568,0.08,23,False,0.605,0.987,1,-5.888,1,0.0561,0.00369,0.784,0.12,0.393,150.038,hardstyle
Nightlife,Green Day,-0.6327,0.095,0.824,0.081,15,False,0.525,0.923,7,-8.341,1,0.0556,5.12e-05,0.85,0.12,0.457,172.009,happy
No One Knows,Green Day,-0.7865,0.161,0.74,0.1,72,False,0.509,0.584,0,-4.907,1,0.057,0.0368,9.96e-05,0.384,0.685,170.411,blues
Oh Love,Green Day,0.396,0.157,0.698,0.145,44,False,0.633,0.743,7,-8.029,1,0.0362,0.29,0.00696,0.0629,0.548,176.021,folk
Ordinary World,Green Day,0.5204,0.039,0.904,0.058,73,False,0.472,0.652,1,-10.171,0,0.0305,0.0131,1.12e-05,0.14,0.401,140.124,synth-pop
24 Hours,Gucci Mane,-0.9752,0.086,0.871,0.044,46,False,0.519,0.873,6,-3.555,0,0.0393,0.0301,0.0,0.276,0.241,108.246,synth-pop
Close To Me,Gucci Mane,-0.958,0.146,0.756,0.098,0,True,0.572,0.75,1,-5.042,0,0.0604,0.0946,0.0,0.378,0.475,144.081,dance
Party Animal,Gucci Mane,0.8625,0.014,0.86,0.126,0,False,0.724,0.869,0,-3.922,1,0.046,0.0246,0.0,0.251,0.84,100.999,dancehall
Pendulum,Guided By Voices,-0.8386,0.102,0.867,0.031,20,False,0.461,0.875,1,-5.108,0,0.0372,4.62e-06,0.0718,0.147,0.423,102.997,goth
Wormhole,Guided By Voices,-0.3129,0.141,0.739,0.121,43,False,0.804,0.845,1,-9.102,0,0.0589,0.000546,0.916,0.096,0.0372,124.011,minimal-techno
Ain't It Fun,Guns N' Roses,-0.999,0.414,0.521,0.065,1,False,0.606,0.893,9,-3.681,1,0.0987,0.154,4.18e-05,0.021,0.671,103.985,emo
It's So Easy,Guns N' Roses,0.999,0.057,0.558,0.385,22,False,0.496,0.894,6,-2.691,0,0.0514,5.09e-06,1.32e-06,0.075,0.451,143.922,goth
Live And Let Die,Guns N' Roses,-0.9901,0.226,0.75,0.024,72,False,0.262,0.777,11,-8.671,1,0.0632,0.0109,0.113,0.12,0.264,152.5,hard-rock
Nice Boys,Guns N' Roses,0.9555,0.173,0.62,0.207,66,False,0.557,0.672,2,-10.802,1,0.104,0.478,0.803,0.223,0.324,75.108,garage
Night Train,Guns N' Roses,0.9888,0.032,0.804,0.164,45,False,0.34,0.991,9,-1.014,1,0.231,0.00134,0.866,0.137,0.0354,174.997,drum-and-bass
November Rain,Guns N' Roses,0.6053,0.108,0.781,0.111,81,False,0.294,0.641,11,-9.316,1,0.0291,0.0163,0.22,0.112,0.226,79.759,hard-rock
Paradise City,Guns N' Roses,0.9988,0.065,0.713,0.222,79,True,0.273,0.952,11,-8.762,1,0.0843,0.0169,0.0111,0.142,0.472,100.271,hard-rock
Rocket Queen,Guns N' Roses,-0.1567,0.143,0.7,0.156,61,False,0.448,0.945,10,-7.978,1,0.0394,0.0219,0.246,0.0254,0.437,111.705,hard-rock
Sympathy For The Devil,Guns N' Roses,0.9916,0.113,0.679,0.208,1,False,0.636,0.67,9,-10.958,1,0.257,0.582,0.0,0.0453,0.572,115.577,british
The Blues,Guns N' Roses,0.8652,0.082,0.808,0.11,18,False,0.711,0.466,0,-13.933,1,0.0323,0.298,1.77e-06,0.0975,0.952,128.162,disney
This I Love,Guns N' Roses,0.9952,0.103,0.642,0.255,68,False,0.263,0.442,8,-8.279,0,0.0309,0.603,2.99e-06,0.106,0.133,92.179,hard-rock
Used To Love Her,Guns N' Roses,-0.9723,0.317,0.469,0.214,61,True,0.615,0.902,1,-7.232,1,0.0331,0.464,2.44e-05,0.15,0.909,135.46,hard-rock
Welcome To The Jungle,Guns N' Roses,0.9953,0.042,0.732,0.226,80,True,0.447,0.954,8,-8.069,1,0.0751,0.0235,0.403,0.298,0.331,123.453,hard-rock
You Could Be Mine,Guns N' Roses,-0.9719,0.087,0.883,0.03,72,False,0.35,0.985,10,-5.676,0,0.122,0.00876,0.551,0.36,0.323,151.007,hard-rock
Ghostbusters,Halloween,0.9434,0.088,0.743,0.169,1,False,0.661,0.914,1,-5.207,0,0.0327,0.000176,0.0445,0.0802,0.788,120.058,children
Halloween Dance,Halloween,0.9497,0.037,0.842,0.121,14,False,0.844,0.304,1,-15.944,1,0.177,0.0135,0.0,0.1,0.53,102.099,kids
Pumpkin Patch,Halloween,0.9444,0.058,0.815,0.127,41,False,0.889,0.383,11,-8.738,1,0.0362,0.562,7.37e-05,0.143,0.767,139.979,children
A Wound Time Can't Erase,Hank Snow,0.9549,0.055,0.773,0.172,13,False,0.52,0.158,1,-16.669,1,0.029,0.792,2.84e-06,0.0775,0.417,105.118,honky-tonk
At The First Fall Of Snow,Hank Snow,0.9859,0.077,0.727,0.196,14,False,0.605,0.18,2,-13.847,1,0.0295,0.985,1.69e-06,0.35,0.348,114.602,honky-tonk
I Wonder Where You Are Tonight,Hank Snow,-0.3865,0.099,0.815,0.086,20,False,0.438,0.506,7,-8.728,1,0.0389,0.501,0.000406,0.231,0.867,116.993,bluegrass
Moanin',Hank Snow,-0.8439,0.073,0.891,0.036,30,False,0.546,0.429,0,-13.616,0,0.0306,0.973,0.885,0.128,0.622,106.285,piano
A Home In Heaven,Hank Williams,0.9953,0.051,0.652,0.297,12,False,0.421,0.207,4,-13.69,1,0.0312,0.976,1.06e-05,0.384,0.728,142.208,honky-tonk
Baby We're Really In Love,Hank Williams,0.996,0.044,0.681,0.275,19,False,0.753,0.181,0,-14.772,1,0.0496,0.939,0.0,0.217,0.868,137.373,honky-tonk
California Zephyr,Hank Williams,0.4588,0.042,0.911,0.047,12,False,0.509,0.257,11,-12.737,1,0.0409,0.942,2.08e-06,0.378,0.647,144.761,honky-tonk
Dear Brother,Hank Williams,0.3919,0.124,0.726,0.15,14,False,0.512,0.357,0,-10.16,1,0.0294,0.887,0.0,0.301,0.297,110.88,honky-tonk
Help Me Understand,Hank Williams,0.9132,0.101,0.756,0.142,14,False,0.511,0.212,2,-13.912,1,0.034,0.954,0.00435,0.338,0.429,98.913,honky-tonk
Honky Tonk Blues,Hank Williams,0.8979,0.045,0.832,0.123,26,False,0.773,0.309,9,-9.665,1,0.0417,0.807,2.44e-05,0.106,0.824,127.868,honky-tonk
How Can You Refuse Him Now,Hank Williams,-0.9764,0.251,0.699,0.05,9,False,0.527,0.148,5,-11.987,1,0.0285,0.923,0.0,0.137,0.224,94.207,honky-tonk
I Dreamed About Mama Last Night,Hank Williams,0.9923,0.04,0.801,0.159,13,False,0.472,0.181,0,-13.839,1,0.034,0.869,0.0,0.142,0.448,85.086,honky-tonk
I Wish I Had A Nickel,Hank Williams,0.9796,0.145,0.564,0.292,13,False,0.523,0.301,7,-12.924,1,0.0336,0.883,0.0,0.445,0.611,84.042,honky-tonk
I Won't Be Home No More,Hank Williams,0.9793,0.025,0.831,0.145,17,False,0.758,0.24,4,-14.621,1,0.0543,0.813,0.0,0.0767,0.96,155.189,honky-tonk
I'm Gonna Sing,Hank Williams,0.8398,0.165,0.643,0.192,16,False,0.617,0.2,2,-11.888,1,0.0349,0.921,0.0,0.116,0.343,59.328,honky-tonk
I'm Satisfied With You,Hank Williams,0.9905,0.064,0.65,0.286,19,False,0.78,0.327,2,-12.329,1,0.0522,0.888,0.0,0.116,0.962,107.503,honky-tonk
I'm So Tired Of It All,Hank Williams,-0.8993,0.227,0.651,0.122,16,False,0.378,0.298,0,-12.716,1,0.0334,0.934,0.0,0.176,0.373,119.42,honky-tonk
I've Just Told Mama Goodbye,Hank Williams,0.1901,0.07,0.848,0.083,15,False,0.398,0.107,2,-13.435,1,0.0318,0.886,0.0,0.152,0.433,105.575,honky-tonk
Jesus Died For Me,Hank Williams,-0.9928,0.269,0.631,0.101,13,False,0.48,0.18,0,-12.29,1,0.0375,0.931,0.0,0.316,0.519,158.786,honky-tonk
Jesus Remembered Me,Hank Williams,0.9955,0.088,0.557,0.355,20,False,0.401,0.425,7,-10.032,1,0.0348,0.883,0.0,0.171,0.641,206.092,honky-tonk
Let's Turn Back The Years,Hank Williams,0.9828,0.121,0.531,0.348,12,False,0.738,0.191,0,-10.411,1,0.0311,0.765,0.0,0.12,0.503,92.23,honky-tonk
Little Paper Boy,Hank Williams,-0.9079,0.142,0.794,0.064,11,False,0.505,0.267,7,-11.234,1,0.0364,0.927,1.88e-06,0.151,0.368,135.627,honky-tonk
Mind Your Own Business,Hank Williams,0.8835,0.012,0.916,0.072,18,False,0.622,0.907,7,-9.021,1,0.047,0.0381,0.0902,0.0819,0.825,125.77,afrobeat
Move It On Over,Hank Williams,-0.4416,0.077,0.855,0.068,15,False,0.741,0.374,4,-11.203,1,0.0413,0.942,0.00014,0.0862,0.923,83.481,honky-tonk
My Bucket's Got A Hole In It,Hank Williams,0.9397,0.01,0.874,0.117,14,False,0.65,0.353,4,-11.982,1,0.0304,0.78,6.69e-05,0.112,0.908,145.769,honky-tonk
My Heart Would Know,Hank Williams,0.9297,0.096,0.716,0.188,44,False,0.684,0.231,0,-11.396,1,0.0351,0.56,0.0,0.323,0.649,122.038,honky-tonk
Please Make Up Your Mind,Hank Williams,0.685,0.073,0.82,0.107,13,False,0.497,0.418,7,-10.352,1,0.106,0.741,0.0,0.0996,0.808,71.943,honky-tonk
Rockin' Chair Money,Hank Williams,0.9873,0.096,0.69,0.213,14,False,0.556,0.274,11,-12.096,1,0.0295,0.953,0.0,0.453,0.576,81.28,honky-tonk
Roly Poly,Hank Williams,0.9501,0.0,0.898,0.102,13,False,0.563,0.396,4,-11.916,1,0.0298,0.854,0.0,0.781,0.782,96.497,honky-tonk
Settin' The Woods On Fire,Hank Williams,-0.9245,0.11,0.836,0.054,45,False,0.757,0.3,0,-9.017,1,0.0434,0.836,1.73e-06,0.0649,0.961,161.295,honky-tonk
Someday You'll Call My Name,Hank Williams,0.9719,0.058,0.766,0.177,16,False,0.527,0.24,4,-13.059,1,0.0299,0.955,2.82e-05,0.402,0.4,119.85,honky-tonk
Sundown And Sorrow,Hank Williams,-0.8903,0.217,0.722,0.061,11,False,0.402,0.357,2,-12.192,1,0.0277,0.874,0.0,0.204,0.885,82.609,honky-tonk
There's A Tear In My Beer,Hank Williams,-0.9558,0.156,0.788,0.056,13,False,0.585,0.149,8,-16.003,1,0.0281,0.992,0.000279,0.165,0.483,140.631,honky-tonk
They'll Never Take Her Love From Me,Hank Williams,-0.952,0.182,0.71,0.108,14,False,0.666,0.192,7,-11.589,1,0.0316,0.543,0.0,0.149,0.814,125.226,honky-tonk
A Little Less Talk And A Lot More Action,Hank Williams Jr.,0.9882,0.058,0.749,0.192,0,False,0.738,0.869,9,-5.118,1,0.0401,0.123,0.0,0.277,0.92,125.071,country
All The Roads,Hank Williams Jr.,-0.9849,0.163,0.815,0.022,26,False,0.542,0.321,2,-10.701,1,0.0289,0.504,0.000389,0.0465,0.498,112.462,garage
Country State Of Mind,Hank Williams Jr.,0.9747,0.032,0.86,0.107,0,False,0.594,0.833,1,-5.559,1,0.0337,0.0119,0.0,0.315,0.592,118.512,country
Jambalaya (On The Bayou),Hank Williams Jr.,0.9042,0.075,0.81,0.116,54,False,0.504,0.298,7,-10.719,1,0.0345,0.725,0.0,0.0693,0.884,164.084,honky-tonk
Take These Chains From My Heart,Hank Williams Jr.,0.9969,0.043,0.629,0.328,21,False,0.707,0.228,2,-11.527,1,0.0311,0.762,0.0,0.103,0.709,130.349,honky-tonk
Crosstown Traffic,Hanson,0.9833,0.027,0.806,0.167,63,False,0.486,0.963,0,-5.586,0,0.129,0.248,2.39e-06,0.158,0.533,113.133,blues
Let You Go,Hanson,0.9178,0.055,0.85,0.095,55,False,0.815,0.635,6,-7.3,1,0.0495,0.351,0.0,0.146,0.552,116.004,deep-house
Magic Carpet Ride,Hanson,0.9712,0.018,0.823,0.159,69,False,0.64,0.651,4,-14.981,0,0.0517,0.142,0.28,0.0341,0.801,111.676,psych-rock
Speechless,Hanson,0.9735,0.056,0.787,0.157,0,False,0.616,0.437,1,-5.968,1,0.0298,0.351,0.0,0.24,0.386,135.939,country
Sunshine Of Your Love,Hanson,0.9968,0.018,0.698,0.284,0,False,0.683,0.522,2,-11.117,1,0.0377,0.507,0.000137,0.121,0.764,115.072,blues
Underneath,Hanson,-0.9899,0.178,0.811,0.01,9,False,0.0973,0.207,11,-26.838,0,0.0707,0.0094,0.749,0.205,0.0302,66.633,iranian
What Christmas Means To Me,Hanson,0.9993,0.011,0.639,0.35,0,False,0.524,0.614,0,-8.05,1,0.0363,0.202,0.0,0.0802,0.751,82.229,funk
When You're Gone,Hanson,-0.951,0.149,0.746,0.104,0,False,0.605,0.713,5,-5.865,1,0.0381,0.0203,0.0,0.548,0.603,147.166,dance
Oasis,Happy Mondays,0.8585,0.082,0.79,0.128,44,False,0.696,0.82,7,-5.551,1,0.039,0.0262,1.39e-05,0.124,0.433,102.021,deep-house
Island In The Sun,Harry Belafonte,0.9071,0.011,0.889,0.1,1,False,0.654,0.794,4,-6.288,0,0.0284,0.00769,0.00134,0.165,0.678,114.62,alt-rock
Lemon Tree,Harry Belafonte,0.985,0.083,0.689,0.229,39,False,0.663,0.477,1,-8.839,1,0.0414,0.644,0.0,0.122,0.643,143.173,german
All These Things,"Harry Connick, Jr.",0.9895,0.083,0.609,0.308,49,False,0.584,0.654,5,-6.485,1,0.0361,0.0247,1.48e-05,0.434,0.287,151.916,piano
The Christmas Waltz,"Harry Connick, Jr.",0.93,0.0,0.812,0.188,0,False,0.475,0.347,5,-6.538,1,0.213,0.776,0.00012,0.113,0.285,175.2,j-pop
The Lonely Goatherd,"Harry Connick, Jr.",-0.4574,0.03,0.951,0.018,51,False,0.678,0.255,0,-11.409,1,0.0532,0.829,0.0,0.0902,0.604,100.317,show-tunes
Crazy On You,Heart,-0.9841,0.259,0.587,0.154,1,False,0.435,0.459,9,-12.442,0,0.0329,0.117,0.000103,0.132,0.383,129.929,hard-rock
Enough,Heart,-0.843,0.169,0.729,0.103,56,True,0.7,0.57,6,-6.926,0,0.0924,0.477,0.00637,0.295,0.248,129.013,electronic
Heartless,Heart,0.9841,0.099,0.619,0.283,41,False,0.467,0.644,6,-4.792,0,0.0382,0.182,0.0,0.0945,0.308,148.049,dub
Lost Angel,Heart,0.9258,0.108,0.736,0.156,31,False,0.745,0.447,11,-17.864,0,0.061,0.265,0.916,0.0908,0.0852,114.901,detroit-techno
You're The Voice,Heart,0.4515,0.061,0.848,0.091,20,False,0.334,0.735,2,-10.697,1,0.0741,0.366,0.014,0.0737,0.525,82.471,opera
Electric Eye,Helloween,0.8327,0.049,0.836,0.115,31,False,0.489,0.916,7,-4.287,1,0.123,9.37e-06,0.327,0.191,0.619,175.012,industrial
Faith Healer,Helloween,0.9889,0.047,0.738,0.215,21,False,0.702,0.83,9,-4.756,0,0.0419,0.128,0.000101,0.0908,0.665,100.026,industrial
Hocus Pocus,Helloween,0.5526,0.0,0.954,0.046,19,False,0.569,0.983,1,-3.917,1,0.343,0.00558,0.144,0.34,0.336,174.965,drum-and-bass
If I Could Fly,Helloween,-0.8844,0.186,0.711,0.103,45,False,0.55,0.953,2,-3.65,1,0.0343,5.4e-05,0.927,0.118,0.364,129.987,guitar
Locomotive Breath,Helloween,0.96,0.051,0.774,0.176,60,False,0.68,0.53,11,-13.105,0,0.0889,0.417,0.011,0.0559,0.352,124.551,psych-rock
Long Live The King,Helloween,-0.7802,0.143,0.743,0.115,58,False,0.434,0.86,1,-5.757,1,0.0958,0.00127,4.58e-06,0.403,0.544,165.002,metalcore
Longing,Helloween,0.8987,0.024,0.889,0.087,32,False,0.482,0.552,2,-11.779,1,0.0424,0.418,0.617,0.0728,0.0948,92.095,ambient
Murderer,Helloween,-0.9992,0.367,0.566,0.066,35,False,0.551,0.915,2,-1.727,1,0.252,0.00628,0.00144,0.135,0.318,174.015,dub
Reptile,Helloween,-0.9739,0.149,0.818,0.033,21,False,0.733,0.986,3,-2.661,1,0.236,0.00545,1.28e-05,0.1,0.0748,112.46,industrial
Fabulous,High School Musical,0.9992,0.042,0.574,0.384,14,False,0.861,0.834,2,-3.792,1,0.0555,0.00837,0.00156,0.017,0.824,108.003,breakbeat
Gotta Go My Own Way,High School Musical,0.9118,0.057,0.859,0.084,67,False,0.555,0.692,9,-4.767,1,0.0277,0.0864,3.25e-05,0.232,0.313,88.995,show-tunes
We're All In This Together,High School Musical,0.9932,0.016,0.852,0.132,10,False,0.835,0.909,6,-5.901,1,0.045,0.0221,0.0,0.0557,0.712,116.05,kids
You Are The Music In Me,High School Musical,0.9906,0.011,0.863,0.126,0,False,0.626,0.849,7,-5.827,1,0.0324,0.00334,1.13e-05,0.0535,0.638,141.976,kids
All Day,Hillsong,0.8857,0.091,0.73,0.18,20,False,0.637,0.523,1,-16.986,1,0.0352,0.000472,0.00845,0.385,0.494,122.379,industrial
At The Cross,Hillsong,0.9965,0.092,0.674,0.234,51,False,0.367,0.363,4,-7.965,1,0.0298,0.692,0.0,0.214,0.172,139.598,world-music
Christ Is Enough,Hillsong,0.9511,0.096,0.705,0.2,59,False,0.366,0.812,11,-4.609,1,0.034,0.00946,0.0,0.292,0.241,79.962,world-music
Eagle's Wings,Hillsong,0.886,0.03,0.902,0.069,40,False,0.179,0.384,7,-10.577,1,0.0299,0.561,7.77e-06,0.191,0.171,69.024,world-music
Glorious Ruins,Hillsong,0.9723,0.069,0.709,0.222,45,False,0.394,0.639,6,-6.847,1,0.0307,0.38,0.000181,0.206,0.12,137.034,world-music
God Is Able,Hillsong,0.9813,0.09,0.671,0.239,56,False,0.455,0.662,6,-6.963,0,0.0357,0.0125,0.0,0.635,0.169,77.523,world-music
Healer,Hillsong,0.9027,0.054,0.836,0.11,39,False,0.356,0.668,11,-6.695,1,0.0336,0.0221,0.000112,0.148,0.0531,76.964,world-music
Mighty to Save,Hillsong,0.9501,0.104,0.659,0.237,47,False,0.486,0.66,6,-5.08,1,0.0279,0.0192,3.66e-06,0.0995,0.348,155.919,world-music
My Redeemer Lives,Hillsong,-0.9652,0.172,0.782,0.046,33,False,0.535,0.793,4,-8.073,1,0.0518,0.0409,0.0,0.487,0.558,131.798,world-music
One Way,Hillsong,0.508,0.03,0.922,0.048,54,False,0.461,0.918,4,-4.884,1,0.0493,0.00331,0.000842,0.335,0.337,135.081,world-music
Saving Grace,Hillsong,0.9857,0.063,0.639,0.298,48,False,0.425,0.957,6,-5.718,1,0.0888,0.000366,0.0124,0.24,0.071,137.88,deep-house
Awakening,Hillsong United,0.9517,0.047,0.846,0.106,49,False,0.255,0.31,4,-11.429,0,0.0357,0.968,0.909,0.11,0.172,89.836,guitar
Every Time,Hillsong United,0.9735,0.032,0.679,0.289,21,False,0.505,0.921,1,-2.966,1,0.0626,0.000126,0.00138,0.0824,0.46,173.991,drum-and-bass
Gonna Be Alright,Hillsong United,0.9486,0.041,0.77,0.189,40,False,0.687,0.817,11,-4.513,1,0.0791,0.319,1.66e-06,0.184,0.753,111.053,deep-house
Heartbeats,Hillsong United,0.9821,0.036,0.812,0.152,34,False,0.527,0.683,8,-5.023,1,0.035,0.407,1.91e-06,0.101,0.114,92.982,dubstep
I Give You My Heart,Hillsong United,0.9423,0.024,0.763,0.213,49,False,0.372,0.501,7,-5.275,1,0.0278,0.579,3.8e-06,0.233,0.121,141.562,world-music
(Don't Fear) The Reaper,HIM,0.9968,0.031,0.711,0.258,76,False,0.333,0.927,9,-8.55,0,0.0733,0.0029,0.000208,0.297,0.385,141.466,blues
The Cage,HIM,-0.9704,0.195,0.699,0.106,17,False,0.0901,0.99,0,-2.523,1,0.199,1.84e-06,0.000185,0.337,0.0745,174.168,grindcore
The Heartless,HIM,-0.9856,0.296,0.641,0.063,49,False,0.526,0.966,2,-0.902,1,0.3,0.0257,0.000195,0.336,0.221,185.083,happy
The Path,HIM,-0.8537,0.096,0.848,0.057,4,False,0.296,0.936,11,-5.425,0,0.105,0.235,0.478,0.0967,0.332,124.048,iranian
Wicked Game,HIM,0.9794,0.192,0.582,0.226,59,False,0.802,0.382,9,-14.841,1,0.0468,0.131,0.0271,0.161,0.0894,117.969,deep-house
Burn Out,Hollies,0.9625,0.045,0.847,0.108,1,False,0.672,0.724,7,-5.61,1,0.0244,0.292,0.0,0.231,0.801,99.975,country
Casualty,Hollies,-0.995,0.321,0.649,0.03,48,False,0.876,0.481,1,-8.429,1,0.0523,0.00563,0.191,0.436,0.581,120.005,minimal-techno
Hey Willy,Hollies,0.9505,0.13,0.656,0.214,28,False,0.454,0.883,7,-5.278,1,0.122,0.0623,0.000129,0.199,0.743,151.268,garage
Listen To Me,Hollies,-0.7764,0.183,0.659,0.158,44,False,0.777,0.932,4,-5.154,1,0.0645,0.00014,0.887,0.0805,0.363,128.007,techno
Open Up Your Eyes,Hollies,0.7349,0.03,0.906,0.064,0,False,0.405,0.89,7,-5.857,1,0.0513,0.0047,5.8e-05,0.0931,0.286,98.765,grunge
2 Wicky,Hooverphonic,-0.743,0.217,0.631,0.152,51,False,0.546,0.613,10,-7.938,0,0.048,0.16,0.00403,0.13,0.446,68.172,trip-hop
Eden,Hooverphonic,0.6992,0.093,0.78,0.127,54,False,0.437,0.183,9,-25.455,0,0.0369,0.985,0.916,0.0989,0.0393,138.098,ambient
Magenta,Hooverphonic,0.4019,0.062,0.87,0.068,21,False,0.493,0.685,11,-9.503,1,0.0343,0.00548,0.861,0.124,0.0916,120.061,trip-hop
Neon,Hooverphonic,-0.4724,0.079,0.848,0.073,55,True,0.597,0.897,4,-3.924,1,0.0693,0.000467,0.0,0.36,0.576,137.016,j-rock
Out Of Tune,Hooverphonic,-0.8176,0.176,0.735,0.089,17,False,0.617,0.808,10,-7.845,0,0.0588,0.00528,0.421,0.0736,0.881,100.544,trip-hop
Shampoo,Hooverphonic,-0.9749,0.274,0.651,0.074,28,False,0.716,0.509,2,-6.926,1,0.0753,0.683,0.891,0.0884,0.374,170.117,afrobeat
Cleopatra,Horrible Histories,-0.6308,0.133,0.74,0.127,45,False,0.649,0.847,6,-2.839,0,0.0708,0.0854,0.0,0.214,0.583,93.058,brazil
Sheep,Housemartins,-0.9098,0.1,0.87,0.03,57,False,0.28,0.716,9,-12.095,0,0.0983,0.0652,0.52,0.512,0.0618,135.378,psych-rock
We Shall Not Be Moved,Housemartins,0.5956,0.039,0.881,0.081,18,True,0.597,0.993,7,-5.425,1,0.0848,0.0265,0.814,0.162,0.178,161.005,happy
Another Chance,Howard Jones,-0.2023,0.077,0.836,0.086,55,False,0.643,0.913,7,-5.744,0,0.049,0.0212,0.0254,0.376,0.0441,128.01,disco
Equality,Howard Jones,0.7964,0.079,0.809,0.111,20,False,0.524,0.907,6,-1.904,0,0.2,0.209,9.36e-05,0.326,0.22,159.988,hardstyle
Natural,Howard Jones,0.2045,0.141,0.701,0.159,56,False,0.515,0.321,4,-9.851,0,0.0742,0.841,5.75e-05,0.338,0.242,153.024,chill
Do Or Die,Human League,-0.9885,0.236,0.682,0.082,50,False,0.514,0.825,2,-5.512,1,0.0562,0.00177,1.13e-06,0.153,0.432,135.074,grunge
Rebound,Human League,0.9311,0.039,0.878,0.084,22,False,0.499,0.971,10,-4.024,1,0.0441,0.0145,2.51e-05,0.195,0.756,139.971,power-pop
These Are The Days,Human League,0.885,0.071,0.827,0.102,60,False,0.51,0.955,4,-5.64,1,0.0455,0.00935,0.000149,0.642,0.761,140.055,dub
Together In Electric Dreams,Human League,0.6341,0.102,0.771,0.127,56,False,0.697,0.611,3,-11.746,1,0.0258,0.18,2.04e-06,0.0876,0.808,129.96,synth-pop
China,Ian Hunter,0.6134,0.07,0.836,0.094,76,False,0.786,0.808,7,-3.702,1,0.0882,0.0846,0.000289,0.0822,0.609,105.027,latino
Cleveland Rocks,Ian Hunter,-0.5951,0.086,0.837,0.077,43,False,0.438,0.816,1,-7.573,1,0.0564,0.0171,0.0,0.382,0.644,148.244,alt-rock
Good Girls,Ian Hunter,0.9941,0.041,0.706,0.252,43,True,0.452,0.798,8,-6.25,1,0.0582,0.00334,0.00167,0.215,0.32,173.997,synth-pop
Guiding Light,Ian Hunter,-0.9531,0.11,0.884,0.007,55,False,0.352,0.0355,5,-23.22,1,0.0581,0.987,0.916,0.0911,0.233,65.048,ambient
The Bomb,Ice Cube,-0.9938,0.176,0.724,0.1,0,False,0.589,0.197,11,-8.684,1,0.0338,0.909,0.000144,0.0876,0.307,110.699,alternative
Why Me?,Ice Cube,-0.9946,0.178,0.749,0.073,41,False,0.854,0.674,9,-6.434,1,0.143,0.0565,5.88e-06,0.0793,0.65,113.031,blues
Why We Thugs,Ice Cube,-0.999,0.207,0.745,0.049,0,True,0.783,0.59,1,-5.423,1,0.391,0.323,0.0,0.148,0.664,98.079,funk
If I Told You,Idina Menzel,0.9549,0.0,0.914,0.086,27,False,0.387,0.307,9,-8.509,1,0.0306,0.791,0.0,0.0975,0.336,118.448,comedy
Loose,Iggy Pop,0.8074,0.128,0.661,0.21,57,False,0.649,0.923,1,-4.537,1,0.0348,4.51e-05,0.623,0.369,0.517,108.217,industrial
Motorcycle,Iggy Pop,-0.9669,0.252,0.592,0.156,22,False,0.305,0.849,9,-10.795,1,0.0549,5.82e-05,0.0567,0.464,0.32,141.793,goth
No Fun,Iggy Pop,0.9801,0.225,0.382,0.394,48,False,0.584,0.151,11,-14.161,1,0.0337,0.912,0.698,0.109,0.286,127.076,ambient
Savior,Iggy Pop,-0.7845,0.077,0.89,0.032,75,False,0.554,0.932,5,-3.424,0,0.0485,0.00154,0.000142,0.425,0.478,112.49,hardcore
Sea Of Love,Iggy Pop,0.994,0.0,0.677,0.323,23,False,0.259,0.526,7,-13.228,1,0.0502,0.0332,2.64e-05,0.568,0.162,135.483,goth
Shades,Iggy Pop,0.9736,0.063,0.724,0.212,54,False,0.629,0.748,5,-6.513,1,0.0812,0.0961,2.01e-05,0.109,0.173,120.021,deep-house
Sickness,Iggy Pop,0.9839,0.044,0.751,0.205,5,False,0.794,0.939,4,-6.338,0,0.0738,0.0376,0.906,0.0931,0.0695,106.913,detroit-techno
Tom Tom,Iggy Pop,0.9823,0.092,0.665,0.242,54,False,0.615,0.564,1,-7.871,0,0.0406,0.000345,0.927,0.113,0.243,137.077,electronic
I Don't Mind,Imagine Dragons,0.504,0.0,0.979,0.021,43,False,0.724,0.537,5,-10.006,0,0.0289,0.00682,0.00146,0.0788,0.344,110.014,deep-house
Leave Me,Imagine Dragons,-0.3187,0.12,0.782,0.098,45,False,0.734,0.672,7,-7.946,0,0.0435,0.00816,0.88,0.097,0.0688,120.026,deep-house
Levitate,Imagine Dragons,0.6597,0.026,0.939,0.035,53,True,0.34,0.977,4,-4.947,0,0.145,0.000311,0.468,0.104,0.118,152.056,death-metal
Lost Cause,Imagine Dragons,-0.9928,0.291,0.645,0.065,0,True,0.671,0.336,10,-8.494,0,0.241,0.705,0.00751,0.0577,0.518,75.051,electro
Polaroid,Imagine Dragons,0.9807,0.053,0.832,0.116,67,False,0.652,0.898,7,-4.481,0,0.0361,0.29,0.0,0.073,0.472,114.043,edm
Radioactive,Imagine Dragons,0.9495,0.029,0.862,0.11,8,False,0.593,0.746,11,-3.022,0,0.0344,0.38,0.0,0.141,0.449,67.939,kids
Selene,Imagine Dragons,0.9783,0.075,0.745,0.18,42,False,0.764,0.797,5,-6.558,1,0.0382,0.486,0.0,0.0599,0.977,104.488,r-n-b
Who We Are,Imagine Dragons,-0.9909,0.21,0.762,0.028,48,False,0.521,0.507,7,-7.007,1,0.0319,0.0162,4.43e-05,0.148,0.153,108.168,acoustic
Crave,Incognito,-0.9609,0.137,0.807,0.056,0,True,0.637,0.84,2,-3.942,0,0.268,0.0827,0.0,0.435,0.64,127.998,edm
Deep Waters,Incognito,0.3291,0.09,0.804,0.106,21,False,0.518,0.522,7,-9.329,1,0.0296,0.841,0.0022,0.279,0.618,129.939,bluegrass
Everybody Loves The Sunshine,Incognito,0.9992,0.0,0.493,0.507,60,False,0.53,0.864,6,-4.024,0,0.0495,0.000831,0.0112,0.104,0.0902,171.871,drum-and-bass
Pyramids,Incognito,0.0772,0.018,0.962,0.02,8,False,0.283,0.4,6,-12.274,0,0.0604,0.256,0.816,0.0721,0.0603,134.06,idm
Smiling Faces,Incognito,0.9517,0.0,0.85,0.15,11,False,0.685,0.676,6,-5.176,1,0.0411,0.00713,0.429,0.574,0.629,122.969,breakbeat
Agoraphobia,Incubus,0.9987,0.007,0.658,0.335,48,False,0.579,0.942,4,-6.88,1,0.0354,0.0303,0.82,0.655,0.394,120.059,garage
Follow,Incubus,0.0268,0.118,0.773,0.108,3,False,0.711,0.871,9,-7.145,1,0.0572,0.246,0.000143,0.273,0.537,124.985,deep-house
Leech,Incubus,0.9857,0.101,0.676,0.223,50,True,0.254,0.98,0,-4.348,1,0.138,0.00014,0.0659,0.306,0.0399,125.023,black-metal
Look Alive,Incubus,0.9989,0.034,0.634,0.332,20,True,0.609,0.99,7,-1.64,1,0.342,0.192,0.00928,0.561,0.199,181.959,happy
Nebula,Incubus,0.7682,0.024,0.903,0.073,59,False,0.139,0.0986,5,-30.243,1,0.0395,0.938,0.52,0.0962,0.187,141.742,sleep
Switchblade,Incubus,0.9945,0.087,0.691,0.221,38,False,0.505,0.962,2,-4.011,1,0.041,0.00657,0.0,0.136,0.676,131.988,ska
The Battle Of Armageddon,Incubus,-0.9885,0.206,0.754,0.041,16,False,0.515,0.307,2,-11.977,1,0.0414,0.988,0.0,0.206,0.788,178.499,honky-tonk
Leave Me Astounded,Indiana Bible College,0.9989,0.015,0.572,0.412,43,False,0.395,0.58,0,-7.423,1,0.0284,0.363,0.0,0.0436,0.16,153.784,world-music
Our God,Indiana Bible College,0.9721,0.099,0.634,0.266,63,False,0.509,0.778,11,-3.608,1,0.0295,0.00998,0.0,0.19,0.216,105.066,alt-rock
Worship Him,Indiana Bible College,0.9981,0.0,0.516,0.484,19,False,0.359,0.807,11,-6.554,1,0.0344,3.62e-05,0.633,0.269,0.251,117.789,black-metal
1 2 3,Indigo Girls,0.3093,0.144,0.687,0.169,15,False,0.939,0.485,9,-7.71,0,0.26,0.232,0.0,0.128,0.485,122.027,kids
Cut It Out,Indigo Girls,-0.9076,0.113,0.822,0.064,23,True,0.217,0.695,11,-6.802,0,0.0596,0.00031,5.33e-06,0.221,0.216,93.262,metalcore
I Don't Wanna Know,Indigo Girls,0.9187,0.074,0.798,0.128,53,False,0.745,0.729,11,-8.028,0,0.0513,0.239,0.0129,0.389,0.552,119.994,deep-house
Leaving,Indigo Girls,0.8877,0.03,0.916,0.054,51,False,0.302,0.64,11,-3.452,1,0.0379,0.0359,1.66e-05,0.951,0.184,139.793,dub
Lifeblood,Indigo Girls,0.9588,0.032,0.855,0.113,19,False,0.153,0.949,9,-6.887,0,0.107,1.96e-05,0.768,0.21,0.129,134.986,black-metal
Rise Up,Indigo Girls,-0.7964,0.135,0.766,0.099,25,True,0.795,0.611,6,-7.626,0,0.297,0.377,0.0,0.158,0.329,100.025,dancehall
Die Alone,Ingrid Michaelson,0.9963,0.076,0.644,0.28,47,False,0.339,0.95,6,-2.805,0,0.448,0.0682,3.81e-06,0.103,0.0951,185.091,happy
Keep Breathing,Ingrid Michaelson,0.2263,0.0,0.967,0.033,54,False,0.52,0.308,7,-11.996,1,0.0331,0.776,0.00285,0.115,0.187,125.93,acoustic
Locked Up,Ingrid Michaelson,0.976,0.085,0.763,0.152,28,False,0.682,0.813,9,-5.58,1,0.1,0.0606,0.0,0.0653,0.349,157.156,bluegrass
Open Hands,Ingrid Michaelson,0.6908,0.041,0.909,0.05,44,False,0.598,0.715,11,-6.036,1,0.0449,0.0111,0.0,0.233,0.319,95.028,world-music
Parachute,Ingrid Michaelson,0.9942,0.027,0.851,0.122,39,False,0.47,0.747,4,-6.162,0,0.0509,0.124,0.0,0.0826,0.187,139.934,dubstep
The Chain,Ingrid Michaelson,0.9485,0.046,0.785,0.169,54,False,0.682,0.492,9,-13.151,1,0.0569,0.0162,0.0456,0.107,0.398,151.016,electronic
The Way I Am,Ingrid Michaelson,0.936,0.06,0.774,0.167,61,False,0.533,0.5,7,-8.273,1,0.0481,0.772,0.0,0.112,0.14,99.77,chill
This Is War,Ingrid Michaelson,-0.9733,0.194,0.677,0.129,66,False,0.402,0.723,6,-5.26,1,0.0579,0.0663,2e-06,0.233,0.224,160.047,grunge
Put Your Hands Up,Inna,0.9938,0.0,0.811,0.189,20,False,0.792,0.979,10,-5.625,0,0.19,0.0205,0.294,0.211,0.408,155.919,happy
Bury Me Alive,Insane Clown Posse,-0.9791,0.155,0.726,0.119,49,False,0.529,0.882,11,-2.962,0,0.0444,0.0208,1.32e-05,0.359,0.179,119.974,goth
It's All Over,Insane Clown Posse,-0.9444,0.113,0.805,0.082,41,False,0.51,0.97,1,-4.19,1,0.077,9.11e-05,0.904,0.417,0.173,150.011,drum-and-bass
Pass Me By,Insane Clown Posse,-0.9986,0.182,0.764,0.054,12,False,0.424,0.465,7,-6.157,1,0.0243,0.271,2.16e-06,0.304,0.485,103.273,honky-tonk
Prom Queen,Insane Clown Posse,0.993,0.084,0.77,0.146,82,False,0.528,0.797,4,-7.487,1,0.0485,0.000391,0.011,0.14,0.751,143.785,indie-pop
Questions,Insane Clown Posse,-0.9895,0.135,0.8,0.065,43,False,0.635,0.583,7,-8.474,0,0.269,0.8,0.0,0.109,0.366,102.012,dub
Elegantly Wasted,INXS,0.9849,0.139,0.585,0.276,1,False,0.736,0.781,5,-3.98,1,0.0443,0.00124,0.0138,0.0796,0.787,110.014,funk
Same Direction,INXS,-0.2787,0.095,0.857,0.048,56,False,0.401,0.988,2,-3.308,1,0.0916,0.00492,0.0,0.4,0.514,169.024,grunge
Wild Life,INXS,-0.8442,0.157,0.74,0.103,59,False,0.498,0.764,2,-8.096,1,0.0382,0.0118,0.0104,0.156,0.0557,115.975,piano
Another Life,Iron Maiden,-0.3476,0.141,0.679,0.18,40,False,0.456,0.285,5,-12.309,1,0.0303,0.851,0.152,0.122,0.0501,114.953,ambient
Childhood's End,Iron Maiden,-0.9914,0.351,0.551,0.098,47,False,0.673,0.386,9,-13.486,1,0.0411,0.242,0.000165,0.0872,0.194,125.08,psych-rock
Dance Of Death,Iron Maiden,-0.9968,0.215,0.674,0.11,41,False,0.298,0.868,4,-5.055,0,0.0879,0.0705,0.00691,0.139,0.3,130.457,hard-rock
Prowler,Iron Maiden,0.8663,0.0,0.873,0.127,6,False,0.587,0.801,10,-11.612,0,0.0682,0.0434,0.83,0.102,0.559,133.984,detroit-techno
Virus,Iron Maiden,-0.9893,0.204,0.716,0.08,36,False,0.246,0.63,0,-5.551,1,0.0336,0.00084,0.0088,0.292,0.211,126.457,blues
Wasted Years,Iron Maiden,-0.9581,0.146,0.786,0.068,47,False,0.462,0.574,8,-6.516,1,0.0259,0.0496,0.0,0.145,0.128,87.029,grunge
Wildest Dreams,Iron Maiden,0.0516,0.064,0.858,0.078,80,False,0.553,0.664,8,-7.417,1,0.0741,0.0709,0.0056,0.106,0.467,140.06,pop
Groove With You,Isley Brothers,0.9531,0.011,0.871,0.118,34,False,0.62,0.462,6,-10.173,0,0.0501,0.635,0.0232,0.117,0.414,163.277,disco
Move Your Body,Isley Brothers,0.9942,0.039,0.796,0.165,82,False,0.848,0.821,2,-5.408,0,0.0527,0.0169,0.000403,0.0962,0.249,125.051,brazil
Summer Breeze,Isley Brothers,0.5532,0.047,0.863,0.089,36,False,0.704,0.449,1,-10.623,0,0.0515,0.458,0.866,0.11,0.355,87.992,study
The Pride,Isley Brothers,0.9961,0.012,0.714,0.274,55,True,0.492,0.987,4,-3.398,1,0.122,8.96e-06,0.0,0.231,0.354,103.98,groove
He Knows My Name,Israel,0.9685,0.0,0.91,0.09,48,False,0.361,0.0755,5,-19.055,1,0.0363,0.759,0.0,0.126,0.102,122.596,world-music
Enchanted,J Cole,0.3898,0.114,0.756,0.131,37,False,0.382,0.223,3,-13.817,1,0.0324,0.903,3.23e-06,0.282,0.292,79.395,rockabilly
God's Gift,J Cole,-0.9913,0.205,0.678,0.117,22,False,0.45,0.63,7,-6.803,1,0.327,0.235,0.0,0.262,0.381,180.192,j-dance
All Good Things,Jackson Browne,0.9961,0.012,0.747,0.241,51,False,0.533,0.316,7,-11.435,1,0.0264,0.692,0.0,0.138,0.394,80.733,psych-rock
Holding,Jackson Browne,-0.0204,0.037,0.919,0.045,33,False,0.472,0.702,9,-8.965,1,0.0981,0.82,4.25e-05,0.362,0.351,104.656,bluegrass
Never Stop,Jackson Browne,0.9987,0.014,0.716,0.27,21,False,0.279,0.961,9,-3.239,1,0.567,0.0146,0.0,0.351,0.115,160.349,hardstyle
Rosie,Jackson Browne,0.9873,0.0,0.862,0.138,60,False,0.758,0.465,7,-6.547,1,0.0374,0.489,5.13e-05,0.116,0.758,138.9,singer-songwriter
Farewell Song,Janis Joplin,0.9613,0.138,0.69,0.172,38,False,0.177,0.177,9,-19.934,1,0.0427,0.935,0.891,0.493,0.0758,76.22,new-age
Get It While You Can,Janis Joplin,0.5815,0.253,0.519,0.228,29,False,0.594,0.432,7,-8.856,1,0.0305,0.593,0.00366,0.0862,0.445,103.81,bluegrass
93 Million Miles,Jason Mraz,0.9879,0.012,0.813,0.175,0,False,0.572,0.454,3,-10.286,1,0.0258,0.477,1.37e-05,0.0974,0.515,140.182,acoustic
Bella Luna,Jason Mraz,0.998,0.074,0.639,0.287,1,False,0.755,0.454,9,-9.609,0,0.0352,0.757,0.0,0.236,0.33,120.06,acoustic
Curbside Prophet,Jason Mraz,0.9913,0.043,0.825,0.133,23,False,0.619,0.793,5,-5.964,1,0.0661,0.263,0.0,0.0828,0.892,177.991,acoustic
Did You Get My Message?,Jason Mraz,0.979,0.058,0.826,0.116,0,True,0.502,0.988,2,-3.033,1,0.0923,0.000572,0.0,0.196,0.455,130.029,iranian
Galaxy,Jason Mraz,0.9991,0.083,0.627,0.29,58,False,0.722,0.582,10,-8.231,0,0.403,0.148,2.67e-06,0.044,0.892,169.917,chill
Long Drive,Jason Mraz,0.9127,0.039,0.869,0.091,43,False,0.527,0.578,7,-8.65,1,0.0327,0.197,3.34e-05,0.102,0.405,148.134,acoustic
Sleep All Day,Jason Mraz,-0.9291,0.07,0.893,0.036,22,False,0.616,0.81,2,-6.51,1,0.0668,0.369,0.0,0.107,0.79,97.994,acoustic
The Boy's Gone,Jason Mraz,0.9975,0.055,0.655,0.29,18,False,0.686,0.556,1,-8.5,0,0.0271,0.532,0.0,0.0922,0.36,112.997,acoustic
The Remedy,Jason Mraz,0.4689,0.105,0.774,0.121,11,True,0.466,0.759,11,-8.148,0,0.0311,0.0304,0.0405,0.171,0.659,180.021,industrial
The Woman I Love,Jason Mraz,0.9972,0.079,0.592,0.33,48,False,0.591,0.647,4,-8.34,1,0.0277,0.067,6.57e-05,0.231,0.678,79.68,acoustic
"Tonight, Not Again",Jason Mraz,0.994,0.066,0.698,0.236,18,False,0.595,0.805,8,-7.926,1,0.0543,0.0167,1.06e-05,0.0691,0.359,102.44,acoustic
Too Much Food,Jason Mraz,0.9485,0.091,0.785,0.124,20,False,0.626,0.926,2,-4.441,1,0.0477,0.0265,0.0,0.159,0.548,99.997,acoustic
Unfold,Jason Mraz,-0.6541,0.068,0.916,0.016,18,False,0.683,0.599,3,-6.686,0,0.0393,0.038,0.00343,0.141,0.0865,139.871,drum-and-bass
What It Takes,Jason Mraz,0.9967,0.028,0.819,0.154,59,True,0.517,0.88,8,-4.092,1,0.0776,0.00135,0.0,0.092,0.612,174.144,grunge
Ain't Your Mama,Jennifer Lopez,0.9954,0.022,0.821,0.156,71,False,0.757,0.678,8,-5.529,0,0.233,0.0472,9.14e-06,0.0654,0.82,120.075,dance
Come Over,Jennifer Lopez,0.9928,0.038,0.716,0.246,1,False,0.797,0.672,8,-6.135,1,0.0477,0.0442,0.0027,0.149,0.561,131.978,edm
Emotions,Jennifer Lopez,0.7472,0.121,0.714,0.164,61,False,0.466,0.416,5,-8.249,1,0.026,0.742,5.04e-06,0.249,0.516,98.78,rockabilly
Ride Or Die,Jennifer Lopez,-0.7964,0.138,0.734,0.128,59,False,0.875,0.727,10,-5.856,0,0.284,0.245,0.217,0.0639,0.302,124.028,electronic
Venus,Jennifer Lopez,0.9908,0.106,0.613,0.281,45,False,0.409,0.407,7,-11.483,1,0.0302,0.676,0.000153,0.101,0.329,134.977,ambient
Thursday,Jim Croce,0.9928,0.038,0.679,0.284,0,False,0.671,0.399,10,-7.129,1,0.0559,0.803,0.00047,0.117,0.343,86.062,alternative
Time In A Bottle,Jim Croce,0.9549,0.016,0.791,0.193,45,False,0.313,0.571,2,-5.607,1,0.0352,0.0306,0.0,0.567,0.163,137.109,british
Black Gold,Jimi Hendrix,0.8995,0.083,0.81,0.107,50,False,0.412,0.916,8,-5.596,1,0.298,0.0234,0.826,0.408,0.464,86.115,j-dance
Bleeding Heart,Jimi Hendrix,0.7452,0.14,0.689,0.172,41,False,0.764,0.566,7,-13.783,1,0.0402,0.104,0.871,0.111,0.0572,125.005,minimal-techno
My Friend,Jimi Hendrix,0.9907,0.083,0.761,0.157,9,False,0.416,0.16,9,-17.863,1,0.0559,0.975,0.173,0.086,0.562,88.454,romance
One Rainy Wish,Jimi Hendrix,0.9904,0.007,0.787,0.205,56,False,0.316,0.756,8,-6.315,1,0.1,0.294,0.429,0.351,0.332,165.963,psych-rock
Purple Haze,Jimi Hendrix,0.917,0.105,0.725,0.17,71,False,0.533,0.905,2,-5.27,1,0.0754,0.00876,0.578,0.0698,0.486,108.9,blues
Voodoo Child (Slight Return),Jimi Hendrix,0.9558,0.0,0.862,0.138,68,False,0.214,0.91,8,-6.662,1,0.389,0.477,0.00833,0.0517,0.448,175.549,blues
Wild Thing,Jimi Hendrix,0.9872,0.0,0.745,0.255,65,False,0.453,0.658,9,-13.472,1,0.0539,0.741,0.0288,0.135,0.761,203.871,british
Captain America,Jimmy Buffett,0.9966,0.046,0.715,0.238,40,False,0.452,0.267,5,-20.359,0,0.0339,0.684,0.875,0.0761,0.13,152.567,british
Livin' It Up,Jimmy Buffett,0.9451,0.042,0.849,0.11,0,False,0.41,0.947,6,-3.343,1,0.0747,0.00101,0.00477,0.26,0.502,197.856,country
Falling Leaves,John Denver,0.9887,0.065,0.745,0.19,47,False,0.806,0.349,8,-8.597,1,0.0369,0.597,0.766,0.0936,0.561,75.039,study
Flight,John Denver,0.9842,0.0,0.859,0.141,57,False,0.433,0.758,2,-5.736,1,0.662,0.0409,2.64e-05,0.102,0.22,87.402,chill
Gimme Your Love,John Denver,0.9981,0.021,0.6,0.379,41,False,0.715,0.701,1,-5.575,0,0.0357,0.0921,0.558,0.0984,0.265,85.994,trip-hop
In My Heart,John Denver,0.8302,0.068,0.821,0.111,47,False,0.565,0.218,3,-15.919,0,0.0679,0.927,0.848,0.0902,0.175,186.131,chill
Love Again,John Denver,0.9867,0.089,0.704,0.207,62,False,0.643,0.417,4,-10.155,1,0.186,0.809,0.0147,0.168,0.355,94.435,chill
Molly,John Denver,0.7663,0.093,0.772,0.135,47,True,0.817,0.679,1,-6.469,1,0.174,0.0256,3.51e-06,0.0719,0.349,154.972,german
My Heart,John Denver,-0.5072,0.067,0.88,0.053,45,False,0.543,0.638,7,-6.875,1,0.0258,0.103,0.000232,0.132,0.481,102.719,acoustic
Pegasus,John Denver,0.9431,0.077,0.797,0.125,40,True,0.696,0.684,1,-6.064,1,0.342,0.257,4.94e-06,0.246,0.46,141.848,german
Polka Dots And Moonbeams,John Denver,0.91,0.013,0.865,0.121,51,False,0.53,0.114,7,-18.069,1,0.0475,0.991,0.902,0.137,0.369,92.249,guitar
Ponies,John Denver,0.9463,0.056,0.788,0.156,33,False,0.787,0.714,7,-8.492,1,0.049,0.489,0.00655,0.22,0.408,129.758,children
Bliss,John Legend,0.9989,0.029,0.649,0.322,4,False,0.537,0.957,11,-4.69,0,0.0457,0.00146,0.895,0.325,0.799,138.001,iranian
Caught Up,John Legend,0.9979,0.016,0.73,0.253,2,False,0.704,0.822,5,-4.69,0,0.0366,0.0097,0.00117,0.147,0.541,122.031,edm
Made To Love,John Legend,0.9985,0.031,0.673,0.295,28,False,0.447,0.808,2,-5.061,1,0.0377,0.0484,2.78e-05,0.524,0.539,136.96,rockabilly
The Beginning,John Legend,0.5994,0.03,0.923,0.047,18,False,0.443,0.952,0,-6.306,1,0.0604,0.000151,0.351,0.0929,0.433,172.015,drum-and-bass
Sapphire,John Martyn,0.9805,0.159,0.6,0.241,49,False,0.402,0.76,8,-8.138,0,0.0386,1.05e-05,0.85,0.0791,0.199,74.999,black-metal
Ava Maria,John McDermott,0.0,0.0,1.0,0.0,20,False,0.202,0.2,5,-15.15,1,0.0351,0.952,0.0151,0.0753,0.0757,85.576,opera
Song For The Mira,John McDermott,0.9759,0.079,0.762,0.159,22,False,0.381,0.285,4,-9.147,1,0.0355,0.66,0.0,0.0844,0.327,123.469,opera
The Dutchman,John McDermott,0.9011,0.026,0.91,0.064,20,False,0.447,0.316,5,-10.902,1,0.0303,0.718,0.0,0.115,0.356,78.095,opera
I Saw Mommy Kissing Santa Claus,John Mellencamp,0.9136,0.0,0.914,0.086,0,False,0.498,0.0538,0,-19.137,1,0.0565,0.993,0.908,0.156,0.16,80.057,piano
Make Me Feel,John Mellencamp,-0.1806,0.131,0.727,0.142,0,True,0.859,0.413,1,-7.399,1,0.18,0.136,0.0,0.334,0.699,115.036,alternative
Shy,John Mellencamp,-0.9892,0.312,0.595,0.094,55,False,0.727,0.531,8,-8.219,1,0.0321,0.301,0.000343,0.152,0.94,105.617,garage
Summer Of Love,John Mellencamp,0.9813,0.053,0.731,0.216,5,False,0.655,0.896,11,-4.812,1,0.0772,0.0153,1.26e-05,0.0793,0.82,124.019,chicago-house
Survive,John Mellencamp,0.9359,0.087,0.779,0.134,0,False,0.448,0.13,0,-16.808,1,0.0318,0.399,1.05e-05,0.103,0.369,146.689,folk
The Man Who Sold The World,John Mellencamp,-0.4066,0.122,0.791,0.087,76,False,0.483,0.753,1,-8.937,0,0.0832,0.425,0.000142,0.257,0.42,115.102,alt-rock
Automobile,John Prine,0.9446,0.012,0.899,0.089,1,False,0.692,0.553,2,-6.164,1,0.0389,0.596,3.01e-05,0.305,0.356,125.903,alt-rock
Onomatopoeia,John Prine,-0.9407,0.128,0.823,0.049,12,False,0.826,0.313,7,-11.156,1,0.297,0.262,2.77e-06,0.117,0.695,157.962,kids
(We're Not) The Jet Set,John Prine,0.9354,0.07,0.812,0.118,20,False,0.355,0.272,9,-14.011,1,0.0358,0.587,2.5e-06,0.258,0.447,181.275,honky-tonk
All I Want For Christmas,John Waite,0.9934,0.019,0.734,0.247,0,False,0.588,0.332,0,-12.255,1,0.0542,0.59,4.45e-06,0.0468,0.153,86.985,british
Broken Heart,John Waite,-0.3213,0.137,0.756,0.108,49,False,0.8,0.887,3,-3.257,1,0.0354,0.286,0.0,0.196,0.347,107.987,deep-house
Evil,John Waite,-0.9961,0.287,0.547,0.165,52,False,0.288,0.904,0,-9.455,1,0.114,0.000273,0.382,0.0894,0.556,133.838,death-metal
Restless Heart,John Waite,-0.9567,0.189,0.705,0.106,28,False,0.599,0.821,9,-4.007,1,0.0328,0.318,0.0,0.243,0.903,133.557,rockabilly
Saturday Night,John Waite,0.9575,0.054,0.79,0.156,28,False,0.419,0.931,8,-1.409,1,0.0416,7.88e-05,1.17e-05,0.102,0.498,93.971,hard-rock
The Choice,John Waite,0.9893,0.037,0.818,0.144,56,False,0.303,0.00338,4,-30.932,0,0.0493,0.909,0.89,0.116,0.347,50.96,ambient
Custer,Johnny Cash,-0.9918,0.195,0.796,0.009,39,True,0.407,0.98,7,-1.58,1,0.107,0.00174,0.000112,0.119,0.537,131.067,metal
God's Gonna Cut You Down,Johnny Cash,-0.9261,0.106,0.842,0.052,57,False,0.504,0.754,8,-5.182,1,0.0424,0.139,0.0,0.126,0.583,82.009,industrial
He Stopped Loving Her Today,Johnny Cash,0.9844,0.053,0.758,0.189,54,False,0.333,0.232,8,-14.605,1,0.0366,0.785,0.000548,0.252,0.398,144.788,honky-tonk
I Love You Because,Johnny Cash,0.9976,0.029,0.565,0.406,14,False,0.662,0.249,7,-13.972,1,0.0319,0.488,0.0,0.196,0.589,127.722,honky-tonk
I See A Darkness,Johnny Cash,0.9864,0.132,0.613,0.255,22,False,0.799,0.568,5,-8.832,0,0.0495,0.00764,0.221,0.255,0.353,124.004,minimal-techno
I Won't Back Down,Johnny Cash,0.1586,0.07,0.833,0.097,1,False,0.765,0.63,7,-9.751,1,0.0304,0.0467,3.06e-05,0.223,0.963,113.967,rock
Amelia,Joni Mitchell,-0.1886,0.151,0.712,0.137,48,False,0.84,0.526,11,-8.039,1,0.0704,0.0255,0.0,0.167,0.706,111.987,dub
Bad Dreams,Joni Mitchell,-0.9636,0.244,0.578,0.179,13,False,0.267,0.966,7,-4.365,1,0.169,0.000173,0.207,0.311,0.42,87.998,grindcore
Be Cool,Joni Mitchell,0.9779,0.166,0.551,0.283,49,False,0.73,0.849,1,-3.263,1,0.0507,0.206,8.53e-06,0.0773,0.653,98.014,deep-house
Awake,Josh Groban,0.1238,0.068,0.868,0.065,58,False,0.552,0.877,1,-5.765,1,0.0353,0.0585,0.899,0.0746,0.597,176.05,electronic
Changing Colours,Josh Groban,0.6705,0.041,0.913,0.046,21,False,0.415,0.379,2,-8.423,1,0.0314,0.694,0.0,0.0881,0.226,136.66,opera
Hollow Talk,Josh Groban,-0.2537,0.102,0.807,0.091,21,False,0.579,0.224,2,-13.55,0,0.0315,0.514,0.0408,0.124,0.15,124.035,opera
Panis Angelicus,Josh Groban,0.6124,0.0,0.914,0.086,22,False,0.114,0.137,7,-15.012,1,0.0374,0.913,0.00168,0.0987,0.0699,71.606,opera
Play Me,Josh Groban,0.9587,0.033,0.84,0.127,25,False,0.463,0.334,5,-10.853,1,0.0293,0.624,0.000318,0.0934,0.375,143.978,opera
After All These Years,Journey,0.9962,0.036,0.725,0.239,47,False,0.411,0.585,11,-5.563,1,0.0314,0.151,0.0,0.101,0.17,127.618,hard-rock
Karma,Journey,0.4467,0.069,0.831,0.1,40,False,0.587,0.394,8,-12.978,0,0.0953,0.278,0.0,0.262,0.211,163.71,anime
Loved By You,Journey,0.9948,0.077,0.677,0.246,0,False,0.79,0.724,1,-6.972,1,0.0852,0.0696,2.33e-06,0.113,0.642,101.04,pop
Never Too Late,Journey,-0.1531,0.103,0.805,0.091,70,False,0.433,0.778,2,-4.68,0,0.0371,0.00838,0.0,0.163,0.217,149.864,grunge
Resonate,Journey,0.9876,0.05,0.771,0.179,48,False,0.698,0.743,9,-7.804,1,0.11,0.284,0.0172,0.411,0.0442,111.993,club
Rubicon,Journey,-0.0345,0.086,0.828,0.085,28,False,0.628,0.863,8,-7.723,1,0.0371,0.0168,0.701,0.204,0.532,134.015,industrial
Separate Ways,Journey,0.9945,0.142,0.571,0.288,23,False,0.525,0.436,11,-16.268,0,0.0313,0.96,0.907,0.17,0.195,129.003,anime
Tantra,Journey,0.9942,0.045,0.744,0.21,45,False,0.498,0.64,1,-6.187,1,0.142,0.0219,0.0023,0.655,0.0985,139.841,dubstep
Wildest Dream,Journey,0.9954,0.028,0.755,0.217,47,False,0.545,0.839,1,-4.24,1,0.0468,0.0223,0.0,0.0714,0.276,127.987,progressive-house
Decades,Joy Division,-0.8636,0.119,0.833,0.048,28,False,0.468,0.609,7,-7.693,1,0.0322,0.428,3.31e-05,0.121,0.517,146.829,bluegrass
Digital,Joy Division,-0.5106,0.032,0.956,0.012,16,False,0.649,0.849,10,-6.559,0,0.0485,0.12,0.712,0.355,0.708,166.817,breakbeat
Disorder,Joy Division,0.8022,0.095,0.715,0.19,33,False,0.597,0.915,1,-4.59,1,0.0666,0.00273,0.0,0.304,0.584,99.012,anime
In A Lonely Place,Joy Division,0.9118,0.098,0.657,0.245,25,False,0.655,0.294,3,-18.744,0,0.0344,0.629,0.000356,0.0609,0.523,125.857,power-pop
Novelty,Joy Division,0.5539,0.061,0.869,0.07,18,False,0.133,0.834,10,-11.144,0,0.0829,6.79e-05,0.84,0.122,0.41,159.837,grindcore
The Kill,Joy Division,0.705,0.093,0.793,0.114,76,False,0.179,0.912,4,-3.881,0,0.0791,0.0014,0.000294,0.582,0.289,182.99,grunge
The Sound Of Music,Joy Division,0.6494,0.148,0.681,0.171,52,False,0.272,0.0505,5,-21.689,1,0.0371,0.963,8.53e-05,0.0949,0.155,88.203,disney
Wilderness,Joy Division,-0.9514,0.168,0.807,0.025,53,False,0.499,0.209,3,-16.668,1,0.0305,0.882,0.00491,0.088,0.138,82.892,acoustic
Blood Red Skies,Judas Priest,-0.9871,0.172,0.759,0.069,34,False,0.42,0.95,5,-6.586,0,0.0546,0.000984,0.497,0.373,0.409,95.844,death-metal
Burn In Hell,Judas Priest,-0.9984,0.346,0.517,0.136,25,False,0.507,0.871,11,-9.516,0,0.041,1.61e-05,1.92e-06,0.0875,0.65,117.004,death-metal
Eat Me Alive,Judas Priest,0.946,0.051,0.764,0.185,16,False,0.398,0.872,1,-6.065,1,0.168,0.00137,0.232,0.0981,0.18,109.998,club
Jawbreaker,Judas Priest,-0.8126,0.15,0.78,0.069,45,False,0.839,0.48,0,-10.239,0,0.0872,8.28e-06,0.877,0.0738,0.414,125.013,minimal-techno
Living After Midnight,Judas Priest,0.765,0.0,0.955,0.045,64,False,0.61,0.824,4,-6.046,1,0.0534,0.0136,1.75e-06,0.0606,0.819,134.992,hard-rock
Lost Love,Judas Priest,0.9569,0.037,0.829,0.134,58,False,0.692,0.583,2,-8.113,1,0.189,0.97,0.0458,0.257,0.885,80.895,sad
Love You To Death,Judas Priest,0.8946,0.128,0.696,0.176,49,False,0.574,0.344,4,-8.995,1,0.0345,0.421,0.0,0.0804,0.0987,147.924,acoustic
"Red, White And Blue",Judas Priest,0.846,0.053,0.829,0.118,0,False,0.497,0.879,11,-4.81,1,0.0583,0.0755,0.0,0.0651,0.276,74.977,country
Subterfuge,Judas Priest,-0.9769,0.225,0.639,0.136,11,False,0.467,0.99,5,-4.133,0,0.196,3.74e-06,0.955,0.269,0.141,107.894,grindcore
The Ripper,Judas Priest,-0.9848,0.24,0.694,0.066,17,False,0.756,0.94,5,-2.353,0,0.221,0.00414,0.696,0.0825,0.51,172.071,drum-and-bass
The Unforgiven II,Judas Priest,-0.9813,0.152,0.752,0.096,66,False,0.497,0.89,8,-4.559,0,0.0445,0.00055,0.00129,0.255,0.249,133.047,hard-rock
You've Got Another Thing Coming,Judas Priest,-0.867,0.104,0.804,0.092,67,False,0.519,0.833,6,-6.947,0,0.0496,0.00572,4.33e-06,0.104,0.532,138.225,hard-rock
John Deere Tractor,Judds,0.9723,0.0,0.851,0.149,23,False,0.425,0.104,6,-17.586,1,0.0321,0.673,0.0017,0.0982,0.26,119.931,bluegrass
Eenie Meenie,Justin Bieber,0.9509,0.064,0.842,0.094,47,False,0.696,0.449,1,-10.647,1,0.154,0.872,0.00635,0.124,0.289,173.809,chill
Fa La La,Justin Bieber,0.9851,0.005,0.876,0.119,1,False,0.658,0.679,10,-8.606,0,0.0361,0.0207,3.15e-06,0.198,0.42,94.489,pop
Love Yourself,Justin Bieber,0.9768,0.131,0.715,0.153,84,False,0.609,0.378,4,-9.828,1,0.438,0.835,0.0,0.28,0.515,100.418,pop
Mistletoe,Justin Bieber,0.9983,0.008,0.751,0.241,0,False,0.604,0.345,6,-8.554,1,0.071,0.754,0.0,0.124,0.818,81.101,indie-pop
Only Thing I Ever Get For Christmas,Justin Bieber,0.9961,0.0,0.805,0.195,1,False,0.54,0.63,10,-8.032,1,0.0494,0.217,0.0,0.111,0.321,85.648,pop
Right Here,Justin Bieber,0.9929,0.037,0.792,0.171,46,False,0.487,0.627,10,-6.506,0,0.0304,0.00141,3e-05,0.109,0.219,112.269,grunge
Second Chance,Justin Bieber,0.9882,0.056,0.758,0.186,69,False,0.46,0.796,0,-4.501,0,0.0333,0.00107,0.0,0.106,0.182,100.011,grunge
The Most,Justin Bieber,0.469,0.08,0.816,0.104,45,False,0.576,0.731,2,-11.084,1,0.0272,0.00653,0.851,0.308,0.181,111.98,minimal-techno
Uh Oh,Justin Bieber,0.9992,0.018,0.746,0.236,54,False,0.639,0.864,11,-4.658,1,0.0437,0.0477,0.0,0.0643,0.929,132.022,emo
Blindness,Justin Timberlake,-0.834,0.131,0.772,0.098,0,True,0.396,0.976,7,-3.214,0,0.0681,0.000572,5.96e-06,0.344,0.517,159.947,iranian
Electric Lady,Justin Timberlake,0.9781,0.074,0.788,0.138,47,False,0.456,0.834,3,-4.873,0,0.0673,0.0213,0.00214,0.126,0.165,75.018,dub
Love Stoned,Justin Timberlake,0.9851,0.127,0.719,0.154,30,False,0.635,0.72,8,-6.642,0,0.0343,0.00132,0.0196,0.0984,0.358,128.022,disco
Senorita,Justin Timberlake,0.8572,0.09,0.803,0.107,0,False,0.556,0.901,4,-7.289,1,0.0311,0.261,0.000267,0.105,0.932,129.888,alt-rock
Signs,Justin Timberlake,-0.9055,0.098,0.85,0.053,25,False,0.376,0.68,7,-5.775,1,0.0292,0.543,0.00222,0.088,0.428,153.753,bluegrass
Work It,Justin Timberlake,0.993,0.033,0.863,0.104,19,True,0.812,0.853,9,-4.691,0,0.0751,0.287,1.24e-06,0.375,0.526,99.988,j-dance
Champion,Kanye West,0.9981,0.04,0.772,0.188,56,False,0.31,0.905,0,-4.109,1,0.253,0.000927,3.1e-05,0.431,0.309,187.796,emo
Classic,Kanye West,0.9966,0.068,0.776,0.157,82,False,0.72,0.791,1,-4.689,1,0.124,0.0384,0.0,0.157,0.756,102.071,rock
Flashing Lights,Kanye West,0.9791,0.082,0.777,0.141,24,False,0.533,0.808,4,-5.139,0,0.048,0.0233,0.0,0.282,0.274,140.04,drum-and-bass
Good Life,Kanye West,0.9896,0.065,0.787,0.148,58,False,0.716,0.783,4,-12.876,0,0.0496,0.172,0.0346,0.0327,0.952,121.306,detroit-techno
I'll Fly Away,Kanye West,0.9566,0.099,0.677,0.224,20,False,0.452,0.55,7,-11.174,1,0.0353,0.544,0.796,0.147,0.942,112.787,bluegrass
Late,Kanye West,-0.609,0.07,0.869,0.061,60,False,0.348,0.00533,6,-37.7,0,0.0415,0.986,0.898,0.108,0.216,103.431,ambient
Southside,Kanye West,0.9813,0.053,0.849,0.098,27,True,0.855,0.54,11,-11.762,1,0.305,0.123,0.000318,0.0793,0.792,140.031,malay
Holy Spirit,Kari Jobe,0.9739,0.072,0.687,0.241,50,False,0.384,0.493,2,-8.718,1,0.0382,0.0164,0.0,0.101,0.0601,143.711,world-music
I Am Not Alone,Kari Jobe,0.903,0.063,0.765,0.172,46,False,0.568,0.18,7,-11.707,1,0.0284,0.758,6.17e-05,0.111,0.228,112.033,acoustic
Love Came Down,Kari Jobe,0.997,0.032,0.731,0.238,46,False,0.401,0.683,8,-5.722,1,0.0401,0.181,0.0,0.0837,0.226,135.951,world-music
Rise,Kari Jobe,0.9884,0.087,0.643,0.27,60,False,0.401,0.58,7,-6.86,1,0.0541,0.906,0.217,0.134,0.526,173.277,acoustic
Army Dreamers,Kate Bush,0.286,0.144,0.718,0.138,3,False,0.703,0.225,4,-11.366,0,0.0511,0.731,4.59e-06,0.102,0.399,143.248,piano
Atlantis,Kate Bush,-0.168,0.094,0.83,0.076,33,False,0.561,0.407,8,-10.254,0,0.111,0.783,0.455,0.472,0.318,165.862,chill
Babooshka,Kate Bush,0.9698,0.031,0.828,0.141,0,False,0.47,0.439,8,-8.892,1,0.0322,0.741,1.64e-05,0.0707,0.287,108.037,piano
Cloudbusting,Kate Bush,0.9048,0.071,0.786,0.143,62,False,0.68,0.248,1,-17.465,0,0.0328,0.696,8.88e-06,0.0839,0.812,112.806,piano
Feel It,Kate Bush,0.9979,0.013,0.643,0.344,23,True,0.552,0.57,11,-6.481,0,0.195,0.495,3.44e-06,0.124,0.281,76.62,j-dance
Hounds Of Love,Kate Bush,0.9982,0.068,0.628,0.304,61,False,0.546,0.748,5,-13.989,1,0.0384,0.505,0.0,0.16,0.9,145.582,piano
Lily,Kate Bush,0.004,0.099,0.807,0.094,74,False,0.423,0.634,6,-5.877,0,0.0578,0.196,0.0,0.189,0.467,150.978,electro
Misty,Kate Bush,-0.4856,0.123,0.746,0.131,0,False,0.194,0.288,5,-10.647,1,0.0359,0.892,1.84e-06,0.336,0.143,66.13,jazz
Running Up That Hill,Kate Bush,-0.5052,0.104,0.777,0.119,56,False,0.504,0.936,8,-7.0,1,0.0447,9.43e-05,2.33e-05,0.368,0.275,111.96,metalcore
Violin,Kate Bush,-0.9269,0.102,0.882,0.016,67,True,0.83,0.875,2,-4.212,1,0.094,0.0695,0.000877,0.117,0.675,139.9,alternative
Electric Feel,Katy Perry,0.5267,0.058,0.865,0.077,77,False,0.763,0.803,1,-3.713,1,0.0351,0.0709,0.285,0.348,0.561,103.04,alt-rock
E.T.,Katy Perry,0.8957,0.112,0.736,0.153,0,False,0.603,0.863,5,-5.423,0,0.0773,0.0178,0.0,0.389,0.731,150.054,dance
Hackensack,Katy Perry,0.25,0.028,0.937,0.034,47,False,0.675,0.52,3,-9.515,1,0.0317,0.543,0.000256,0.0965,0.701,117.008,power-pop
Naturally,Katy Perry,0.9575,0.112,0.698,0.19,9,False,0.764,0.805,8,-4.165,1,0.0371,0.0377,0.895,0.0803,0.822,122.0,detroit-techno
Teenage Dream,Katy Perry,0.9403,0.086,0.789,0.125,46,False,0.642,0.408,10,-8.168,1,0.0396,0.729,0.0,0.185,0.411,119.81,acoustic
Wide Awake,Katy Perry,0.851,0.055,0.843,0.102,45,False,0.475,0.807,2,-6.706,1,0.0411,0.121,0.0333,0.0792,0.0396,120.017,dub
Good Thing,Keith Urban,0.9896,0.063,0.705,0.233,0,True,0.693,0.565,1,-3.854,0,0.0378,0.396,0.0,0.0409,0.588,185.916,edm
I'm In,Keith Urban,0.9969,0.044,0.728,0.229,14,False,0.486,0.55,11,-8.223,1,0.0256,0.315,0.000502,0.285,0.177,98.915,synth-pop
Stuck In The Middle,Keith Urban,0.3001,0.118,0.749,0.132,66,True,0.862,0.564,2,-6.566,1,0.0425,0.278,0.0,0.0935,0.836,119.952,indie-pop
A Moment Like This,Kelly Clarkson,0.9981,0.008,0.674,0.318,57,False,0.261,0.562,8,-3.667,1,0.0301,0.423,7.54e-06,0.131,0.167,70.543,british
Fed Up,Kelly Clarkson,-0.9839,0.204,0.707,0.089,76,True,0.849,0.758,8,-7.498,1,0.256,0.499,0.695,0.147,0.0684,115.058,hip-hop
It's Quiet Uptown,Kelly Clarkson,0.7798,0.06,0.869,0.071,62,False,0.484,0.187,5,-14.076,1,0.0423,0.796,0.0,0.0785,0.227,129.753,show-tunes
Run Run Rudolph,Kelly Clarkson,0.9787,0.057,0.725,0.218,2,False,0.606,0.972,9,-4.872,1,0.0459,0.0217,0.000161,0.338,0.856,151.049,country
Sober,Kelly Clarkson,0.8946,0.047,0.855,0.098,53,False,0.757,0.142,1,-18.249,1,0.049,0.473,0.539,0.122,0.0383,110.164,chill
Think Twice,Kelly Clarkson,0.0892,0.066,0.89,0.044,0,False,0.67,0.665,0,-6.109,1,0.296,0.101,0.0,0.106,0.537,84.976,dancehall
Timeless,Kelly Clarkson,0.9686,0.014,0.853,0.133,12,False,0.343,0.345,4,-16.941,1,0.137,0.902,0.8,0.304,0.0381,180.033,idm
Where You Are,Kelly Clarkson,0.9592,0.063,0.746,0.191,41,True,0.51,0.684,4,-8.953,1,0.0394,0.541,0.0,0.156,0.564,158.056,sad
Another World,Kelly Family,-0.7828,0.095,0.853,0.052,43,False,0.776,0.362,8,-6.793,1,0.065,0.0161,0.05,0.119,0.339,118.965,breakbeat
Ain't That Love,Kenny Chesney,0.999,0.016,0.639,0.345,0,False,0.751,0.467,10,-9.535,1,0.327,0.303,0.0,0.163,0.774,118.11,blues
All I Want For Christmas Is A Real Good Tan,Kenny Chesney,0.9978,0.004,0.756,0.24,0,False,0.593,0.455,6,-8.192,1,0.0388,0.366,0.0,0.0914,0.564,202.019,acoustic
Baptism,Kenny Chesney,0.995,0.021,0.793,0.186,18,True,0.688,0.713,1,-6.427,1,0.45,0.0567,0.0,0.187,0.737,184.853,trip-hop
Boston,Kenny Chesney,-0.8871,0.119,0.806,0.076,63,False,0.404,0.571,0,-5.069,1,0.0303,0.182,2.08e-05,0.129,0.29,147.01,acoustic
Coastal,Kenny Chesney,0.952,0.033,0.844,0.124,27,False,0.878,0.693,9,-8.616,0,0.137,0.305,0.927,0.196,0.618,139.978,study
Fall In Love,Kenny Chesney,0.9885,0.029,0.75,0.221,50,False,0.692,0.836,8,-5.411,0,0.0559,0.0138,0.00852,0.0701,0.683,126.003,groove
Like Me,Kenny Chesney,0.9946,0.007,0.765,0.228,21,True,0.524,0.812,6,-5.804,1,0.0397,0.0825,0.000358,0.199,0.363,150.004,club
Save It For A Rainy Day,Kenny Chesney,0.9724,0.148,0.673,0.179,51,False,0.632,0.757,11,-3.536,1,0.0267,0.278,0.0,0.358,0.718,124.805,power-pop
The Life,Kenny Chesney,0.9904,0.04,0.792,0.168,0,False,0.797,0.53,5,-8.876,1,0.025,0.575,0.000203,0.107,0.721,101.953,country
White Lightnin',Kenny Chesney,0.8735,0.009,0.916,0.074,26,False,0.603,0.717,8,-12.338,1,0.0622,0.685,1.59e-05,0.105,0.943,149.092,honky-tonk
Whiskey,Kenny Loggins,0.8547,0.102,0.76,0.138,56,False,0.679,0.455,7,-8.174,0,0.382,0.0492,0.00405,0.284,0.838,134.81,dancehall
After All This Time,Kenny Rogers,0.9897,0.021,0.784,0.195,45,False,0.544,0.782,4,-6.649,1,0.0463,0.224,0.0,0.195,0.82,176.041,british
Don't Fall In Love With A Dreamer,Kenny Rogers,-0.1789,0.079,0.853,0.068,0,False,0.528,0.391,9,-9.39,1,0.0253,0.0333,0.0,0.115,0.201,80.31,country
I Don't Need You,Kenny Rogers,-0.7389,0.152,0.756,0.092,60,False,0.665,0.904,11,-6.234,1,0.0948,0.288,0.0162,0.427,0.0925,116.01,deep-house
Flying High,Kid Rock,0.9919,0.045,0.778,0.178,44,False,0.761,0.73,0,-5.704,1,0.0393,0.593,0.016,0.0908,0.587,122.004,deep-house
So Hott,Kid Rock,0.9491,0.165,0.597,0.237,1,False,0.874,0.748,1,-4.342,1,0.115,0.00171,0.0,0.124,0.833,108.976,dancehall
Carry Me Home,The Killers,-0.5982,0.086,0.834,0.08,61,False,0.481,0.715,11,-7.14,1,0.0661,0.023,0.00213,0.181,0.222,131.452,alt-rock
Daddy's Eyes,The Killers,0.9776,0.111,0.721,0.168,0,False,0.567,0.651,2,-4.693,1,0.0405,0.447,0.0,0.59,0.189,123.903,german
Don't Shoot Me Santa,The Killers,0.6377,0.125,0.727,0.147,0,False,0.588,0.847,8,-4.164,1,0.0705,0.0601,0.0,0.307,0.662,120.041,alt-rock
Runaways,The Killers,0.9793,0.079,0.772,0.149,33,False,0.341,0.98,1,-3.801,0,0.149,0.000916,3.28e-06,0.362,0.521,186.712,emo
This Is Your Life,The Killers,0.9303,0.085,0.755,0.16,14,True,0.314,0.933,4,-7.368,0,0.0873,1.82e-05,0.51,0.234,0.583,149.535,grindcore
Tidal Wave,The Killers,0.0211,0.07,0.859,0.071,58,False,0.522,0.868,5,-5.307,1,0.0412,0.0446,1.3e-06,0.635,0.514,173.96,drum-and-bass
Who Do You Think You Are,Kim Wilde,-0.9612,0.105,0.842,0.053,27,False,0.436,0.972,10,-2.589,0,0.0782,0.0381,0.0642,0.581,0.434,174.894,drum-and-bass
Eyes Wide Open,King Crimson,0.9559,0.0,0.87,0.13,0,False,0.29,0.936,1,-3.876,0,0.211,0.000481,0.0275,0.0573,0.432,167.818,alt-rock
Sleepless,King Crimson,-0.3726,0.124,0.743,0.133,50,False,0.467,0.532,7,-7.519,1,0.0339,0.897,0.144,0.101,0.121,72.49,ambient
The Great Deceiver,King Crimson,0.9801,0.042,0.785,0.172,57,False,0.373,0.985,10,-4.199,0,0.114,5.84e-06,0.549,0.254,0.279,169.967,death-metal
Arrival,King Diamond,-0.8689,0.132,0.809,0.059,61,False,0.101,0.0162,2,-30.002,1,0.0442,0.975,0.974,0.104,0.162,88.996,sleep
Devil Eyes,King Diamond,-0.9956,0.373,0.533,0.094,25,False,0.402,0.758,0,-12.155,1,0.0354,0.0162,0.00701,0.0842,0.726,131.788,death-metal
Living Dead,King Diamond,-0.9957,0.263,0.704,0.033,20,False,0.293,0.955,10,-5.383,0,0.0594,7.41e-06,0.829,0.289,0.327,170.004,black-metal
Moving On,King Diamond,-0.9769,0.163,0.8,0.037,59,True,0.821,0.41,0,-5.587,1,0.045,0.0172,0.0,0.113,0.197,131.963,emo
Omens,King Diamond,-0.9331,0.158,0.842,0.0,55,True,0.465,0.986,2,-5.551,1,0.0803,0.00024,0.102,0.37,0.261,95.518,groove
The Wedding Dream,King Diamond,0.367,0.149,0.69,0.161,22,False,0.293,0.819,4,-12.758,0,0.0519,0.0199,0.136,0.19,0.189,83.852,death-metal
Welcome Home,King Diamond,0.9696,0.031,0.836,0.133,63,False,0.598,0.488,6,-10.905,1,0.0307,0.741,0.779,0.0945,0.396,144.977,folk
A Well Respected Man,Kinks,0.9975,0.0,0.726,0.274,31,False,0.511,0.887,9,-5.05,0,0.182,0.205,0.0,0.042,0.614,161.62,psych-rock
Afternoon Tea,Kinks,0.9738,0.0,0.867,0.133,28,False,0.747,0.413,5,-8.606,0,0.144,0.78,0.877,0.132,0.442,75.01,study
All Aboard,Kinks,0.9918,0.02,0.629,0.351,31,False,0.454,0.568,4,-10.225,0,0.0349,0.222,0.00177,0.35,0.49,157.812,bluegrass
Bernadette,Kinks,0.8851,0.08,0.812,0.108,44,False,0.169,0.685,7,-6.127,0,0.0417,0.173,0.00338,0.0886,0.117,67.469,industrial
Better Things,Kinks,0.9976,0.038,0.615,0.348,30,False,0.439,0.966,2,-2.641,1,0.0693,0.00815,7.21e-06,0.148,0.607,166.976,hardcore
Dandy,Kinks,0.3252,0.061,0.867,0.073,36,False,0.344,0.393,2,-9.115,1,0.0301,0.731,7.38e-05,0.121,0.319,81.733,samba
Destroyer,Kinks,-0.9971,0.267,0.623,0.109,25,False,0.519,0.966,10,-1.819,0,0.0576,0.00014,0.000421,0.244,0.313,94.965,goth
Good Day,Kinks,0.9993,0.053,0.63,0.317,0,False,0.937,0.353,11,-12.17,1,0.0458,0.691,2.77e-05,0.133,0.863,124.966,soul
Live Life,Kinks,0.0287,0.065,0.869,0.066,54,False,0.861,0.658,7,-3.473,1,0.0731,0.0218,0.00179,0.0972,0.535,100.003,dancehall
New World,Kinks,0.7657,0.051,0.873,0.076,51,False,0.681,0.768,6,-4.356,0,0.0774,0.0314,0.0,0.0839,0.718,162.976,dub
All We Have Is Now,Kirk Franklin,-0.5057,0.081,0.86,0.059,43,False,0.467,0.965,6,-5.915,0,0.0427,0.00512,0.898,0.0488,0.441,121.988,techno
Still In Love,Kirk Franklin,0.998,0.049,0.737,0.214,37,False,0.47,0.669,7,-7.454,1,0.0358,0.129,0.0,0.196,0.35,80.066,dub
Fairytale Of New York,Kirsty Maccoll,0.8825,0.123,0.699,0.178,0,False,0.447,0.555,2,-6.018,1,0.0349,0.218,3.46e-06,0.124,0.33,117.888,acoustic
Head,Kirsty Maccoll,-0.9199,0.25,0.652,0.098,18,False,0.823,0.861,11,-9.567,0,0.125,0.000646,0.836,0.14,0.235,128.039,trip-hop
London Bridge Is Falling Down,Kirsty Maccoll,-0.8299,0.197,0.693,0.11,46,False,0.748,0.507,7,-11.522,1,0.0501,0.545,1.09e-05,0.0636,0.942,149.977,children
Walk Right Back,Kirsty Maccoll,0.661,0.105,0.756,0.139,54,False,0.625,0.358,1,-13.199,1,0.0342,0.749,0.0,0.0593,0.871,135.797,rockabilly
Betrayed,Kiss,-0.9934,0.319,0.545,0.136,70,True,0.821,0.434,10,-9.194,0,0.118,0.434,0.0,0.128,0.241,120.012,emo
Creatures Of The Night,Kiss,-0.93,0.195,0.769,0.036,1,False,0.497,0.983,5,-5.19,0,0.109,8.3e-05,0.0145,0.119,0.0693,121.397,hard-rock
Freak,Kiss,0.9644,0.142,0.651,0.207,6,False,0.838,0.403,7,-7.958,1,0.06,0.0715,4.17e-05,0.0476,0.611,100.022,alternative
Getaway,Kiss,-0.8663,0.098,0.886,0.017,43,False,0.742,0.835,6,-3.501,1,0.0355,0.222,0.0,0.111,0.664,110.03,deep-house
In The Mirror,Kiss,-0.9061,0.128,0.789,0.083,42,False,0.178,0.21,5,-19.775,1,0.0306,0.953,0.95,0.0868,0.199,165.604,new-age
In Your Face,Kiss,0.9784,0.049,0.779,0.172,51,True,0.496,0.988,7,-3.444,1,0.0719,1.63e-05,0.547,0.0339,0.294,115.06,death-metal
Jungle,Kiss,0.3855,0.151,0.67,0.179,0,False,0.729,0.339,5,-9.978,1,0.129,0.298,4.89e-05,0.113,0.375,87.983,indian
Ladies Room,Kiss,0.9871,0.006,0.86,0.134,7,False,0.782,0.617,1,-4.693,1,0.0317,0.0019,0.0,0.113,0.512,109.016,kids
Odyssey,Kiss,0.6486,0.013,0.957,0.03,18,False,0.46,0.91,5,-3.499,0,0.0479,0.00131,0.896,0.138,0.313,173.961,drum-and-bass
Shandi,Kiss,-0.6671,0.074,0.885,0.041,0,False,0.533,0.771,4,-6.512,1,0.028,0.0883,0.0,0.0428,0.853,103.262,hard-rock
Blame,Korn,-0.9149,0.183,0.672,0.145,51,False,0.75,0.692,8,-6.18,1,0.0421,0.308,0.0,0.162,0.659,94.998,deep-house
Coming Undone,Korn,-0.4867,0.176,0.659,0.165,75,False,0.687,0.677,2,-4.172,1,0.0508,0.000643,0.000137,0.0564,0.545,75.052,metal
Die Another Day,Korn,-0.9919,0.229,0.743,0.028,26,False,0.439,0.752,8,-8.399,0,0.071,0.00103,6.74e-06,0.06,0.424,160.083,metalcore
Good God,Korn,-0.9967,0.24,0.714,0.046,37,False,0.285,0.513,0,-7.324,1,0.0545,0.656,0.0,0.127,0.221,82.303,afrobeat
Hiding,Korn,-0.6458,0.166,0.732,0.102,41,False,0.746,0.696,1,-9.877,1,0.0572,0.00105,0.643,0.306,0.204,125.002,techno
Hypocrites,Korn,-0.9854,0.202,0.743,0.056,27,False,0.842,0.55,9,-7.308,0,0.104,0.0247,0.0,0.165,0.687,139.962,dub
I'm Done,Korn,-0.9757,0.173,0.758,0.069,58,True,0.712,0.473,7,-10.99,0,0.0342,0.782,1.38e-06,0.229,0.489,117.963,hip-hop
Kill You,Korn,-0.999,0.338,0.584,0.078,29,False,0.359,0.949,9,-5.479,0,0.186,0.136,0.0,0.364,0.452,135.739,rockabilly
My Wall,Korn,-0.9828,0.229,0.714,0.057,30,False,0.376,0.983,6,-6.396,1,0.0768,0.00168,9.5e-05,0.242,0.61,102.265,hardcore
Politics,Korn,0.8518,0.079,0.853,0.069,24,False,0.51,0.922,1,-8.634,1,0.935,0.879,0.0,0.823,0.0948,82.909,comedy
Proud,Korn,0.9555,0.059,0.779,0.162,17,False,0.529,0.253,6,-12.159,0,0.0306,0.644,0.845,0.108,0.145,79.998,club
Ratamahatta,Korn,-0.7067,0.059,0.941,0.0,56,False,0.53,0.95,10,-5.402,0,0.0959,0.00801,0.205,0.33,0.411,112.627,death-metal
Sleepy Hollow,Korn,0.9674,0.043,0.803,0.154,25,False,0.471,0.271,2,-11.448,1,0.0283,0.897,0.0035,0.0967,0.344,90.803,rockabilly
So This Is Love,Korn,-0.9803,0.201,0.678,0.122,24,False,0.452,0.757,6,-5.582,1,0.0375,0.0956,0.0,0.129,0.486,84.816,disney
What We Do,Korn,-0.998,0.269,0.718,0.012,43,False,0.565,0.92,10,-5.635,1,0.0438,0.194,8.61e-05,0.0822,0.153,103.048,deep-house
How Do You Feel,Kris Kristofferson,0.4585,0.043,0.896,0.061,18,False,0.681,0.634,4,-9.719,1,0.0368,0.142,0.00676,0.0761,0.644,81.077,trip-hop
Why Me,Kris Kristofferson,0.9786,0.024,0.74,0.236,45,False,0.555,0.0177,7,-22.953,1,0.074,0.993,0.961,0.114,0.0841,81.108,guitar
Bounce,Kyla,0.2278,0.074,0.846,0.08,13,False,0.876,0.76,1,-7.807,1,0.167,0.0856,0.5,0.32,0.248,127.986,breakbeat
Chocolate,Kylie Minogue,0.9964,0.094,0.725,0.181,34,False,0.759,0.79,11,-4.355,0,0.0656,0.264,3.91e-05,0.0707,0.914,135.953,afrobeat
Flower,Kylie Minogue,0.9806,0.0,0.874,0.126,55,False,0.486,0.361,0,-7.682,0,0.21,0.135,0.0,0.0989,0.5,196.78,chill
Give It To Me,Kylie Minogue,0.9726,0.036,0.78,0.185,33,False,0.742,0.503,10,-8.196,1,0.0535,0.202,0.834,0.12,0.269,105.993,club
Illusion,Kylie Minogue,-0.9762,0.237,0.7,0.063,40,False,0.575,0.856,0,-4.804,1,0.121,0.00591,0.731,0.169,0.0736,108.969,club
Limbo,Kylie Minogue,-0.9633,0.197,0.718,0.085,39,False,0.524,0.483,11,-8.231,1,0.0295,0.284,5.32e-06,0.127,0.317,140.122,dub
Nothing Can Stop Us,Kylie Minogue,0.9921,0.054,0.658,0.288,18,False,0.78,0.758,4,-7.629,0,0.0353,0.159,0.00466,0.1,0.911,111.038,afrobeat
Obsession,Kylie Minogue,-0.7966,0.164,0.679,0.157,45,False,0.7,0.712,8,-4.553,1,0.0397,0.00062,0.0404,0.374,0.0883,100.968,club
Shocked,Kylie Minogue,0.987,0.084,0.723,0.193,29,False,0.627,0.947,11,-3.426,0,0.449,0.224,0.0,0.0445,0.728,136.975,malay
Silence,Kylie Minogue,0.994,0.056,0.747,0.197,58,True,0.348,0.477,4,-9.567,1,0.188,0.785,0.0,0.104,0.181,175.167,chill
Slow,Kylie Minogue,0.9714,0.022,0.845,0.133,67,False,0.636,0.243,2,-9.509,1,0.04,0.815,0.0,0.111,0.239,142.016,electro
Speakerphone,Kylie Minogue,-0.9136,0.136,0.784,0.08,42,False,0.827,0.807,1,-5.946,1,0.0585,0.011,0.166,0.122,0.782,123.963,groove
Aura,Lady Gaga,0.9968,0.04,0.668,0.293,56,False,0.684,0.604,11,-9.088,0,0.0471,0.00487,0.887,0.0456,0.364,123.0,techno
Captivated,Lady Gaga,0.977,0.02,0.793,0.187,48,False,0.737,0.741,7,-6.638,1,0.0302,0.118,0.504,0.148,0.212,117.99,trance
Dance In The Dark,Lady Gaga,0.9964,0.101,0.667,0.232,0,True,0.639,0.751,0,-6.358,0,0.0324,2.97e-05,4.96e-05,0.163,0.14,120.992,dance
Diamond Heart,Lady Gaga,0.9414,0.13,0.687,0.183,63,False,0.478,0.633,0,-6.19,1,0.0345,0.123,0.0,0.41,0.287,89.909,electro
Greatest,Lady Gaga,0.9969,0.097,0.641,0.261,39,True,0.699,0.748,10,-8.538,0,0.184,0.0103,1.23e-05,0.0572,0.61,159.975,turkish
Kaboom,Lady Gaga,-0.9949,0.141,0.833,0.026,22,False,0.502,0.201,5,-12.186,1,0.0482,0.878,0.0,0.107,0.464,148.8,show-tunes
Million Reasons,Lady Gaga,0.9926,0.108,0.683,0.209,0,False,0.666,0.423,0,-8.012,1,0.0429,0.494,0.0,0.106,0.154,129.893,dance
No Way,Lady Gaga,-0.9897,0.162,0.779,0.06,61,False,0.629,0.713,5,-6.498,0,0.173,0.0306,0.0,0.173,0.511,119.363,show-tunes
Strangers,Lady Gaga,-0.9892,0.233,0.628,0.139,43,False,0.65,0.883,0,-4.711,0,0.0712,0.0714,0.835,0.079,0.891,106.014,disco
Take It Slow,Lady Gaga,0.9903,0.014,0.729,0.257,52,False,0.544,0.586,10,-9.7,1,0.0577,0.574,0.0,0.173,0.474,78.022,chill
Teeth,Lady Gaga,0.9935,0.043,0.83,0.127,3,False,0.713,0.833,11,-5.198,1,0.0483,0.0295,0.0,0.0868,0.552,96.012,dance
Backfire,Lana Del Rey,0.9926,0.074,0.75,0.176,37,False,0.806,0.491,11,-7.053,1,0.0479,0.329,4.16e-06,0.189,0.847,100.001,deep-house
Big Bad Wolf,Lana Del Rey,0.7853,0.114,0.753,0.133,9,False,0.728,0.858,11,-5.778,1,0.0349,0.0155,0.0154,0.0706,0.947,125.011,detroit-techno
Blue Velvet,Lana Del Rey,0.9313,0.024,0.771,0.205,50,False,0.418,0.153,10,-14.484,1,0.0293,0.879,4.23e-06,0.156,0.267,80.748,rock-n-roll
Cola,Lana Del Rey,0.9952,0.037,0.774,0.189,72,False,0.706,0.74,6,-7.904,1,0.0325,0.0245,0.512,0.135,0.444,122.007,deep-house
Pride,Lana Del Rey,0.9494,0.091,0.702,0.207,20,False,0.501,0.342,2,-13.237,1,0.0314,0.915,0.0,0.129,0.668,130.411,honky-tonk
Summertime Sadness,Lana Del Rey,-0.033,0.19,0.635,0.175,0,False,0.697,0.367,1,-16.408,0,0.0441,0.53,0.652,0.126,0.11,105.001,deep-house
Sweetest Thing,Lauryn Hill,0.9238,0.106,0.69,0.203,54,False,0.546,0.411,2,-9.308,1,0.0475,0.701,9.73e-05,0.0955,0.528,79.785,acoustic
Two Words,Lea Salonga,0.9567,0.066,0.766,0.168,21,False,0.503,0.281,4,-12.344,1,0.515,0.943,6.18e-06,0.91,0.416,86.462,show-tunes
Tic Toc,Leann Rimes,0.9756,0.05,0.809,0.141,20,False,0.961,0.689,5,-9.25,0,0.261,0.113,0.000258,0.154,0.874,119.961,j-dance
Written In The Stars,Leann Rimes,0.9648,0.113,0.72,0.168,31,False,0.246,0.0715,2,-22.533,1,0.0513,0.994,0.931,0.0748,0.122,52.902,ambient
A Million Miles Away,Lenny Kravitz,-0.9012,0.157,0.726,0.117,20,False,0.475,0.936,7,-6.92,1,0.0757,0.119,4.73e-06,0.849,0.611,136.848,power-pop
Are You Gonna Go My Way,Lenny Kravitz,0.8042,0.089,0.761,0.15,1,False,0.611,0.826,11,-5.313,0,0.0353,0.000818,0.016,0.33,0.719,129.102,rock
Ascension,Lenny Kravitz,0.9906,0.028,0.759,0.213,5,False,0.763,0.53,8,-6.348,1,0.132,0.368,3.41e-06,0.154,0.296,119.998,hip-hop
Flash,Lenny Kravitz,0.9544,0.052,0.772,0.176,60,False,0.561,0.367,0,-10.35,0,0.0246,0.373,0.831,0.0989,0.125,73.993,ambient
Superlove,Lenny Kravitz,0.909,0.0,0.853,0.147,58,False,0.753,0.809,6,-8.268,1,0.0637,0.317,0.0076,0.141,0.409,119.991,deep-house
Tunnel Vision,Lenny Kravitz,0.9778,0.054,0.792,0.155,44,True,0.773,0.516,10,-10.011,1,0.0613,0.457,0.0,0.278,0.358,138.944,country
Orchard Road,Leo Sayer,0.9875,0.067,0.782,0.151,37,False,0.665,0.447,0,-11.318,1,0.0409,0.538,0.0,0.0708,0.339,126.806,disco
Raining In My Heart,Leo Sayer,-0.98,0.194,0.79,0.016,25,False,0.527,0.26,7,-12.978,1,0.0304,0.59,0.000112,0.073,0.579,105.687,rockabilly
Work,Leo Sayer,0.9737,0.029,0.878,0.093,27,False,0.344,0.93,0,-4.863,1,0.0713,0.000496,0.104,0.0975,0.379,151.973,goth
You Make Me Feel Like Dancing,Leo Sayer,0.9948,0.03,0.766,0.204,44,False,0.741,0.726,8,-6.21,0,0.0376,0.103,6.52e-06,0.0778,0.867,95.606,disco
Passing Through,Leonard Cohen,-0.905,0.12,0.805,0.075,42,False,0.527,0.839,9,-5.465,1,0.0391,0.000169,4.47e-06,0.282,0.719,141.025,emo
Tennessee Waltz,Leonard Cohen,0.9477,0.102,0.688,0.21,33,False,0.442,0.243,7,-11.099,1,0.0283,0.844,0.499,0.188,0.34,82.062,honky-tonk
The Bells,Leonard Cohen,0.59,0.097,0.8,0.103,45,False,0.616,0.995,7,-3.647,1,0.114,0.000372,0.952,0.112,0.772,137.514,detroit-techno
Beef,Lil Wayne,0.673,0.05,0.896,0.053,29,False,0.613,0.7,1,-6.339,0,0.896,0.862,0.0,0.934,0.402,112.908,comedy
Break Up,Lil Wayne,0.9729,0.113,0.715,0.172,0,False,0.679,0.683,11,-7.739,0,0.112,0.0219,0.0,0.182,0.287,123.064,edm
Comfortable,Lil Wayne,0.9963,0.085,0.673,0.242,1,False,0.714,0.6,7,-7.643,0,0.0644,0.392,7.46e-06,0.292,0.506,105.109,dance
Get A Life,Lil Wayne,-0.9979,0.182,0.796,0.021,19,False,0.71,0.952,11,-6.286,0,0.0557,0.0232,0.000121,0.286,0.889,137.976,breakbeat
How To Love,Lil Wayne,0.9995,0.062,0.673,0.265,43,False,0.485,0.873,5,-4.043,0,0.134,0.0709,0.000291,0.338,0.371,90.073,dub
I Hate Love,Lil Wayne,0.9966,0.17,0.564,0.266,48,False,0.625,0.397,7,-7.908,0,0.0266,0.412,0.0,0.0999,0.324,83.992,kids
Adios,Linda Ronstadt,0.8481,0.057,0.836,0.107,55,False,0.633,0.724,3,-3.447,1,0.0739,0.274,0.0,0.223,0.488,77.506,chill
B12,Linkin Park,-0.9217,0.227,0.632,0.141,48,False,0.475,0.922,11,-5.136,0,0.0452,0.00738,0.0218,0.07,0.535,154.99,grunge
Carousel,Linkin Park,-0.955,0.137,0.773,0.09,21,False,0.158,0.978,2,-2.863,1,0.0987,9.46e-05,0.879,0.0911,0.0377,132.872,black-metal
Crawling,Linkin Park,-0.9113,0.165,0.743,0.092,76,False,0.58,0.702,4,-5.565,1,0.0337,0.0466,3.2e-06,0.536,0.299,105.076,alternative
Faint,Linkin Park,0.5859,0.114,0.75,0.137,77,False,0.554,0.978,4,-3.554,1,0.131,0.111,0.0,0.0731,0.594,135.095,alternative
Figure.09,Linkin Park,-0.9363,0.056,0.92,0.023,60,False,0.518,0.951,9,-3.198,1,0.0529,0.00919,0.0,0.148,0.537,98.068,grunge
Final Masquerade,Linkin Park,0.9403,0.01,0.914,0.076,64,False,0.466,0.852,3,-4.487,1,0.0585,0.00774,2.6e-06,0.0989,0.428,164.032,alternative
Given Up,Linkin Park,-0.9901,0.327,0.567,0.106,54,True,0.655,0.885,7,-4.116,1,0.0438,0.00117,0.000473,0.0448,0.938,100.088,alternative
Leave Out All The Rest,Linkin Park,-0.9216,0.216,0.626,0.158,55,False,0.514,0.637,0,-6.418,1,0.0363,0.213,2.24e-06,0.389,0.18,80.401,alternative
New Divide,Linkin Park,-0.5784,0.118,0.76,0.122,70,False,0.493,0.808,5,-3.365,0,0.0362,0.000235,0.0,0.0983,0.38,117.971,alternative
No More Sorrow,Linkin Park,-0.9931,0.342,0.631,0.028,48,False,0.571,0.934,3,-4.22,0,0.0531,0.00316,6.21e-06,0.197,0.409,132.594,grunge
No Roads Left,Linkin Park,-0.9882,0.246,0.695,0.059,44,False,0.242,0.561,9,-4.833,0,0.0374,0.000338,0.0,0.405,0.224,120.019,grunge
Nobody's Listening,Linkin Park,-0.9977,0.259,0.682,0.059,57,False,0.502,0.831,2,-3.723,1,0.295,0.105,1.3e-06,0.174,0.451,199.972,grunge
Petrified,Linkin Park,-0.9968,0.228,0.654,0.118,43,False,0.672,0.248,5,-14.768,0,0.042,0.414,0.813,0.154,0.22,140.092,trip-hop
Saturation,Linkin Park,0.8478,0.108,0.725,0.167,38,False,0.559,0.406,2,-6.876,0,0.0333,0.175,0.851,0.11,0.887,159.985,study
The Radiance,Linkin Park,-0.5574,0.12,0.806,0.074,24,False,0.449,0.852,0,-4.321,1,0.0445,0.000135,0.0,0.286,0.55,95.971,metalcore
Stand Down,Lionel Richie,0.3612,0.109,0.784,0.107,50,True,0.31,0.987,6,-4.247,1,0.155,7.96e-05,0.0655,0.298,0.325,147.278,death-metal
Black Magic,Little Mix,0.998,0.061,0.764,0.176,41,False,0.738,0.965,8,-2.877,0,0.117,0.000539,0.728,0.393,0.284,112.01,club
Cannonball,Little Mix,0.9667,0.107,0.748,0.146,46,False,0.577,0.798,9,-6.64,1,0.0556,0.0523,0.000922,0.46,0.397,103.036,piano
DNA,Little Mix,0.8919,0.075,0.823,0.102,24,False,0.672,0.881,9,-3.142,0,0.0447,0.0588,0.0,0.406,0.68,122.012,british
Love Drunk,Little Mix,0.9969,0.109,0.671,0.22,44,False,0.733,0.535,8,-5.587,1,0.206,0.355,0.0049,0.11,0.914,180.069,chill
Madhouse,Little Mix,-0.9671,0.126,0.818,0.056,22,True,0.679,0.774,0,-9.305,1,0.132,0.155,0.0,0.925,0.163,137.019,industrial
After School,LL Cool J,0.9933,0.061,0.798,0.141,71,False,0.634,0.928,1,-1.609,1,0.0514,0.00719,2.55e-06,0.0626,0.738,164.007,k-pop
Ghetto Love,LL Cool J,0.9968,0.045,0.744,0.211,54,False,0.807,0.774,4,-4.553,0,0.235,0.206,0.000338,0.127,0.767,98.048,dancehall
Jump On It,LL Cool J,-0.9971,0.143,0.836,0.021,35,False,0.594,0.691,5,-4.825,0,0.538,0.0323,0.0,0.0634,0.784,90.857,dancehall
Love U Better,LL Cool J,0.999,0.112,0.635,0.253,0,False,0.627,0.562,10,-6.268,0,0.0364,0.0628,0.0,0.31,0.389,95.054,dance
Mama Said Knock You Out,LL Cool J,-0.9869,0.112,0.824,0.064,64,True,0.791,0.759,10,-7.378,0,0.129,0.0314,0.674,0.255,0.619,102.382,hardcore
Phenomenon,LL Cool J,0.9941,0.083,0.737,0.18,54,True,0.7,0.878,0,-5.133,1,0.0989,0.0122,0.000525,0.32,0.367,99.997,edm
Queens,LL Cool J,-0.9926,0.168,0.723,0.109,54,False,0.617,0.589,2,-12.767,1,0.0457,0.69,0.268,0.0958,0.0301,125.058,french
Rampage,LL Cool J,-0.7117,0.114,0.773,0.113,0,False,0.44,0.873,5,-3.015,0,0.0576,0.0124,0.0966,0.346,0.5,111.1,alternative
Skit,LL Cool J,0.9986,0.014,0.674,0.312,23,False,0.749,0.862,9,-3.552,1,0.212,0.648,0.0,0.325,0.963,98.993,goth
Another Lover,Lloyd Cole,0.9804,0.054,0.78,0.166,55,False,0.643,0.547,5,-10.297,0,0.0528,0.198,0.025,0.173,0.324,80.983,trip-hop
Down On Mission Street,Lloyd Cole,-0.8233,0.11,0.821,0.069,26,False,0.577,0.661,2,-10.538,1,0.038,0.115,0.0142,0.161,0.346,125.489,synth-pop
Forest Fire,Lloyd Cole,0.9597,0.075,0.759,0.167,9,False,0.322,0.171,10,-21.188,0,0.0407,0.992,0.873,0.1,0.0424,106.664,idm
Satin Sheets,Loretta Lynn,0.8179,0.109,0.712,0.179,25,False,0.345,0.844,0,-6.656,1,0.0725,0.000212,0.00497,0.172,0.384,161.465,grunge
Finish Line,Lou Reed,-0.1531,0.036,0.934,0.03,64,False,0.53,0.803,5,-5.031,0,0.0386,0.0545,0.0,0.316,0.565,80.992,alt-rock
It Wasn't Me,Lou Reed,-0.8987,0.128,0.764,0.108,2,False,0.851,0.621,0,-4.184,1,0.0675,0.0545,0.0,0.336,0.691,94.739,reggae
Pale Blue Eyes,Lou Reed,0.8989,0.071,0.823,0.106,65,False,0.637,0.107,5,-18.759,1,0.0349,0.911,0.00146,0.103,0.296,82.879,folk
Riptide,Lou Reed,0.6041,0.068,0.848,0.084,52,False,0.621,0.847,3,-6.108,1,0.278,0.0584,1.11e-06,0.109,0.373,101.996,deep-house
September Song,Lou Reed,0.9408,0.052,0.823,0.125,51,False,0.288,0.978,7,-5.018,1,0.106,0.000368,0.351,0.0441,0.143,111.583,groove
Soul Man,Lou Reed,0.9834,0.008,0.805,0.187,5,False,0.74,0.56,3,-13.126,0,0.065,0.0955,0.951,0.108,0.187,137.042,detroit-techno
Stars Fell On Alabama,Louis Armstrong,0.9535,0.051,0.775,0.174,0,False,0.329,0.139,5,-11.934,1,0.0407,0.949,0.0,0.117,0.183,169.608,blues
Never Leave You,Lucky Dube,0.9944,0.043,0.756,0.202,41,False,0.827,0.815,9,-5.524,0,0.0376,0.0531,6.75e-05,0.0894,0.554,120.02,deep-house
Prisoner,Lucky Dube,-0.9986,0.41,0.5,0.09,7,False,0.581,0.52,3,-8.177,0,0.183,0.209,0.148,0.159,0.603,186.504,alternative
Puppet Master,Lucky Dube,0.9365,0.099,0.694,0.207,52,True,0.322,0.996,9,-2.307,1,0.225,0.00428,0.0,0.342,0.0846,138.695,death-metal
Shut Up,Lucky Dube,-0.9425,0.159,0.761,0.08,43,True,0.837,0.654,0,-5.148,0,0.16,0.0771,0.0,0.432,0.292,138.007,country
Dream Lover,Luther Vandross,0.9992,0.026,0.547,0.427,59,False,0.526,0.774,5,-1.692,1,0.0459,0.715,0.0,0.437,0.715,131.715,rock-n-roll
Love Me Again,Luther Vandross,0.9986,0.019,0.682,0.299,51,False,0.58,0.655,5,-7.96,0,0.095,0.576,0.0,0.11,0.453,163.987,malay
Nobody To Love,Luther Vandross,-0.9974,0.251,0.671,0.078,49,True,0.687,0.478,7,-7.286,1,0.149,0.48,6.82e-06,0.456,0.494,137.852,chill
Other Side Of The World,Luther Vandross,0.9982,0.076,0.66,0.264,29,False,0.427,0.695,2,-5.378,1,0.0343,0.487,0.0,0.0836,0.368,160.142,acoustic
She Doesn't Mind,Luther Vandross,0.9981,0.042,0.733,0.225,65,False,0.736,0.816,10,-5.157,1,0.0732,0.0319,0.0,0.202,0.466,126.02,brazil
Rudolph The Red-Nosed Reindeer,Lynyrd Skynyrd,0.9866,0.0,0.786,0.214,0,False,0.596,0.315,8,-9.175,1,0.0428,0.961,0.0,0.258,0.64,119.935,blues
Simple Man,Lynyrd Skynyrd,0.9891,0.018,0.821,0.16,74,False,0.422,0.752,6,-8.682,1,0.0449,0.0366,0.000119,0.129,0.403,120.471,blues
Take Your Time,Lynyrd Skynyrd,0.9985,0.034,0.643,0.322,56,False,0.583,0.94,7,-3.05,1,0.0551,0.0476,0.000206,0.0524,0.378,127.009,progressive-house
American Pie,Madonna,-0.8886,0.145,0.718,0.137,0,False,0.461,0.563,4,-9.325,0,0.0605,0.358,0.0,0.302,0.477,138.571,folk
Beautiful Scars,Madonna,0.9985,0.045,0.65,0.305,70,False,0.706,0.457,4,-8.667,0,0.0597,0.369,0.0,0.106,0.427,144.962,singer-songwriter
Bedtime Story,Madonna,-0.5859,0.062,0.905,0.033,44,False,0.618,0.245,7,-11.805,1,0.924,0.676,0.0,0.435,0.522,75.139,children
Each Time You Break My Heart,Madonna,0.9919,0.057,0.756,0.186,0,False,0.745,0.699,1,-10.517,0,0.0328,0.261,0.0,0.0795,0.881,116.927,disco
Gang Bang,Madonna,-0.9998,0.39,0.508,0.102,50,True,0.801,0.597,1,-9.94,1,0.208,0.557,0.0,0.18,0.853,96.051,j-dance
"Gone, Gone, Gone",Madonna,0.9979,0.099,0.578,0.323,67,False,0.664,0.642,6,-5.961,1,0.038,0.129,0.0,0.114,0.501,118.002,folk
Goodnight And Thank You,Madonna,0.9895,0.119,0.7,0.182,21,False,0.598,0.511,7,-7.6,1,0.0495,0.723,0.0,0.381,0.682,102.735,show-tunes
Masterpiece,Madonna,0.9968,0.121,0.582,0.297,65,False,0.324,0.863,10,-3.716,0,0.123,0.000109,0.0,0.311,0.394,177.985,metalcore
Material Girl,Madonna,0.9277,0.029,0.902,0.069,59,False,0.588,0.155,0,-20.621,1,0.0321,0.633,0.694,0.0748,0.404,136.482,jazz
Defender,Manowar,0.9696,0.093,0.691,0.216,46,False,0.711,0.769,7,-8.113,0,0.0364,0.19,0.928,0.146,0.482,124.987,trip-hop
King,Manowar,-0.9943,0.221,0.654,0.125,45,False,0.567,0.896,9,-3.515,1,0.069,0.0183,0.0,0.18,0.354,85.033,blues
Nessun Dorma,Manowar,0.8926,0.138,0.653,0.209,51,False,0.168,0.475,2,-5.732,1,0.0349,0.911,0.929,0.124,0.0523,98.286,opera
Outlaw,Manowar,-0.9821,0.21,0.666,0.125,68,False,0.727,0.672,1,-4.782,0,0.0426,0.181,0.0,0.189,0.135,94.006,hip-hop
Almost Home,Mariah Carey,0.9092,0.046,0.851,0.103,45,False,0.598,0.827,9,-6.381,0,0.0262,0.000556,0.268,0.0967,0.484,128.004,trance
Always Be My Baby,Mariah Carey,0.9939,0.055,0.749,0.196,62,False,0.582,0.255,4,-10.254,1,0.0306,0.772,0.0,0.0889,0.285,139.884,acoustic
Dreamlover,Mariah Carey,0.9577,0.061,0.743,0.196,18,False,0.64,0.417,1,-7.55,0,0.0265,0.842,0.0,0.188,0.522,141.903,disney
I Feel It,Mariah Carey,0.991,0.025,0.785,0.19,56,False,0.566,0.954,6,-4.678,1,0.0376,0.00411,0.0257,0.0943,0.887,125.967,deep-house
Make It Last Forever,Mariah Carey,0.9965,0.132,0.605,0.264,0,False,0.497,0.51,4,-12.054,0,0.0834,0.0325,0.0,0.641,0.507,168.288,soul
My All,Mariah Carey,0.9522,0.057,0.822,0.121,64,False,0.573,0.265,7,-9.541,0,0.0348,0.71,0.0,0.258,0.225,107.697,chill
Never Forget You,Mariah Carey,-0.8684,0.089,0.865,0.047,66,False,0.569,0.692,9,-4.683,1,0.0323,0.0167,3.78e-05,0.126,0.737,141.632,british
Never Too Far,Mariah Carey,0.7964,0.027,0.916,0.057,11,False,0.669,0.401,2,-11.852,1,0.211,0.336,0.902,0.0823,0.574,175.983,chicago-house
Petals,Mariah Carey,0.9934,0.114,0.66,0.226,58,False,0.359,0.286,9,-10.172,0,0.0338,0.908,0.0036,0.109,0.229,152.205,ambient
Say Something,Mariah Carey,0.9986,0.016,0.738,0.246,74,False,0.407,0.147,2,-8.822,1,0.0355,0.857,2.89e-06,0.0913,0.0765,141.284,acoustic
Shake It Off,Mariah Carey,-0.9898,0.254,0.652,0.094,0,False,0.672,0.915,7,-2.467,1,0.176,0.03,0.0,0.101,0.93,160.048,children
So Blessed,Mariah Carey,0.9881,0.039,0.676,0.286,23,False,0.621,0.851,5,-6.389,0,0.193,0.0602,0.0,0.2,0.324,113.827,j-dance
Don't Forget Me,Marianne Faithfull,0.8802,0.107,0.728,0.164,21,False,0.353,0.0923,7,-18.85,0,0.0688,0.993,0.935,0.14,0.0759,72.789,new-age
Epilogue,Marianne Faithfull,0.4019,0.0,0.961,0.039,60,False,0.252,0.0875,9,-24.711,0,0.0403,0.989,0.873,0.108,0.126,135.774,ambient
Good Guy,Marianne Faithfull,0.9938,0.029,0.759,0.211,64,False,0.525,0.131,0,-12.787,1,0.458,0.983,0.00433,0.12,0.811,107.007,soul
Last Song,Marianne Faithfull,0.9592,0.115,0.714,0.171,52,False,0.431,0.0775,4,-23.964,1,0.0706,0.996,0.933,0.0806,0.29,64.86,ambient
Losing,Marianne Faithfull,-0.9982,0.474,0.499,0.027,0,False,0.402,0.913,1,-6.212,0,0.266,0.000547,2.52e-06,0.0869,0.351,213.928,dance
Scarborough Fair,Marianne Faithfull,0.9913,0.011,0.764,0.225,20,False,0.356,0.0181,0,-20.545,1,0.0454,0.995,0.943,0.116,0.286,138.115,disney
Sleep,Marianne Faithfull,-0.8225,0.215,0.668,0.117,42,True,0.797,0.829,1,-3.771,1,0.0332,0.0333,0.651,0.0849,0.395,107.97,club
Tenderness,Marianne Faithfull,0.989,0.096,0.635,0.268,6,False,0.755,0.892,1,-6.236,0,0.0504,0.0438,0.306,0.0676,0.964,131.608,detroit-techno
Freaks,Marillion,0.997,0.128,0.629,0.243,86,False,0.345,0.941,9,-9.918,1,0.0466,3.84e-05,0.633,0.0511,0.407,179.626,indie-pop
Lavender,Marillion,0.9954,0.028,0.697,0.274,54,False,0.805,0.313,9,-11.078,0,0.0775,0.307,0.913,0.191,0.234,79.033,anime
Quartz,Marillion,0.9969,0.096,0.686,0.218,10,False,0.499,0.206,5,-19.235,0,0.227,0.991,0.865,0.189,0.319,77.883,idm
The Release,Marillion,-0.3143,0.063,0.894,0.043,21,False,0.279,0.0509,0,-18.247,1,0.0371,0.981,0.945,0.11,0.0401,80.689,new-age
15,Marilyn Manson,0.995,0.093,0.611,0.296,41,False,0.525,0.375,7,-8.057,1,0.093,0.145,0.0,0.208,0.488,179.976,alternative
Angel With The Scabbed Wings,Marilyn Manson,-0.1411,0.057,0.86,0.083,51,False,0.627,0.757,8,-9.564,1,0.0509,0.000431,0.0139,0.349,0.523,108.025,industrial
Antichrist Superstar,Marilyn Manson,-0.9843,0.211,0.754,0.035,51,False,0.384,0.833,11,-9.797,0,0.0779,0.000777,0.00489,0.18,0.357,172.015,industrial
Deep Six,Marilyn Manson,0.9955,0.092,0.649,0.258,46,False,0.589,0.942,9,-4.058,0,0.109,0.0016,4.32e-06,0.218,0.301,133.034,industrial
Devour,Marilyn Manson,0.997,0.016,0.753,0.232,25,False,0.337,0.981,8,-3.54,1,0.141,6.68e-05,0.000717,0.0697,0.228,176.995,grunge
Great Big White World,Marilyn Manson,0.9736,0.136,0.638,0.226,49,True,0.38,0.727,8,-7.397,1,0.0376,4.1e-05,0.186,0.0949,0.115,165.85,industrial
Killing Strangers,Marilyn Manson,0.9861,0.17,0.555,0.275,55,True,0.593,0.55,5,-5.946,1,0.0379,0.00989,2.94e-06,0.132,0.511,59.996,industrial
Prelude,Marilyn Manson,-0.9175,0.193,0.723,0.084,21,False,0.367,0.638,3,-2.857,0,0.0337,0.354,0.779,0.128,0.788,167.305,goth
The Fight Song,Marilyn Manson,-0.9986,0.395,0.521,0.085,1,True,0.499,0.983,1,-3.662,0,0.0882,0.000123,0.000246,0.0728,0.0378,129.903,alt-rock
The Mephistopheles Of Los Angeles,Marilyn Manson,-0.8399,0.205,0.622,0.173,44,False,0.625,0.908,2,-4.08,1,0.0896,0.000201,0.000305,0.0987,0.199,124.997,industrial
The Nobodies,Marilyn Manson,-0.9941,0.23,0.699,0.071,59,False,0.431,0.823,4,-5.219,1,0.0638,4.6e-05,3.45e-05,0.0447,0.271,150.072,industrial
Third Day Of A Seven Day Binge,Marilyn Manson,-0.8617,0.108,0.827,0.065,48,False,0.607,0.938,0,-3.072,1,0.0487,0.00228,0.000709,0.149,0.65,110.014,industrial
White Trash,Marilyn Manson,0.3134,0.052,0.882,0.066,22,False,0.585,0.957,7,-6.025,1,0.0943,0.0171,0.0,0.216,0.604,92.111,rockabilly
Daffodils,Mark Ronson,-0.9382,0.149,0.805,0.046,30,False,0.335,0.272,7,-10.093,1,0.03,0.886,0.0,0.142,0.18,100.418,show-tunes
Just,Mark Ronson,-0.9884,0.177,0.807,0.016,46,False,0.656,0.565,9,-11.195,0,0.0323,0.481,0.951,0.313,0.21,122.934,progressive-house
L.S.F.,Mark Ronson,-0.9833,0.16,0.84,0.0,55,False,0.617,0.754,9,-7.395,1,0.0363,0.00754,0.000171,0.256,0.397,105.282,garage
Don't Wanna Know,Maroon 5,0.9982,0.066,0.74,0.193,34,False,0.68,0.382,1,-9.214,1,0.0319,0.694,0.452,0.104,0.541,86.008,malay
Figure It Out,Maroon 5,0.9924,0.052,0.759,0.189,0,False,0.657,0.817,0,-4.415,1,0.0554,0.262,0.00679,0.248,0.651,107.992,alt-rock
Kiwi,Maroon 5,0.9983,0.06,0.661,0.279,3,False,0.685,0.75,4,-4.126,0,0.284,0.623,0.111,0.188,0.299,147.133,electronic
Losing My Mind,Maroon 5,-0.8108,0.163,0.734,0.103,54,True,0.544,0.894,2,-5.193,0,0.0515,0.00916,0.0,0.365,0.41,148.0,metalcore
Payphone,Maroon 5,0.872,0.13,0.729,0.142,47,True,0.574,0.411,4,-9.587,1,0.0685,0.925,0.000478,0.144,0.0764,93.934,chill
Story,Maroon 5,0.9544,0.095,0.745,0.16,20,False,0.845,0.849,8,-5.77,0,0.163,0.711,0.0,0.329,0.808,106.873,afrobeat
Sunday Morning,Maroon 5,-0.9165,0.109,0.842,0.049,13,False,0.735,0.729,7,-10.908,1,0.0519,9.59e-05,0.879,0.0761,0.284,126.013,chicago-house
The Sun,Maroon 5,0.8855,0.128,0.695,0.177,66,False,0.773,0.586,5,-7.623,0,0.0311,0.752,0.762,0.0941,0.729,126.014,french
Broken Wings,Mary Black,-0.8993,0.149,0.793,0.058,54,False,0.449,0.72,10,-5.382,0,0.0355,0.00656,6.84e-05,0.127,0.114,138.482,grunge
Gabriel,Mary Black,-0.8632,0.199,0.622,0.179,51,False,0.425,0.534,11,-9.066,0,0.0333,0.18,0.0062,0.0562,0.187,83.718,trip-hop
Mo Ghile Mear,Mary Black,0.9849,0.073,0.786,0.142,28,False,0.393,0.438,7,-9.421,1,0.0398,0.648,0.0,0.3,0.496,130.003,opera
Poison Tree,Mary Black,-0.9911,0.307,0.609,0.085,69,False,0.224,0.139,11,-22.587,1,0.0354,0.961,0.913,0.108,0.213,111.316,ambient
There Is A Time,Mary Black,0.9191,0.087,0.722,0.191,15,False,0.83,0.358,2,-16.314,1,0.0921,0.00167,0.274,0.0695,0.303,121.899,chicago-house
Before You Go,Matt Monro,0.9916,0.068,0.666,0.266,36,False,0.609,0.0866,4,-19.163,1,0.0412,0.912,0.0,0.113,0.411,167.892,acoustic
"10,000 Reasons",Matt Redman,0.989,0.039,0.677,0.284,45,False,0.595,0.319,4,-10.656,1,0.0271,0.643,2.32e-06,0.0898,0.235,136.09,world-music
"10,000 Reasons (Bless The Lord)",Matt Redman,0.9971,0.03,0.683,0.286,41,False,0.27,0.264,7,-10.597,1,0.033,0.224,6.1e-06,0.109,0.162,73.016,world-music
Blessed Be Your Name,Matt Redman,0.9986,0.035,0.602,0.363,55,False,0.443,0.819,11,-6.61,1,0.0615,0.00338,0.016,0.696,0.0983,116.033,world-music
Never Once,Matt Redman,0.9987,0.084,0.558,0.357,51,False,0.482,0.637,8,-5.857,0,0.0295,0.177,0.0,0.172,0.411,138.184,world-music
Once Again,Matt Redman,0.9858,0.046,0.696,0.258,57,False,0.725,0.883,5,-4.819,0,0.0642,0.00446,0.761,0.248,0.0809,126.033,electronic
One Thing Remains,Matt Redman,0.9982,0.045,0.676,0.279,49,False,0.428,0.73,11,-4.435,1,0.0286,0.00497,0.0,0.244,0.161,147.976,world-music
The Happy Song,Matt Redman,0.9877,0.0,0.714,0.286,17,False,0.799,0.602,7,-5.278,1,0.0438,0.327,0.00945,0.291,0.698,110.936,kids
The Heart Of Worship,Matt Redman,-0.2023,0.067,0.877,0.056,58,False,0.507,0.28,3,-10.284,1,0.0282,0.775,0.000264,0.122,0.233,139.791,alt-rock
The Wonderful Cross,Matt Redman,0.9959,0.126,0.475,0.398,40,False,0.339,0.618,2,-6.663,1,0.0361,0.251,0.0,0.0669,0.244,173.953,world-music
Yes And Amen,Matt Redman,0.995,0.0,0.693,0.307,47,False,0.459,0.712,2,-4.721,1,0.0337,0.148,0.0,0.0895,0.349,151.945,world-music
Addams Groove,Mc Hammer,0.9991,0.018,0.716,0.267,0,False,0.97,0.92,10,-6.413,0,0.138,0.00669,0.0,0.0309,0.78,120.0,kids
Black Swan,Megadeth,-0.9715,0.18,0.71,0.11,74,False,0.719,0.757,2,-5.167,0,0.0849,0.137,0.0,0.129,0.489,147.024,k-pop
Chosen Ones,Megadeth,-0.9846,0.217,0.721,0.062,57,False,0.436,0.822,5,-2.967,1,0.0314,0.000217,0.00287,0.325,0.378,85.022,blues
Disconnect,Megadeth,-0.8086,0.114,0.835,0.05,18,False,0.617,0.776,4,-8.746,1,0.0406,0.0253,0.88,0.117,0.884,135.043,club
Vortex,Megadeth,-0.9705,0.291,0.652,0.057,29,False,0.663,0.715,1,-12.426,1,0.123,0.0971,0.945,0.189,0.448,184.014,club
You're Dead,Megadeth,-0.9527,0.147,0.818,0.035,59,False,0.627,0.539,0,-8.529,0,0.0328,0.346,0.0,0.192,0.754,112.259,psych-rock
Down Under,Men At Work,0.9921,0.012,0.832,0.156,20,False,0.739,0.694,4,-8.724,0,0.0345,0.333,0.000203,0.0906,0.668,110.897,bluegrass
Everything I Need,Men At Work,-0.296,0.068,0.871,0.061,61,False,0.531,0.224,2,-10.878,1,0.0293,0.874,0.0,0.111,0.276,74.98,piano
Better Than You,Metallica,0.9948,0.055,0.681,0.264,46,False,0.448,0.838,11,-4.361,0,0.068,0.013,0.0,0.212,0.269,92.574,metalcore
Disposable Heroes,Metallica,-0.9994,0.343,0.598,0.059,0,False,0.183,0.986,6,-5.133,0,0.0692,1.75e-05,0.000106,0.179,0.291,187.989,groove
Enter Sandman,Metallica,0.9371,0.094,0.733,0.173,81,False,0.577,0.828,6,-8.691,0,0.0298,0.00213,0.0114,0.0581,0.604,123.257,hard-rock
Fight Fire With Fire,Metallica,-0.9982,0.513,0.431,0.055,49,False,0.404,0.996,6,-2.738,1,0.141,4.34e-06,0.162,0.303,0.185,187.018,black-metal
Hit The Lights,Metallica,-0.8751,0.17,0.73,0.1,51,False,0.626,0.55,11,-4.161,0,0.0633,0.141,0.483,0.178,0.192,171.978,drum-and-bass
Wherever I May Roam,Metallica,0.9855,0.032,0.798,0.17,66,False,0.55,0.824,9,-7.848,0,0.0347,0.000362,0.00115,0.0865,0.332,131.387,hard-rock
Gina,Michael Bolton,0.2377,0.112,0.777,0.111,35,True,0.734,0.493,5,-9.826,1,0.0817,0.267,0.0,0.0926,0.426,137.966,french
"New York, New York",Michael Bolton,0.6124,0.007,0.924,0.068,27,False,0.465,0.48,3,-6.573,1,0.033,0.608,0.0,0.301,0.584,112.142,salsa
Rocky Mountain Way,Michael Bolton,-0.1215,0.114,0.785,0.101,0,False,0.449,0.571,4,-7.119,1,0.0492,0.00604,0.701,0.0748,0.448,84.807,blues
Since I Fell For You,Michael Bolton,0.9753,0.095,0.663,0.242,51,False,0.467,0.108,7,-12.753,1,0.0347,0.952,1.61e-06,0.11,0.242,92.82,guitar
Baby (You've Got What It Takes),Michael Buble,0.9777,0.012,0.867,0.12,0,False,0.683,0.668,3,-8.36,1,0.0749,0.833,2.75e-06,0.0548,0.77,132.192,blues
Feeling Good,Michael Buble,0.9907,0.0,0.792,0.208,1,False,0.428,0.414,7,-5.729,0,0.0403,0.897,0.0,0.238,0.508,79.108,blues
To Be Loved,Michael Buble,0.999,0.034,0.466,0.5,70,False,0.356,0.176,8,-8.291,1,0.0391,0.843,0.0,0.231,0.289,170.425,soul
You've Got A Friend In Me,Michael Buble,0.9981,0.007,0.683,0.311,7,False,0.737,0.217,3,-11.683,1,0.0313,0.77,0.000162,0.115,0.291,111.444,kids
Breaking News,Michael Jackson,0.2714,0.108,0.793,0.098,31,False,0.692,0.305,3,-14.608,1,0.416,0.688,0.325,0.0772,0.123,126.387,study
Childhood,Michael Jackson,-0.6875,0.158,0.71,0.132,21,False,0.487,0.655,10,-15.495,0,0.913,0.81,0.0,0.761,0.387,95.697,comedy
Everybody's Somebody's Fool,Michael Jackson,0.6281,0.182,0.613,0.205,48,False,0.584,0.737,1,-4.643,1,0.0306,0.745,1.93e-05,0.208,0.753,84.322,rockabilly
Gone Too Soon,Michael Jackson,0.9846,0.019,0.676,0.305,22,False,0.47,0.268,5,-10.167,1,0.0256,0.829,2.22e-06,0.0916,0.131,92.593,bluegrass
Music And Me,Michael Jackson,0.3521,0.086,0.813,0.101,1,False,0.31,0.363,4,-8.043,1,0.0269,0.607,1.63e-05,0.125,0.277,149.63,soul
Price Of Fame,Michael Jackson,0.9973,0.118,0.642,0.241,50,False,0.268,0.835,6,-4.125,1,0.0531,0.0313,0.0,0.0828,0.391,138.658,grunge
Smooth Criminal,Michael Jackson,0.9894,0.062,0.787,0.15,76,False,0.653,0.964,9,-4.261,0,0.0582,0.00316,0.00512,0.144,0.87,126.928,grunge
Somebody's Watching Me,Michael Jackson,0.9854,0.096,0.722,0.182,0,False,0.806,0.729,1,-7.515,0,0.0378,0.0152,0.0,0.081,0.975,121.984,kids
Streetwalker,Michael Jackson,0.9995,0.004,0.652,0.344,30,False,0.589,0.713,11,-4.879,1,0.0335,0.139,0.00102,0.129,0.626,125.94,piano
All Is Well,Michael W. Smith,0.9442,0.021,0.755,0.224,60,False,0.316,0.413,11,-12.216,1,0.0334,0.856,0.00245,0.143,0.245,155.69,acoustic
Amazing Grace (My Chains Are Gone),Michael W. Smith,0.9964,0.068,0.529,0.402,60,False,0.471,0.164,7,-10.879,1,0.0324,0.833,0.0,0.101,0.17,125.242,world-music
Ancient Words,Michael W. Smith,0.946,0.0,0.875,0.125,41,False,0.235,0.208,7,-14.046,1,0.0317,0.752,0.0,0.947,0.226,144.471,world-music
Awesome God,Michael W. Smith,0.9996,0.009,0.47,0.521,52,False,0.725,0.474,8,-12.143,0,0.0449,0.0983,0.0,0.131,0.649,137.9,world-music
Christmastime,Michael W. Smith,0.9818,0.0,0.717,0.283,0,False,0.165,0.434,0,-8.163,1,0.0288,0.316,0.171,0.213,0.186,77.983,alt-rock
Healing Rain,Michael W. Smith,0.296,0.134,0.741,0.124,33,False,0.157,0.966,1,-30.405,1,0.0514,0.125,0.992,0.886,1e-05,106.906,sleep
I Will Be Here For You,Michael W. Smith,0.9759,0.016,0.801,0.182,53,False,0.425,0.519,9,-9.707,1,0.0279,0.185,0.0,0.102,0.208,143.887,world-music
In Silence,Michael W. Smith,0.9468,0.068,0.784,0.148,51,False,0.736,0.845,1,-12.017,1,0.0377,0.00548,0.901,0.111,0.198,128.009,minimal-techno
The Race Is On,Michael W. Smith,0.8689,0.055,0.829,0.116,22,False,0.653,0.487,9,-12.678,1,0.0341,0.723,0.0,0.17,0.921,87.963,honky-tonk
R.I.P.,Migos,-0.5864,0.111,0.792,0.097,4,True,0.725,0.725,8,-6.067,0,0.159,0.0119,0.0,0.086,0.515,140.003,hip-hop
Adore You,Miley Cyrus,0.9965,0.059,0.648,0.294,57,False,0.708,0.631,9,-5.977,1,0.196,0.646,0.0,0.342,0.851,83.813,hip-hop
Clear,Miley Cyrus,0.9964,0.077,0.679,0.243,43,False,0.802,0.637,11,-13.008,0,0.0624,0.000231,0.831,0.587,0.336,125.284,detroit-techno
Every Rose Has Its Thorn,Miley Cyrus,0.987,0.087,0.71,0.203,56,False,0.459,0.704,6,-5.564,1,0.0356,0.233,1.66e-06,0.374,0.342,140.367,hard-rock
Hovering,Miley Cyrus,-0.9255,0.086,0.903,0.011,61,False,0.0747,0.00506,5,-34.786,1,0.0426,0.994,0.923,0.108,0.153,78.588,sleep
Make Some Noise,Miley Cyrus,0.9931,0.034,0.793,0.173,21,True,0.407,0.953,6,-2.802,0,0.912,0.669,0.0,0.973,0.191,68.164,comedy
See You Again,Miley Cyrus,0.9739,0.054,0.829,0.117,50,False,0.57,0.413,9,-7.034,1,0.0345,0.535,0.0,0.076,0.278,152.032,acoustic
Simple Song,Miley Cyrus,-0.9083,0.065,0.922,0.013,63,False,0.631,0.402,5,-11.125,1,0.0286,0.616,0.0114,0.0892,0.598,78.0,folk
SMS,Miley Cyrus,0.8879,0.046,0.865,0.089,47,False,0.672,0.679,11,-9.679,0,0.0398,0.0209,0.0144,0.142,0.22,109.967,synth-pop
Someone Else,Miley Cyrus,0.999,0.142,0.549,0.309,57,True,0.363,0.763,1,-2.237,0,0.042,0.53,0.0,0.118,0.218,144.659,dub
Angelfuck,Misfits,-0.8349,0.193,0.69,0.117,33,True,0.282,0.891,2,-11.273,1,0.046,0.257,0.399,0.337,0.249,176.274,hardcore
Death Ray,Misfits,-0.9824,0.221,0.753,0.026,16,False,0.63,0.955,7,-6.507,1,0.0664,0.00208,0.939,0.056,0.401,173.971,breakbeat
Devilock,Misfits,-0.9834,0.241,0.701,0.058,17,False,0.304,0.923,1,-6.625,0,0.0725,8.19e-05,0.406,0.33,0.186,105.984,black-metal
Helena,Misfits,0.9549,0.101,0.734,0.165,26,False,0.514,0.621,9,-8.259,1,0.0343,0.0754,0.0,0.0936,0.115,133.015,bluegrass
Living Hell,Misfits,-0.9987,0.352,0.637,0.011,70,False,0.729,0.551,0,-6.935,0,0.056,0.598,0.0,0.176,0.312,124.044,alternative
Rat Fink,Misfits,0.9968,0.0,0.405,0.595,31,False,0.24,0.586,0,-9.809,1,0.0306,2.71e-06,2.95e-05,0.0511,0.158,198.941,hardcore
Spellbound,Misfits,-0.988,0.176,0.74,0.085,0,False,0.412,0.931,7,-6.348,1,0.0449,0.016,0.0,0.0772,0.295,148.813,alt-rock
Angie's Heart,Modern Talking,0.9823,0.063,0.743,0.194,47,False,0.694,0.823,4,-9.892,0,0.0354,0.426,1.71e-06,0.297,0.854,116.971,synth-pop
Avec Toi,Modern Talking,0.9771,0.139,0.645,0.216,71,True,0.661,0.666,10,-5.932,0,0.0277,0.457,0.0,0.13,0.381,92.475,french
Brother Louie,Modern Talking,0.9968,0.034,0.716,0.25,71,False,0.783,0.836,0,-9.223,0,0.0486,0.396,0.0236,0.135,0.831,108.966,german
In 100 Years,Modern Talking,-0.3777,0.221,0.585,0.195,47,False,0.667,0.737,0,-12.684,0,0.0332,0.0421,0.0,0.256,0.766,118.044,synth-pop
Jet Airliner,Modern Talking,0.7509,0.179,0.632,0.189,49,False,0.642,0.759,9,-12.207,0,0.0387,0.00752,0.0067,0.142,0.774,120.115,synth-pop
You Can Win If You Want,Modern Talking,0.9939,0.018,0.745,0.236,56,False,0.792,0.842,6,-7.589,1,0.03,0.181,0.000185,0.0582,0.761,108.01,synth-pop
Cripple Creek,The Monkees,0.9648,0.0,0.846,0.154,22,False,0.425,0.887,9,-8.117,1,0.0358,0.27,0.973,0.207,0.966,134.796,bluegrass
Last Train To Clarksville,The Monkees,-0.9943,0.279,0.702,0.019,19,False,0.649,0.797,4,-5.826,1,0.0365,0.532,0.00128,0.212,0.766,109.851,bluegrass
Me Without You,The Monkees,0.9558,0.031,0.817,0.152,60,False,0.571,0.572,11,-7.751,0,0.0344,0.0166,0.000698,0.0972,0.771,200.092,folk
No Time,The Monkees,-0.8934,0.186,0.763,0.05,58,False,0.639,0.955,1,-7.377,1,0.0508,0.0105,0.812,0.0744,0.635,127.998,progressive-house
Papa Gene's Blues,The Monkees,0.9936,0.118,0.551,0.331,27,False,0.552,0.728,9,-7.984,1,0.0334,0.421,0.0,0.195,0.833,113.333,psych-rock
Floating,Moody Blues,0.9827,0.0,0.809,0.191,25,True,0.889,0.749,3,-5.069,0,0.16,0.149,0.0,0.0819,0.52,99.996,dancehall
Had To Fall In Love,Moody Blues,0.9645,0.031,0.821,0.148,57,False,0.493,0.306,0,-17.392,1,0.029,0.678,0.243,0.14,0.346,71.985,british
Melancholy Man,Moody Blues,-0.024,0.096,0.801,0.102,55,False,0.385,0.434,1,-11.544,0,0.0313,0.722,5e-06,0.192,0.388,132.454,blues
Nervous,Moody Blues,0.9946,0.052,0.791,0.157,70,False,0.589,0.614,0,-7.528,0,0.0426,0.0213,0.165,0.31,0.318,119.837,alt-rock
Nights In White Satin,Moody Blues,0.9984,0.033,0.536,0.43,56,False,0.19,0.344,4,-12.064,0,0.0309,0.252,0.327,0.194,0.218,156.888,psych-rock
Running Water,Moody Blues,0.9825,0.048,0.754,0.198,45,False,0.383,0.998,6,-21.898,0,0.0684,0.755,0.857,0.968,0.00693,106.648,sleep
Bigmouth Strikes Again,Morrissey,0.8658,0.061,0.816,0.124,2,False,0.401,0.901,1,-5.011,0,0.041,0.0704,0.0,0.538,0.839,134.799,punk-rock
Celebrity,'n Sync,0.8678,0.065,0.845,0.09,68,False,0.73,0.784,9,-2.62,1,0.0691,0.191,0.0,0.0956,0.673,99.995,k-pop
Do Your Thing,'n Sync,0.9692,0.072,0.781,0.147,18,False,0.586,0.702,4,-6.324,0,0.0482,0.553,0.00312,0.0943,0.69,143.434,afrobeat
Night Lights,Nat King Cole,0.9533,0.118,0.634,0.248,20,False,0.311,0.0306,0,-23.513,1,0.0443,0.976,0.367,0.0758,0.134,116.242,new-age
Beautiful Dreamer,Natalie Cole,0.9987,0.034,0.65,0.315,42,False,0.438,0.0636,10,-18.175,1,0.0516,0.935,3.68e-06,0.151,0.209,87.197,bluegrass
Coffee Time,Natalie Cole,0.9274,0.0,0.831,0.169,1,False,0.748,0.31,8,-8.917,1,0.0448,0.488,0.0,0.136,0.499,129.924,jazz
I'm Glad There Is You,Natalie Cole,0.9984,0.016,0.557,0.427,0,False,0.492,0.0671,10,-15.671,0,0.0399,0.958,0.000968,0.109,0.165,124.908,jazz
"Holy, Holy, Holy",Natalie Grant,0.9985,0.0,0.49,0.51,21,False,0.27,0.139,5,-19.999,1,0.0488,0.978,0.939,0.101,0.0938,126.485,new-age
Within Me,Natalie Grant,0.8702,0.089,0.766,0.145,19,False,0.63,0.98,7,-0.5,1,0.144,0.00166,0.506,0.294,0.52,173.968,breakbeat
Cameo,Natalie Imbruglia,0.978,0.022,0.815,0.163,42,False,0.68,0.824,10,-7.844,1,0.0347,0.258,0.859,0.106,0.623,111.998,minimal-techno
Smoke,Natalie Imbruglia,-0.9515,0.125,0.866,0.009,55,False,0.636,0.44,10,-10.561,0,0.0926,0.416,0.0182,0.199,0.0926,121.936,dub
Twenty,Natalie Imbruglia,-0.9948,0.189,0.713,0.097,0,False,0.174,0.703,4,-4.804,0,0.0427,0.602,0.9,0.117,0.0922,120.049,iranian
Want,Natalie Imbruglia,0.9976,0.005,0.691,0.304,26,False,0.339,0.962,2,-5.355,1,0.0556,0.0349,0.0,0.111,0.267,168.128,garage
Cinema,Nazareth,0.3374,0.077,0.813,0.11,53,False,0.46,0.721,2,-7.347,1,0.0308,0.564,0.613,0.14,0.598,84.426,garage
Holy Roller,Nazareth,0.9587,0.076,0.67,0.253,19,False,0.419,0.948,1,-5.944,1,0.0969,0.00097,0.0396,0.765,0.167,161.244,metalcore
Jet Lag,Nazareth,0.9812,0.049,0.791,0.16,51,True,0.54,0.381,4,-5.356,0,0.0692,0.774,0.0,0.173,0.191,86.746,chill
Loretta,Nazareth,0.997,0.058,0.556,0.386,59,False,0.536,0.419,3,-9.122,1,0.0453,0.971,9.43e-05,0.151,0.571,97.322,bluegrass
Dance For Me,Ne-Yo,0.9642,0.0,0.873,0.127,34,False,0.641,0.621,7,-8.463,1,0.036,0.0014,0.000135,0.116,0.711,129.058,swedish
Let Me In,Ne-Yo,0.9994,0.006,0.665,0.329,40,False,0.768,0.66,1,-5.989,0,0.0744,0.0584,0.0218,0.886,0.702,123.62,detroit-techno
Move Along,Ne-Yo,-0.9951,0.164,0.765,0.072,61,False,0.526,0.92,3,-3.866,1,0.0472,0.000124,0.0,0.371,0.615,109.86,punk-rock
Story Time,Ne-Yo,0.986,0.043,0.819,0.138,17,False,0.302,0.965,6,-5.185,1,0.112,8.51e-06,0.34,0.228,0.276,84.293,grindcore
The Plan,Ne-Yo,0.9977,0.016,0.763,0.22,18,False,0.782,0.935,2,-5.135,0,0.0632,0.127,0.0184,0.17,0.853,123.248,afrobeat
Like You Do,Neil Diamond,0.9981,0.11,0.415,0.475,58,False,0.69,0.847,6,-4.565,1,0.0374,0.0145,0.041,0.0777,0.49,124.015,deep-house
My Heart Will Go On,Neil Diamond,0.9658,0.0,0.882,0.118,20,False,0.382,0.11,3,-21.227,1,0.035,0.981,0.971,0.139,0.186,103.551,disney
Calendar Girl,Neil Sedaka,0.9982,0.012,0.629,0.359,53,False,0.703,0.649,8,-7.727,0,0.0312,0.397,0.0,0.209,0.862,122.719,rockabilly
What Am I Gonna Do,Neil Sedaka,0.9503,0.059,0.792,0.149,11,False,0.522,0.281,0,-15.195,1,0.027,0.902,0.00333,0.109,0.554,97.444,honky-tonk
Burned,Neil Young,-0.9712,0.182,0.818,0.0,40,False,0.782,0.788,0,-7.23,1,0.0349,0.00785,0.432,0.173,0.137,111.981,club
Feel Your Love,Neil Young,0.9982,0.013,0.582,0.405,64,False,0.693,0.729,8,-5.317,0,0.0477,0.0159,0.217,0.145,0.408,125.035,progressive-house
Fingers,Neil Young,0.3636,0.098,0.793,0.109,58,False,0.546,0.835,0,-6.399,1,0.0501,0.0123,0.326,0.103,0.423,133.986,emo
Bizarre Love Triangle,New Order,-0.47,0.154,0.711,0.135,66,False,0.613,0.885,10,-7.463,1,0.052,0.0804,0.746,0.0997,0.919,118.506,synth-pop
Chemical,New Order,-0.719,0.102,0.843,0.056,57,False,0.527,0.789,5,-7.344,0,0.0331,0.0022,0.0172,0.085,0.209,75.019,metalcore
Shellshock,New Order,-0.9983,0.294,0.639,0.067,33,False,0.588,0.823,1,-4.415,0,0.0722,0.000112,0.809,0.18,0.082,170.086,club
Special,New Order,0.5519,0.066,0.848,0.086,0,True,0.517,0.707,7,-5.474,1,0.0693,0.0164,0.0,0.453,0.264,82.859,hip-hop
Truth,New Order,-0.8092,0.188,0.731,0.081,26,False,0.6,0.65,11,-5.127,1,0.0282,0.00921,0.0469,0.0781,0.49,139.975,acoustic
Vanishing Point,New Order,0.8768,0.131,0.689,0.179,14,False,0.587,0.673,2,-11.385,0,0.0548,0.204,0.855,0.152,0.112,162.373,breakbeat
500 Miles,Nick Cave,-0.1531,0.017,0.983,0.0,53,False,0.436,0.0695,7,-19.735,1,0.0298,0.858,0.0,0.107,0.255,97.128,folk
Avalanche,Nick Cave,0.8524,0.083,0.816,0.1,34,True,0.808,0.615,1,-8.207,0,0.306,0.164,0.0,0.11,0.412,123.148,french
In The Ghetto,Nick Cave,-0.9596,0.137,0.797,0.066,0,False,0.58,0.712,10,-6.536,1,0.0324,0.00841,0.00543,0.0821,0.482,100.021,party
Red Right Hand,Nick Cave,0.9818,0.073,0.776,0.151,50,False,0.447,0.058,0,-21.547,1,0.0358,0.917,1.15e-06,0.102,0.0711,95.482,british
Shivers,Nick Cave,-0.9278,0.179,0.708,0.112,0,False,0.788,0.859,2,-2.724,1,0.0856,0.281,0.0,0.0424,0.822,141.02,pop
From The Morning,Nick Drake,0.9118,0.0,0.881,0.119,58,False,0.644,0.325,0,-11.056,1,0.036,0.869,0.0511,0.11,0.367,108.933,british
Place To Be,Nick Drake,0.5989,0.08,0.805,0.116,62,False,0.547,0.38,5,-9.521,1,0.0282,0.865,0.152,0.107,0.395,83.579,british
Road,Nick Drake,0.6071,0.0,0.939,0.061,56,False,0.586,0.426,4,-8.673,0,0.0362,0.842,0.815,0.0898,0.793,150.968,british
Bottoms Up,Nickelback,-0.9862,0.141,0.799,0.06,42,False,0.838,0.753,5,-5.74,1,0.0516,0.0443,0.0,0.0776,0.963,100.015,blues
Gotta Be Somebody,Nickelback,0.9962,0.009,0.81,0.18,64,False,0.536,0.89,0,-5.222,1,0.0601,0.000354,0.00165,0.133,0.205,115.998,grunge
Midnight Queen,Nickelback,0.9964,0.03,0.787,0.183,31,False,0.258,0.804,2,-8.187,1,0.0441,5.71e-05,0.768,0.173,0.145,120.728,black-metal
Never Gonna Be Alone,Nickelback,0.7615,0.051,0.867,0.082,62,False,0.544,0.802,4,-4.152,1,0.0282,0.00155,7.34e-05,0.122,0.59,130.022,grunge
Savin' Me,Nickelback,-0.8996,0.113,0.806,0.081,70,False,0.441,0.815,3,-4.088,1,0.0276,0.000731,0.0,0.414,0.522,164.007,grunge
This Afternoon,Nickelback,0.9913,0.054,0.824,0.122,60,False,0.507,0.875,7,-7.697,1,0.0389,0.00257,0.0,0.346,0.647,160.079,grunge
This Means War,Nickelback,-0.96,0.171,0.728,0.101,64,False,0.614,0.914,7,-5.59,0,0.0324,0.000554,1.16e-05,0.0371,0.439,90.0,metal
We Will Rock You,Nickelback,-0.7717,0.092,0.866,0.042,47,False,0.577,0.905,4,-5.018,0,0.114,0.0404,0.0,0.0685,0.288,80.98,grunge
What Are You Waiting For?,Nickelback,0.86,0.033,0.891,0.075,63,False,0.49,0.907,3,-4.129,1,0.0693,0.045,0.0,0.293,0.418,152.023,grunge
When We Stand Together,Nickelback,0.9738,0.05,0.72,0.23,67,False,0.446,0.9,10,-3.541,0,0.0489,0.000102,1.89e-05,0.0404,0.88,187.961,grunge
Badman,Nicki Minaj,-0.3367,0.1,0.806,0.094,56,True,0.703,0.498,0,-6.688,0,0.0805,0.0639,0.0284,0.113,0.364,132.503,j-dance
Favorite,Nicki Minaj,0.987,0.076,0.794,0.13,52,True,0.833,0.639,0,-3.825,0,0.0881,0.0392,4.24e-05,0.162,0.653,146.996,electronic
Feel Inside,Nicki Minaj,-0.9658,0.147,0.743,0.11,58,False,0.549,0.921,0,-1.185,0,0.0636,0.00734,7.37e-05,0.184,0.261,149.955,hardstyle
Ever Dream,Nightwish,0.587,0.082,0.822,0.096,54,False,0.394,0.873,7,-7.097,0,0.0594,0.000518,0.000158,0.277,0.25,147.806,goth
Feel For You,Nightwish,0.866,0.054,0.829,0.117,25,False,0.622,0.714,1,-11.152,1,0.0478,0.0981,0.821,0.0906,0.886,159.948,synth-pop
Gethsemane,Nightwish,-0.8548,0.225,0.594,0.181,22,False,0.134,0.303,7,-9.465,1,0.0349,0.591,0.0931,0.113,0.0704,171.672,new-age
I Want My Tears Back,Nightwish,0.8834,0.102,0.716,0.182,48,False,0.492,0.959,4,-3.721,0,0.064,0.00065,0.00013,0.0524,0.558,139.968,goth
Sleepwalker,Nightwish,0.8126,0.08,0.758,0.162,30,True,0.79,0.693,1,-8.44,1,0.129,0.253,1.85e-05,0.125,0.695,92.986,dancehall
Storytime,Nightwish,0.9778,0.053,0.818,0.129,58,False,0.465,0.971,5,-3.466,0,0.0749,0.00366,0.00375,0.326,0.483,156.171,goth
The Heart Asks Pleasure First,Nightwish,0.6024,0.148,0.688,0.164,0,False,0.216,0.172,9,-21.399,0,0.0456,0.989,0.819,0.0949,0.0997,168.501,ambient
Wishmaster,Nightwish,-0.4344,0.039,0.91,0.051,52,False,0.379,0.95,1,-4.898,1,0.114,1.76e-05,0.0398,0.242,0.427,174.219,goth
Ain't No Use,Nina Simone,0.8658,0.12,0.653,0.226,0,False,0.523,0.319,2,-11.024,1,0.0388,0.839,1.75e-05,0.118,0.398,75.458,blues
Night Song,Nina Simone,-0.5403,0.076,0.868,0.057,19,False,0.167,0.0435,7,-22.755,1,0.0387,0.956,0.803,0.0901,0.0373,112.356,ambient
Sinnerman,Nina Simone,-0.9936,0.16,0.771,0.069,63,False,0.436,0.543,11,-13.351,0,0.0962,0.654,9.35e-06,0.0937,0.663,148.282,blues
Discipline,Nine Inch Nails,0.9859,0.044,0.765,0.191,50,False,0.611,0.793,6,-6.646,1,0.0275,0.00122,0.285,0.251,0.824,122.01,industrial
Head Like A Hole,Nine Inch Nails,-0.9716,0.138,0.775,0.087,62,False,0.666,0.798,9,-11.26,1,0.0477,0.00848,0.00186,0.585,0.442,115.382,industrial
Hurt (Quiet),Nine Inch Nails,-0.9781,0.214,0.726,0.061,44,True,0.642,0.258,11,-10.698,0,0.036,0.61,0.00178,0.128,0.074,80.01,industrial
March Of The Pigs,Nine Inch Nails,-0.5707,0.118,0.74,0.142,49,True,0.503,0.903,2,-7.427,1,0.0527,0.0218,0.197,0.0861,0.0586,134.462,industrial
Mr. Self Destruct,Nine Inch Nails,-0.9666,0.152,0.784,0.063,50,False,0.234,0.876,2,-8.494,1,0.0712,0.00489,0.773,0.427,0.262,99.823,industrial
Only,Nine Inch Nails,-0.9875,0.17,0.765,0.065,34,False,0.293,0.175,7,-15.543,0,0.0308,0.903,0.528,0.109,0.089,83.182,folk
Piggy,Nine Inch Nails,-0.763,0.181,0.671,0.147,28,False,0.643,0.87,2,-4.008,1,0.033,0.144,0.0304,0.748,0.344,131.941,industrial
Right Where It Belongs,Nine Inch Nails,0.5733,0.032,0.9,0.068,42,False,0.458,0.362,5,-10.043,1,0.0305,0.979,0.494,0.118,0.223,139.879,industrial
Terrible Lie,Nine Inch Nails,-0.993,0.262,0.608,0.13,55,False,0.61,0.605,6,-12.484,1,0.0419,0.000925,0.157,0.344,0.458,87.953,industrial
The Great Below,Nine Inch Nails,0.836,0.055,0.83,0.115,25,False,0.453,0.553,1,-10.495,1,0.0332,0.0929,0.399,0.976,0.0799,91.986,industrial
The Great Destroyer,Nine Inch Nails,0.7717,0.093,0.751,0.156,10,False,0.331,0.994,3,-4.89,0,0.125,1.24e-06,0.23,0.356,0.0794,122.67,grindcore
The Perfect Drug,Nine Inch Nails,0.9896,0.072,0.699,0.229,55,False,0.627,0.883,5,-8.988,0,0.0947,0.0207,0.00346,0.323,0.252,149.024,industrial
Wish,Nine Inch Nails,0.8613,0.079,0.754,0.167,56,True,0.516,0.989,7,-7.206,1,0.0754,0.000407,0.355,0.697,0.149,135.053,industrial
All Apologies,Nirvana,-0.6486,0.055,0.907,0.039,72,False,0.446,0.632,1,-12.197,1,0.034,0.0793,0.000266,0.0881,0.359,113.176,alt-rock
Breed,Nirvana,-0.9886,0.155,0.834,0.01,63,False,0.262,0.969,4,-4.675,1,0.0894,3.69e-06,0.00213,0.133,0.263,158.433,grunge
Downer,Nirvana,0.7804,0.127,0.702,0.17,55,False,0.303,0.931,4,-9.306,0,0.0574,0.00101,0.0294,0.114,0.555,101.936,grunge
Drain You,Nirvana,0.9874,0.025,0.78,0.196,61,False,0.325,0.929,11,-5.625,0,0.0695,0.000129,2.22e-06,0.184,0.198,133.358,grunge
"Endless, Nameless",Nirvana,-0.9906,0.458,0.441,0.1,51,False,0.271,0.959,7,-5.866,1,0.125,0.000256,0.854,0.0858,0.0642,131.846,grunge
Floyd The Barber,Nirvana,-0.8883,0.148,0.852,0.0,56,False,0.443,0.878,8,-6.717,0,0.0418,0.000788,0.56,0.0623,0.683,136.567,grunge
Frances Farmer Will Have Her Revenge On Seattle,Nirvana,0.402,0.162,0.67,0.168,59,False,0.482,0.723,10,-10.08,0,0.0425,5.66e-05,0.000432,0.0939,0.554,117.051,grunge
Heart-Shaped Box,Nirvana,-0.9941,0.25,0.706,0.045,79,False,0.256,0.641,1,-10.283,1,0.0552,0.199,0.0329,0.0853,0.382,203.006,alt-rock
In Bloom,Nirvana,0.995,0.119,0.609,0.272,67,False,0.436,0.876,10,-4.902,0,0.0647,3.33e-05,0.000104,0.205,0.512,157.044,alt-rock
Jesus Doesn't Want Me For A Sunbeam,Nirvana,-0.9937,0.284,0.662,0.054,60,False,0.51,0.641,8,-10.312,1,0.0812,0.0638,3.65e-06,0.272,0.295,113.646,grunge
Lake Of Fire,Nirvana,-0.9753,0.204,0.796,0.0,68,False,0.541,0.618,1,-9.652,0,0.179,0.277,4.02e-05,0.413,0.68,145.464,grunge
Lithium,Nirvana,0.9971,0.128,0.546,0.326,73,False,0.678,0.656,7,-6.41,1,0.0381,0.00174,0.0,0.0631,0.485,123.207,alt-rock
Lounge Act,Nirvana,0.9116,0.119,0.705,0.176,59,True,0.341,0.964,11,-5.327,0,0.107,1.26e-05,0.000103,0.151,0.459,152.192,grunge
Marigold,Nirvana,-0.9287,0.159,0.719,0.122,53,False,0.615,0.406,6,-12.619,1,0.0358,0.541,1.67e-05,0.0982,0.541,166.035,acoustic
Mr. Moustache,Nirvana,0.9239,0.175,0.602,0.223,55,False,0.194,0.898,0,-6.12,1,0.0608,5.58e-06,0.141,0.108,0.482,177.191,grunge
Oh Me,Nirvana,0.4515,0.073,0.841,0.086,61,False,0.538,0.51,8,-13.192,1,0.102,0.726,0.0187,0.205,0.262,72.471,grunge
Something In The Way,Nirvana,0.8934,0.063,0.805,0.132,76,False,0.427,0.201,8,-13.044,1,0.0317,0.745,0.263,0.109,0.0668,105.218,alt-rock
You Know You're Right,Nirvana,-0.9644,0.189,0.705,0.106,69,False,0.289,0.716,5,-6.53,0,0.106,0.0407,0.00123,0.135,0.344,168.049,grunge
Oh What A Love,Nitty Gritty Dirt Band,0.9686,0.101,0.71,0.189,46,False,0.457,0.064,6,-19.928,1,0.0339,0.941,0.108,0.107,0.0647,147.824,acoustic
Rave On,Nitty Gritty Dirt Band,0.9785,0.052,0.692,0.256,57,False,0.566,0.711,0,-6.536,1,0.0335,0.611,6.59e-06,0.417,0.961,159.629,rockabilly
Shot Full Of Love,Nitty Gritty Dirt Band,0.983,0.049,0.762,0.189,36,False,0.666,0.252,2,-17.614,1,0.0264,0.548,0.0221,0.113,0.547,94.111,country
Too Good To Be True,Nitty Gritty Dirt Band,0.999,0.043,0.495,0.463,36,False,0.505,0.653,3,-6.221,1,0.0428,0.187,0.0,0.1,0.245,144.9,dubstep
Trying Times,Nitty Gritty Dirt Band,-0.3716,0.136,0.756,0.109,6,False,0.805,0.566,9,-9.864,0,0.177,0.000831,0.93,0.11,0.109,125.033,detroit-techno
When It's Gone,Nitty Gritty Dirt Band,0.9873,0.0,0.825,0.175,27,True,0.532,0.54,10,-6.304,1,0.0346,0.724,0.000376,0.0464,0.765,169.826,acoustic
Wreck On The Highway,Nitty Gritty Dirt Band,-0.1599,0.171,0.63,0.199,11,False,0.397,0.52,7,-7.279,1,0.0284,0.582,0.0,0.332,0.726,149.435,honky-tonk
Corazon De Oro,NOFX,0.7319,0.073,0.829,0.098,41,False,0.355,0.383,10,-8.556,1,0.105,0.471,0.00144,0.422,0.741,177.291,r-n-b
Linoleum,NOFX,0.9186,0.03,0.845,0.125,26,False,0.548,0.666,4,-2.277,1,0.036,0.281,0.0,0.231,0.582,98.806,acoustic
Radio,NOFX,-0.9064,0.196,0.683,0.121,37,False,0.434,0.88,11,-3.792,1,0.0691,5.34e-05,0.0,0.204,0.583,157.956,emo
Even Though,Norah Jones,-0.6428,0.175,0.687,0.137,18,False,0.49,0.861,11,-6.2,0,0.0439,0.00949,0.107,0.197,0.117,86.986,drum-and-bass
Happy Pills,Norah Jones,0.9794,0.04,0.809,0.15,71,False,0.521,0.885,4,-4.934,0,0.125,0.00327,0.00904,0.324,0.344,115.985,alt-rock
Little Room,Norah Jones,0.4419,0.042,0.884,0.074,46,False,0.456,0.738,2,-3.777,1,0.0434,0.00925,0.0,0.0692,0.705,173.406,garage
Stuck,Norah Jones,-0.4615,0.103,0.819,0.078,49,True,0.818,0.503,10,-8.825,1,0.214,0.524,3.24e-05,0.103,0.563,77.016,sad
Turn Me On,Norah Jones,0.7096,0.016,0.904,0.08,55,False,0.792,0.784,5,-9.842,0,0.0496,0.0023,0.861,0.0968,0.569,123.007,deep-house
Drugs,Notorious B.I.G.,-0.9672,0.143,0.749,0.108,0,True,0.77,0.649,6,-6.824,0,0.194,0.108,0.000683,0.134,0.522,84.012,alternative
Juicy,Notorious B.I.G.,0.9428,0.091,0.789,0.12,62,False,0.887,0.767,9,-4.311,1,0.295,0.38,0.0,0.0527,0.607,97.437,hardcore
Almost Easy,O.A.R.,0.7937,0.056,0.851,0.093,64,False,0.378,0.959,6,-4.615,1,0.062,3.56e-05,0.000138,0.102,0.338,174.932,metal
Get Away,O.A.R.,-0.7013,0.118,0.807,0.074,26,False,0.616,0.866,0,-2.345,1,0.259,0.23,0.0,0.106,0.529,80.716,dancehall
Gift,O.A.R.,0.9826,0.078,0.75,0.172,23,True,0.254,0.986,1,-2.791,1,0.182,8.52e-06,3.18e-06,0.221,0.339,115.211,industrial
War Song,O.A.R.,0.9985,0.047,0.668,0.285,29,False,0.577,0.948,5,-5.811,0,0.0731,0.000211,0.825,0.096,0.649,120.014,death-metal
Be Here Now,Oasis,0.9814,0.033,0.807,0.16,47,False,0.557,0.703,8,-2.062,0,0.0277,0.203,0.000156,0.0927,0.228,150.037,hardstyle
Better Man,Oasis,0.9976,0.0,0.459,0.541,56,False,0.556,0.434,7,-9.548,1,0.0363,0.407,0.00545,0.104,0.505,147.507,british
Let Forever Be,Oasis,0.4137,0.123,0.725,0.152,56,False,0.252,0.872,8,-3.752,1,0.0777,0.00912,8.79e-06,0.109,0.399,126.938,breakbeat
She Is Love,Oasis,0.9973,0.007,0.745,0.247,60,False,0.629,0.174,6,-9.697,1,0.141,0.616,0.0,0.118,0.305,134.295,acoustic
Drive Away,Ocean Colour Scene,0.9524,0.065,0.796,0.139,51,True,0.502,0.874,5,-3.742,0,0.203,0.0543,1.27e-06,0.426,0.392,141.776,dub
So Low,Ocean Colour Scene,-0.5698,0.103,0.818,0.079,21,False,0.568,0.977,4,-3.924,0,0.0892,0.000622,0.734,0.138,0.412,151.878,industrial
Bad Habit,Offspring,-0.9962,0.352,0.555,0.093,49,False,0.339,0.495,5,-6.374,1,0.0325,0.379,0.0,0.102,0.121,134.336,show-tunes
Self Esteem,Offspring,-0.5911,0.16,0.688,0.152,77,False,0.488,0.862,0,-7.595,1,0.0476,0.0204,0.0,0.359,0.706,104.56,punk-rock
Session,Offspring,-0.7623,0.069,0.916,0.015,11,False,0.591,0.794,10,-5.318,0,0.2,0.00301,0.452,0.132,0.461,194.269,idm
Smash,Offspring,0.7453,0.138,0.728,0.134,11,False,0.75,0.714,8,-10.793,1,0.0405,0.00545,0.914,0.106,0.323,120.529,detroit-techno
"You're Gonna Go Far, Kid",Offspring,-0.9569,0.135,0.784,0.081,81,True,0.55,0.917,0,-3.159,1,0.0638,0.00428,0.0,0.197,0.601,126.115,alt-rock
Genesis,Ofra Haza,0.9946,0.0,0.716,0.284,24,False,0.553,0.972,7,-2.65,1,0.0579,0.0227,8.7e-06,0.331,0.494,155.006,hardstyle
Dead Man's Party,Oingo Boingo,-0.9448,0.161,0.77,0.069,24,False,0.447,0.965,4,-6.894,0,0.0611,0.00201,0.491,0.0967,0.916,113.004,rockabilly
Open Eyes,Oingo Boingo,0.7909,0.105,0.726,0.169,24,False,0.406,0.953,1,-3.944,1,0.0787,0.00183,0.0,0.178,0.269,91.95,death-metal
Right To Know,Oingo Boingo,-0.0276,0.049,0.902,0.049,23,False,0.674,0.643,2,-13.403,1,0.0319,0.183,2.93e-05,0.0445,0.963,126.992,synth-pop
Spider,Oingo Boingo,0.6641,0.09,0.829,0.081,40,False,0.55,0.619,4,-6.326,1,0.0618,0.127,0.0,0.45,0.379,148.082,dub
Water,Oingo Boingo,-0.972,0.107,0.816,0.077,66,False,0.528,0.822,4,-5.371,0,0.0287,0.0087,0.192,0.183,0.363,130.013,ambient
Adelaide,Old 97's,0.9681,0.115,0.678,0.208,29,False,0.578,0.866,4,-6.691,1,0.0326,0.00467,0.216,0.0805,0.528,129.227,piano
Timebomb,Old 97's,-0.9943,0.252,0.739,0.009,21,False,0.292,0.95,0,-4.651,1,0.0803,0.00314,0.00422,0.297,0.33,143.115,power-pop
Moth To A Flame,Olivia Newton-John,-0.9631,0.174,0.707,0.119,3,False,0.553,0.659,8,-7.295,1,0.0391,0.0027,0.0,0.105,0.105,120.146,edm
Smile For Me,Olivia Newton-John,0.989,0.097,0.595,0.308,51,False,0.665,0.645,7,-6.056,1,0.0673,0.144,0.0,0.165,0.254,106.016,chill
"Take Me Home, Country Roads",Olivia Newton-John,0.5719,0.0,0.965,0.035,73,False,0.462,0.395,9,-9.376,1,0.0264,0.758,0.0,0.121,0.625,82.259,country
Busy,Olly Murs,-0.8615,0.085,0.883,0.032,41,True,0.806,0.873,1,-4.787,1,0.243,0.00872,0.0,0.0897,0.705,140.031,country
In Case You Didn't Know,Olly Murs,-0.9344,0.103,0.823,0.074,75,False,0.607,0.536,10,-7.306,1,0.0305,0.386,0.0,0.102,0.434,147.986,country
Personal,Olly Murs,0.9801,0.053,0.806,0.141,70,False,0.755,0.536,8,-5.605,1,0.12,0.114,0.0,0.0282,0.882,138.969,dance
Ready For Love,Olly Murs,0.9982,0.046,0.723,0.231,31,False,0.749,0.649,7,-6.476,1,0.0882,0.397,7.94e-05,0.533,0.412,125.021,deep-house
Messages,Omd,0.4182,0.11,0.768,0.123,23,False,0.51,0.829,2,-10.438,1,0.0317,0.00591,0.439,0.0428,0.951,160.644,synth-pop
Best Song Ever,One Direction,0.999,0.017,0.706,0.278,8,False,0.65,0.816,1,-4.784,1,0.0694,0.226,0.0,0.0535,0.61,118.498,kids
Chasing Cars,One Direction,-0.3814,0.075,0.872,0.052,52,False,0.659,0.331,10,-8.987,1,0.0321,0.809,0.0,0.0996,0.0877,105.01,acoustic
Gotta Be You,One Direction,-0.897,0.107,0.837,0.056,60,False,0.642,0.869,6,-5.271,0,0.0452,0.252,0.0288,0.0708,0.376,123.91,progressive-house
I Gotta Feeling,One Direction,0.9992,0.012,0.743,0.246,1,False,0.746,0.793,0,-5.725,1,0.0265,0.0519,0.0,0.421,0.656,127.973,dance
What Makes You Beautiful,One Direction,-0.99,0.146,0.762,0.091,16,False,0.649,0.58,0,-5.708,1,0.0315,0.00831,0.0,0.0882,0.823,124.966,kids
All The Right Moves,OneRepublic,0.9984,0.008,0.782,0.21,67,False,0.529,0.948,0,-3.527,1,0.0474,0.258,9.35e-06,0.283,0.65,146.024,piano
Au Revoir,OneRepublic,0.5609,0.01,0.931,0.059,38,False,0.517,0.528,2,-9.405,1,0.0293,0.913,0.309,0.123,0.108,117.04,piano
Counting Stars,OneRepublic,-0.9952,0.15,0.81,0.04,83,False,0.664,0.705,1,-4.972,0,0.0382,0.0654,0.0,0.118,0.477,122.016,piano
Everybody Loves Me,OneRepublic,0.9964,0.051,0.702,0.247,61,False,0.578,0.907,4,-4.869,1,0.0895,0.0229,0.0,0.557,0.66,170.04,piano
I Lived,OneRepublic,0.6788,0.179,0.636,0.185,71,False,0.593,0.851,9,-5.456,1,0.0446,0.0683,0.0,0.271,0.344,119.987,piano
If I Lose Myself,OneRepublic,-0.9432,0.122,0.83,0.048,61,False,0.491,0.688,2,-6.05,1,0.0453,0.0849,0.0,0.111,0.279,140.072,piano
Made For You,OneRepublic,0.9967,0.017,0.802,0.181,70,False,0.581,0.441,1,-6.829,1,0.0268,0.77,2.75e-05,0.111,0.337,82.125,country
Marchin On,OneRepublic,-0.9169,0.092,0.845,0.063,53,False,0.508,0.807,11,-8.581,1,0.0686,0.333,0.00363,0.136,0.306,123.034,piano
Closure,Opeth,-0.4929,0.184,0.692,0.123,43,True,0.708,0.278,9,-9.354,1,0.035,0.636,1.1e-06,0.115,0.321,87.023,chill
Windowpane,Opeth,-0.8074,0.164,0.744,0.092,55,False,0.328,0.553,6,-6.252,1,0.0267,0.156,0.412,0.0985,0.322,159.959,death-metal
Something Wonderful,Oscar Hammerstein,0.9978,0.057,0.576,0.367,24,False,0.653,0.804,7,-12.356,0,0.0627,3.37e-05,0.919,0.0845,0.632,148.026,industrial
Hard To Handle,Otis Redding,0.9981,0.015,0.722,0.264,72,False,0.599,0.79,4,-3.58,1,0.043,0.00257,0.00181,0.312,0.961,103.783,blues
Hey Hey Baby,Otis Redding,0.9944,0.0,0.698,0.302,41,False,0.581,0.457,9,-13.459,1,0.0327,0.383,0.00333,0.0999,0.67,89.983,cantopop
Automatic Flowers,Our Lady Peace,-0.9587,0.248,0.704,0.049,30,False,0.381,0.867,9,-8.4,1,0.0516,0.000962,0.000458,0.211,0.821,177.566,grunge
Blister,Our Lady Peace,-0.7687,0.206,0.67,0.124,14,False,0.398,0.76,8,-4.633,1,0.579,0.00011,7.68e-05,0.206,0.402,89.638,club
Carnival,Our Lady Peace,-0.6429,0.102,0.862,0.036,46,False,0.627,0.933,0,-3.951,1,0.0803,0.00239,0.264,0.126,0.449,150.035,progressive-house
Denied,Our Lady Peace,0.5859,0.121,0.724,0.155,52,False,0.444,0.977,0,-2.998,0,0.0859,0.000116,2.41e-05,0.291,0.402,99.976,death-metal
Heavyweight,Our Lady Peace,-0.9706,0.135,0.832,0.032,48,False,0.552,0.701,8,-6.426,1,0.0587,0.0617,0.0,0.152,0.222,128.064,electronic
Not Afraid,Our Lady Peace,0.9471,0.042,0.865,0.093,81,True,0.855,0.954,0,-1.19,0,0.264,0.529,0.0,0.205,0.668,114.635,hip-hop
Starseed,Our Lady Peace,-0.7279,0.078,0.907,0.016,28,False,0.516,0.907,6,-6.137,1,0.0496,0.000356,0.028,0.0903,0.457,131.913,grunge
It Lives,Overkill,0.9517,0.092,0.739,0.169,23,False,0.277,0.886,7,-7.724,1,0.0648,5.36e-05,0.874,0.181,0.434,81.707,death-metal
Wrecking Crew,Overkill,-0.9644,0.196,0.694,0.11,31,False,0.233,0.857,2,-10.356,0,0.073,0.000589,0.0162,0.142,0.0685,98.338,hardcore
Embers,Owl City,-0.9955,0.249,0.617,0.134,18,False,0.498,0.813,7,-6.178,1,0.0706,0.0046,0.553,0.284,0.39,171.998,drum-and-bass
Hot Air Balloon,Owl City,-0.4683,0.085,0.859,0.057,66,False,0.815,0.71,6,-6.353,0,0.0469,0.129,0.528,0.113,0.572,122.967,progressive-house
Lonely Lullaby,Owl City,0.9323,0.141,0.664,0.194,35,True,0.619,0.639,4,-9.893,1,0.0501,0.0115,0.0,0.0842,0.382,82.495,emo
My Everything,Owl City,0.9969,0.086,0.618,0.296,41,False,0.594,0.552,7,-5.97,0,0.0254,0.105,0.000816,0.1,0.52,110.038,afrobeat
Peppermint Winter,Owl City,0.9119,0.028,0.868,0.104,0,False,0.451,0.803,0,-4.932,1,0.0398,0.208,0.0,0.0764,0.145,153.95,indie-pop
Vanilla Twilight,Owl City,0.9674,0.093,0.744,0.163,62,False,0.582,0.529,11,-7.637,1,0.0248,0.00961,0.000554,0.113,0.567,166.134,indie-pop
All The Same,Ozzy Osbourne,0.7541,0.096,0.74,0.164,57,False,0.311,0.76,0,-6.301,1,0.0364,0.000962,0.0,0.104,0.189,177.592,grunge
Gender,Ozzy Osbourne,-0.1872,0.077,0.84,0.084,23,False,0.603,0.776,4,-6.834,1,0.248,0.162,8.27e-05,0.0991,0.439,149.988,industrial
"Mama, I'm Coming Home",Ozzy Osbourne,-0.8962,0.183,0.678,0.138,69,False,0.282,0.656,8,-6.557,1,0.0302,0.0105,0.0,0.0892,0.242,139.352,hard-rock
Mississippi Queen,Ozzy Osbourne,0.9118,0.031,0.871,0.098,71,False,0.581,0.624,9,-8.346,1,0.0777,0.0987,0.0,0.0411,0.637,139.714,blues
No More Tears,Ozzy Osbourne,-0.9829,0.256,0.667,0.077,46,False,0.65,0.632,8,-8.374,1,0.037,0.388,0.00875,0.134,0.352,97.046,dub
Spiders,Ozzy Osbourne,-0.8658,0.115,0.819,0.066,68,False,0.46,0.54,5,-5.132,1,0.0381,0.0324,0.0168,0.326,0.0506,137.855,metal
Stayin' Alive,Ozzy Osbourne,0.9977,0.026,0.651,0.323,77,False,0.707,0.535,10,-19.793,0,0.0436,0.113,0.00615,0.0884,0.641,103.644,disco
Wizard,Ozzy Osbourne,0.8721,0.099,0.7,0.201,41,False,0.578,0.915,7,-4.98,1,0.068,0.00706,0.775,0.489,0.186,127.933,progressive-house
Holes,Passenger,0.983,0.045,0.831,0.124,42,False,0.47,0.572,8,-5.707,1,0.0283,0.0574,0.0,0.0902,0.422,131.962,country
Whispers,Passenger,0.8746,0.101,0.755,0.144,28,False,0.472,0.955,3,-2.216,1,0.135,0.392,0.721,0.295,0.245,159.96,hardstyle
Heartaches,Patsy Cline,0.9595,0.07,0.726,0.204,59,False,0.764,0.489,7,-9.41,1,0.0332,0.249,0.00176,0.0894,0.496,119.953,soul
San Antonio Rose,Patsy Cline,0.5371,0.136,0.736,0.128,13,False,0.559,0.298,2,-14.966,1,0.0305,0.974,2.3e-05,0.232,0.529,107.293,honky-tonk
That's How Much I Love You,Patsy Cline,0.9887,0.0,0.815,0.185,29,False,0.553,0.946,4,-3.817,1,0.0815,0.0208,0.000144,0.0713,0.889,89.786,rockabilly
Memento Mori,Patti Smith,-0.9551,0.085,0.847,0.068,56,False,0.538,0.984,2,-4.589,1,0.0992,0.000149,0.787,0.127,0.0494,123.008,groove
Nine,Patti Smith,0.818,0.13,0.701,0.168,47,False,0.368,0.0854,10,-16.224,1,0.0495,0.922,0.0,0.11,0.203,106.6,ambient
Wave,Patti Smith,0.9897,0.042,0.795,0.163,63,False,0.624,0.86,1,-3.346,1,0.0387,0.0886,1.1e-05,0.123,0.447,99.968,k-pop
A World Without Love,Paul McCartney,-0.9887,0.271,0.655,0.074,51,False,0.548,0.827,4,-6.197,1,0.0336,0.147,0.0,0.147,0.777,130.043,british
Gratitude,Paul McCartney,0.9994,0.032,0.411,0.558,56,False,0.618,0.943,10,-6.848,0,0.044,0.105,0.964,0.185,0.0915,123.989,deep-house
If You Wanna,Paul McCartney,0.9914,0.005,0.814,0.182,6,False,0.861,0.671,11,-8.566,0,0.0785,0.0553,0.000124,0.133,0.671,120.006,chicago-house
Lonesome Town,Paul McCartney,-0.9958,0.35,0.602,0.048,63,False,0.404,0.193,11,-12.501,1,0.0305,0.794,0.000296,0.103,0.273,77.026,r-n-b
Allergies,Paul Simon,0.957,0.061,0.788,0.15,22,False,0.537,0.594,10,-12.198,0,0.857,0.806,0.0,0.865,0.748,86.324,comedy
Getting Ready For Christmas Day,Paul Simon,0.9985,0.021,0.702,0.277,0,False,0.733,0.756,2,-8.05,1,0.135,0.438,3.22e-05,0.335,0.923,124.09,folk
Quality,Paul Simon,0.9826,0.032,0.781,0.187,44,True,0.884,0.771,10,-5.585,0,0.109,0.086,0.0,0.0729,0.856,94.062,j-dance
Baba O'Riley,Pearl Jam,0.5641,0.103,0.76,0.137,76,False,0.489,0.724,5,-8.367,1,0.0352,0.313,0.185,0.287,0.15,117.292,blues
Black,Pearl Jam,0.1027,0.055,0.893,0.052,74,False,0.36,0.684,4,-6.457,0,0.0308,0.323,0.0,0.34,0.2,77.15,alt-rock
Evacuation,Pearl Jam,-0.859,0.174,0.737,0.088,10,False,0.494,0.224,0,-20.484,1,0.0313,0.987,0.878,0.119,0.156,108.701,idm
Even Flow,Pearl Jam,0.965,0.046,0.776,0.178,76,False,0.394,0.944,10,-6.506,0,0.0761,0.00178,4.54e-06,0.298,0.265,105.338,alt-rock
Future Days,Pearl Jam,-0.8922,0.166,0.715,0.119,55,False,0.538,0.266,1,-12.464,1,0.0277,0.41,0.0,0.0639,0.174,106.952,grunge
Garden,Pearl Jam,-0.7184,0.076,0.907,0.017,51,False,0.664,0.874,4,-5.918,0,0.0378,0.00999,0.256,0.189,0.729,127.971,groove
Habit,Pearl Jam,0.9041,0.013,0.892,0.095,75,False,0.749,0.85,10,-5.39,0,0.126,0.203,0.0,0.18,0.912,117.968,anime
Hunger Strike,Pearl Jam,-0.9638,0.197,0.754,0.049,69,False,0.373,0.567,7,-10.835,1,0.032,0.0236,3.47e-06,0.0916,0.298,137.789,grunge
I Am Mine,Pearl Jam,-0.9186,0.178,0.692,0.13,60,False,0.323,0.728,7,-5.416,1,0.0321,0.00394,0.000447,0.102,0.489,161.586,grunge
Long Road,Pearl Jam,0.959,0.059,0.814,0.127,48,False,0.69,0.513,5,-12.529,1,0.0975,0.302,0.536,0.281,0.635,142.221,j-dance
Present Tense,Pearl Jam,-0.264,0.059,0.894,0.047,56,False,0.403,0.272,2,-13.492,1,0.0325,0.403,0.17,0.0806,0.105,130.872,grunge
Rats,Pearl Jam,-0.7421,0.139,0.76,0.1,17,False,0.259,0.88,10,-11.59,1,0.112,0.00327,0.965,0.408,0.0364,125.287,grindcore
Integral,Pet Shop Boys,0.8897,0.059,0.816,0.125,35,False,0.466,0.968,8,-6.601,1,0.078,0.000133,0.00309,0.154,0.129,140.998,death-metal
Legacy,Pet Shop Boys,-0.9515,0.081,0.893,0.026,51,False,0.587,0.772,4,-4.439,0,0.0375,0.0214,0.698,0.447,0.197,127.979,progressive-house
Liberation,Pet Shop Boys,0.9949,0.04,0.682,0.278,61,False,0.628,0.836,3,-7.071,1,0.072,0.702,0.627,0.131,0.372,99.992,deep-house
Metamorphosis,Pet Shop Boys,0.9937,0.059,0.752,0.189,10,False,0.789,0.612,2,-6.772,1,0.659,0.382,0.0,0.0734,0.84,169.855,kids
Minimal,Pet Shop Boys,0.6872,0.045,0.862,0.093,54,False,0.723,0.769,11,-8.244,0,0.0634,0.226,0.892,0.0764,0.241,133.984,techno
Suburbia,Pet Shop Boys,0.7911,0.038,0.888,0.074,65,False,0.61,0.555,6,-8.349,0,0.067,0.0839,0.0461,0.144,0.286,166.007,swedish
Violence,Pet Shop Boys,-0.9954,0.383,0.59,0.028,45,False,0.3,0.546,1,-7.708,1,0.0405,0.714,3.34e-06,0.0897,0.274,154.533,dub
West End Girls,Pet Shop Boys,-0.9937,0.14,0.844,0.016,58,False,0.627,0.905,4,-9.921,0,0.037,0.0331,0.0199,0.255,0.644,113.247,synth-pop
Body Language,Peter Cetera,0.1189,0.125,0.762,0.113,21,True,0.566,0.575,10,-10.079,0,0.24,0.149,0.0,0.109,0.184,179.829,j-dance
I Can Feel It,Peter Cetera,0.9968,0.024,0.696,0.279,20,False,0.811,0.575,0,-8.347,1,0.0294,0.0541,4.29e-06,0.0944,0.626,126.567,power-pop
Excuse Me,Peter Gabriel,-0.7003,0.144,0.712,0.145,25,False,0.313,0.908,1,-5.062,0,0.0553,0.00042,0.0489,0.206,0.451,184.135,garage
Modern Love,Peter Gabriel,0.8306,0.156,0.671,0.173,55,False,0.713,0.701,4,-8.094,0,0.048,0.133,0.0125,0.131,0.153,120.065,electronic
Only Us,Peter Gabriel,0.9585,0.035,0.8,0.165,58,False,0.467,0.346,1,-7.029,1,0.0271,0.707,0.0,0.102,0.243,69.006,show-tunes
Out Out,Peter Gabriel,-0.9785,0.119,0.811,0.07,24,True,0.478,0.87,2,-15.775,1,0.91,0.746,0.0,0.964,0.148,88.733,comedy
Perspective,Peter Gabriel,-0.8275,0.133,0.767,0.1,60,False,0.129,0.0376,6,-34.587,1,0.0399,0.938,0.892,0.112,0.0516,68.571,sleep
Sky Blue,Peter Gabriel,-0.9323,0.182,0.711,0.107,11,False,0.733,0.878,6,-8.96,0,0.042,0.00355,0.887,0.0984,0.665,126.028,idm
Wallflower,Peter Gabriel,0.1818,0.074,0.856,0.07,42,False,0.551,0.224,2,-13.374,0,0.0424,0.812,0.864,0.102,0.134,86.044,study
Get Up Stand Up,Peter Tosh,-0.9889,0.153,0.795,0.053,12,False,0.738,0.963,8,-8.185,1,0.0619,0.000182,0.918,0.0472,0.439,125.122,chicago-house
Legalize It,Peter Tosh,0.9729,0.02,0.78,0.2,57,False,0.71,0.589,0,-11.933,1,0.167,0.068,4.38e-06,0.176,0.65,144.601,dub
Mama Africa,Peter Tosh,0.9937,0.035,0.716,0.249,54,False,0.843,0.924,8,-2.91,0,0.285,0.288,0.0,0.112,0.778,127.036,dancehall
I Really Like You,Pharrell Williams,0.9938,0.032,0.837,0.131,70,False,0.62,0.805,5,-5.538,1,0.0417,0.00564,9.15e-05,0.285,0.586,122.062,electro
It Girl,Pharrell Williams,0.9393,0.096,0.776,0.127,0,False,0.667,0.718,1,-4.736,0,0.0605,0.0165,0.0,0.104,0.345,91.993,dance
Know Who You Are,Pharrell Williams,0.9513,0.121,0.719,0.16,41,False,0.16,0.145,11,-20.495,0,0.0359,0.941,0.0919,0.103,0.0946,173.443,disney
Mamacita,Pharrell Williams,0.9937,0.051,0.792,0.157,26,False,0.747,0.701,1,-5.154,1,0.0803,0.603,0.0,0.128,0.821,155.109,dancehall
The Times They Are A-Changin',Phil Collins,0.3098,0.085,0.818,0.097,67,False,0.389,0.396,7,-7.999,1,0.0332,0.887,0.0,0.0828,0.585,171.86,folk
Two Hearts,Phil Collins,0.2501,0.087,0.815,0.098,16,False,0.497,0.905,10,-2.313,1,0.115,0.000487,0.147,0.287,0.598,170.134,happy
Extraordinary,Phineas And Ferb,0.9636,0.028,0.832,0.14,28,True,0.759,0.609,9,-8.625,1,0.316,0.539,0.0,0.0743,0.64,103.867,dancehall
My Nemesis,Phineas And Ferb,-0.69,0.142,0.756,0.101,52,False,0.437,0.97,1,-2.333,0,0.0771,2.87e-05,0.0,0.252,0.509,74.995,groove
You're Going Down,Phineas And Ferb,-0.8328,0.093,0.885,0.022,66,True,0.49,0.833,6,-5.899,1,0.0487,0.0116,0.000504,0.15,0.39,89.981,alt-rock
Carolina,Phish,0.9738,0.012,0.838,0.15,47,False,0.581,0.67,2,-5.952,1,0.0268,0.264,0.0,0.11,0.618,103.971,alt-rock
Catapult,Phish,0.5187,0.108,0.755,0.137,51,False,0.483,0.937,9,-7.832,0,0.0759,0.000212,0.0,0.295,0.673,150.998,garage
Contact,Phish,0.6369,0.0,0.962,0.038,36,False,0.454,0.563,4,-7.653,0,0.0367,0.211,0.957,0.126,0.0621,119.939,black-metal
Driver,Phish,0.8126,0.026,0.911,0.063,47,False,0.4,0.979,1,-3.228,1,0.0822,5.65e-05,0.879,0.0631,0.202,173.92,drum-and-bass
Drowned,Phish,0.2144,0.032,0.898,0.07,21,True,0.348,0.924,10,-4.735,0,0.144,0.00055,0.000353,0.0684,0.214,75.011,death-metal
Esther,Phish,-0.9794,0.099,0.837,0.064,62,False,0.828,0.502,0,-6.053,1,0.0445,0.172,0.00102,0.0544,0.677,105.953,soul
Fuego,Phish,-0.0428,0.094,0.831,0.075,1,False,0.78,0.856,8,-6.264,0,0.267,0.0233,0.0,0.0916,0.605,104.904,dance
Julius,Phish,0.8888,0.028,0.869,0.103,44,False,0.759,0.661,5,-6.457,0,0.363,0.201,0.0,0.137,0.658,129.794,brazil
Love You,Phish,0.9911,0.0,0.723,0.277,23,False,0.283,0.842,5,-2.575,1,0.0465,0.0136,0.0,0.0588,0.0781,75.446,hardstyle
Poor Heart,Phish,0.985,0.07,0.681,0.249,34,False,0.439,0.529,11,-7.023,0,0.0363,0.0596,7.02e-05,0.0936,0.549,159.959,blues
Sand,Phish,0.623,0.094,0.786,0.119,25,False,0.484,0.941,0,-3.887,0,0.0658,0.000394,0.0,0.148,0.535,180.025,metalcore
Self,Phish,0.9602,0.125,0.674,0.201,23,True,0.509,0.948,8,-3.432,1,0.079,3.76e-05,0.00415,0.135,0.332,161.748,industrial
The Line,Phish,0.9196,0.007,0.927,0.066,9,False,0.666,0.868,0,-12.483,1,0.0446,0.0354,0.0113,0.0736,0.863,134.649,detroit-techno
Train Song,Phish,0.4215,0.018,0.95,0.032,50,False,0.576,0.382,4,-9.98,0,0.0361,0.888,0.000555,0.132,0.55,102.575,british
Astronomy Domine,Pink Floyd,-0.9081,0.125,0.875,0.0,49,False,0.348,0.633,2,-11.527,1,0.048,0.376,0.473,0.346,0.0805,124.096,psych-rock
Bike,Pink Floyd,0.9615,0.0,0.897,0.103,42,False,0.751,0.61,5,-14.946,1,0.043,0.0139,0.913,0.089,0.0375,125.237,idm
Brain Damage,Pink Floyd,-0.8555,0.09,0.887,0.023,14,True,0.325,0.976,4,-6.707,1,0.108,0.0172,0.479,0.258,0.29,92.175,grindcore
Echoes,Pink Floyd,0.128,0.095,0.823,0.083,53,False,0.538,0.952,10,-1.977,0,0.038,0.00825,0.0713,0.198,0.152,87.016,drum-and-bass
Julia Dream,Pink Floyd,0.872,0.051,0.779,0.17,40,False,0.368,0.28,9,-13.153,0,0.0323,0.522,0.132,0.602,0.408,115.986,psych-rock
Keep Talking,Pink Floyd,0.9654,0.024,0.842,0.134,50,False,0.497,0.771,4,-11.938,0,0.0528,0.187,0.00895,0.0788,0.24,100.302,psych-rock
Let There Be More Light,Pink Floyd,0.0258,0.0,0.992,0.008,46,False,0.158,0.615,0,-8.897,1,0.0367,0.689,0.861,0.153,0.303,77.238,psych-rock
Pigs (Three Different Ones),Pink Floyd,0.9944,0.135,0.526,0.339,59,True,0.419,0.575,4,-12.22,0,0.0897,0.103,0.459,0.895,0.354,129.267,psych-rock
Poles Apart,Pink Floyd,-0.7927,0.088,0.864,0.047,54,False,0.162,0.411,7,-11.333,1,0.0346,0.3,0.0769,0.687,0.246,61.418,psych-rock
Run Like Hell,Pink Floyd,0.8687,0.078,0.793,0.129,0,False,0.649,0.944,11,-5.197,0,0.112,0.0373,0.0,0.338,0.31,110.022,iranian
San Tropez,Pink Floyd,0.8225,0.061,0.844,0.094,54,False,0.691,0.324,0,-15.366,1,0.0446,0.171,0.0223,0.0674,0.543,121.664,psych-rock
See Emily Play,Pink Floyd,0.7469,0.185,0.596,0.218,47,False,0.456,0.711,2,-9.205,1,0.0362,0.203,6.61e-06,0.13,0.412,124.021,psych-rock
Summer '68,Pink Floyd,0.9531,0.059,0.771,0.171,48,False,0.23,0.429,2,-10.624,1,0.0278,0.417,0.49,0.0911,0.324,165.179,psych-rock
The Final Cut,Pink Floyd,0.7142,0.056,0.868,0.076,53,False,0.462,0.364,5,-9.831,1,0.0335,0.787,0.000682,0.118,0.0781,58.588,psych-rock
Pause,Pitbull,0.9985,0.019,0.684,0.297,51,False,0.619,0.277,11,-11.771,1,0.0322,0.892,0.0542,0.116,0.435,111.576,folk
Pearly Gates,Pitbull,0.9975,0.121,0.614,0.265,1,False,0.179,0.534,1,-17.967,1,0.248,0.531,0.808,0.128,0.0513,166.961,iranian
Sticky,Pitbull,-0.5789,0.068,0.871,0.062,0,False,0.713,0.846,4,-6.712,0,0.0537,0.0339,0.000381,0.106,0.572,120.021,alternative
Timber,Pitbull,0.995,0.004,0.839,0.157,13,False,0.633,0.948,8,-2.413,0,0.0785,0.262,0.0,0.0666,0.853,129.984,kids
Call Your Name,Planetshakers,0.4939,0.021,0.934,0.045,55,False,0.567,0.3,11,-8.421,0,0.0291,0.0145,0.0,0.0687,0.196,141.819,anime
I Want You To Know,Planetshakers,0.9979,0.0,0.726,0.274,66,False,0.58,0.846,9,-2.876,0,0.0573,0.00537,6.62e-06,0.145,0.366,129.998,edm
My Passion,Planetshakers,0.9992,0.0,0.565,0.435,30,False,0.74,0.61,7,-5.01,0,0.0514,0.163,0.0428,0.268,0.755,128.037,disco
Overwhelmed,Planetshakers,0.9997,0.0,0.577,0.423,0,False,0.804,0.323,0,-11.127,0,0.305,0.308,0.0,0.15,0.456,87.019,alternative
This Is How We Overcome,Planetshakers,0.9623,0.12,0.665,0.216,27,False,0.384,0.852,0,-7.162,1,0.0676,0.171,0.0,0.381,0.586,131.56,world-music
Worthy Is The Lamb,Planetshakers,0.996,0.0,0.583,0.417,25,False,0.166,0.687,7,-5.253,1,0.0394,0.00332,3.45e-05,0.188,0.198,151.263,world-music
Beam Me Up,P!nk,0.9103,0.03,0.886,0.084,29,False,0.573,0.504,11,-8.601,1,0.0388,0.0759,0.000116,0.325,0.147,131.97,garage
Centerfold,P!nk,-0.3999,0.07,0.867,0.063,74,False,0.653,0.677,0,-12.244,1,0.0396,0.249,0.0,0.403,0.888,114.37,blues
Delirium,P!nk,0.9935,0.011,0.892,0.096,18,False,0.353,0.363,7,-12.685,1,0.0333,0.00293,0.836,0.1,0.0777,89.999,black-metal
Heads Up,P!nk,0.998,0.021,0.586,0.393,21,True,0.63,0.694,7,-3.847,0,0.402,0.228,0.0,0.0754,0.444,80.89,j-dance
Samuel,P!nk,0.8834,0.151,0.674,0.175,38,False,0.627,0.909,0,-4.179,1,0.0934,0.481,9.47e-05,0.104,0.837,159.904,gospel
So What,P!nk,-0.8712,0.091,0.852,0.056,58,False,0.777,0.827,5,-4.575,0,0.0453,0.00549,0.0127,0.214,0.861,123.895,deep-house
Unwind,P!nk,0.9756,0.109,0.651,0.24,39,False,0.181,0.0203,7,-26.978,1,0.0351,0.976,0.852,0.0808,0.0361,66.015,ambient
Anniversary,Pogues,0.9909,0.011,0.832,0.157,41,False,0.333,0.315,11,-9.795,1,0.0314,0.949,0.202,0.202,0.0606,119.958,ambient
Bright Lights,Pogues,0.9957,0.024,0.767,0.209,56,False,0.614,0.861,6,-5.717,1,0.0315,0.00153,0.111,0.0534,0.412,123.996,deep-house
Medley,Pogues,0.96,0.07,0.82,0.11,7,False,0.666,0.737,7,-4.145,1,0.294,0.145,0.0,0.119,0.677,140.066,kids
Sayonara,Pogues,0.9716,0.094,0.701,0.205,0,False,0.293,0.793,4,-11.245,0,0.249,0.436,0.00584,0.144,0.0654,111.506,iranian
Every Move I Make,Point Of Grace,0.9413,0.0,0.922,0.078,47,False,0.486,0.903,4,-6.418,1,0.0712,0.0414,2.33e-05,0.926,0.943,200.104,children
Let There Be Light,Point Of Grace,0.9922,0.069,0.746,0.186,16,False,0.439,0.947,6,-9.283,1,0.0796,0.000118,0.722,0.474,0.322,174.007,drum-and-bass
Make It Real,Point Of Grace,0.9868,0.025,0.834,0.141,17,False,0.735,0.667,11,-6.768,0,0.0515,0.0416,0.892,0.12,0.264,124.013,club
Say So,Point Of Grace,0.9964,0.026,0.754,0.221,79,True,0.787,0.673,11,-4.583,0,0.159,0.264,3.35e-06,0.0904,0.779,110.962,dance
Worthless,Point Of Grace,-0.8225,0.125,0.824,0.051,12,False,0.389,0.944,10,-7.128,0,0.0817,0.000482,0.799,0.218,0.252,114.158,grindcore
You Are Good,Point Of Grace,0.9975,0.018,0.726,0.255,40,False,0.396,0.843,9,-7.077,1,0.0467,0.0041,2.46e-06,0.45,0.354,144.011,ambient
Stay Alive,Poison,0.977,0.075,0.728,0.197,0,False,0.714,0.306,6,-12.111,1,0.0388,0.726,0.168,0.0924,0.314,129.984,folk
Talk Dirty To Me,Poison,0.9019,0.062,0.82,0.118,32,False,0.672,0.804,6,-4.427,1,0.065,0.565,0.0,0.0667,0.938,79.059,ska
Money Talk,Pretenders,0.2237,0.074,0.84,0.086,44,True,0.619,0.611,0,-6.65,1,0.129,0.0685,8.13e-05,0.595,0.311,159.987,dubstep
Popstar,Pretenders,-0.9637,0.148,0.79,0.062,44,False,0.666,0.875,9,-5.95,1,0.0289,0.288,0.0,0.393,0.688,133.897,r-n-b
Samurai,Pretenders,0.1531,0.088,0.818,0.093,17,False,0.603,0.67,7,-8.638,0,0.0446,0.504,0.824,0.081,0.314,94.01,afrobeat
2020,Prince,0.6003,0.094,0.777,0.129,43,True,0.604,0.487,0,-7.881,0,0.318,0.823,0.0,0.14,0.416,110.854,funk
7,Prince,0.9715,0.116,0.721,0.163,58,False,0.466,0.976,9,-4.104,0,0.105,0.00171,8.37e-06,0.0729,0.541,98.377,garage
Color,Prince,0.9923,0.019,0.8,0.182,46,False,0.573,0.102,6,-20.757,0,0.0638,0.983,0.914,0.124,0.249,145.651,guitar
One Too Many,Proclaimers,-0.6705,0.071,0.929,0.0,0,False,0.702,0.53,4,-6.403,1,0.0558,0.211,0.0,0.396,0.561,82.983,country
The Light,Proclaimers,0.9397,0.084,0.77,0.145,19,False,0.498,0.964,5,-1.078,1,0.378,0.00578,2.84e-05,0.242,0.567,174.881,drum-and-bass
Three More Days,Proclaimers,0.0772,0.023,0.944,0.033,36,False,0.555,0.68,10,-8.358,0,0.0323,0.126,0.000906,0.0506,0.903,84.518,acoustic
Conquistador,Procol Harum,-0.9307,0.173,0.738,0.089,21,False,0.498,0.996,1,-3.836,1,0.171,4.68e-05,6.51e-05,0.0679,0.0645,118.069,heavy-metal
Kaleidoscope,Procol Harum,-0.9169,0.151,0.849,0.0,62,False,0.709,0.913,7,-5.148,1,0.0748,0.0182,0.0,0.167,0.519,108.024,acoustic
Perpetual Motion,Procol Harum,0.894,0.006,0.899,0.094,47,False,0.717,0.621,11,-11.855,1,0.0536,0.675,0.926,0.111,0.224,118.977,minimal-techno
Barcelona,Queen,0.9928,0.034,0.727,0.239,67,False,0.629,0.572,5,-9.332,1,0.0307,0.32,0.000853,0.109,0.182,93.997,folk
Bohemian Rhapsody,Queen,-0.9832,0.198,0.691,0.111,22,False,0.524,0.494,2,-7.416,1,0.0435,0.677,0.000298,0.222,0.596,124.896,bluegrass
Don't Lose Your Head,Queen,0.9987,0.02,0.548,0.432,0,False,0.532,0.96,5,-4.765,1,0.127,0.00955,0.00998,0.105,0.236,115.114,funk
I Want To Break Free,Queen,0.9975,0.054,0.524,0.423,20,False,0.633,0.896,4,-4.657,1,0.0526,0.00594,0.134,0.126,0.813,160.033,hardstyle
Nevermore,Queen,-0.4334,0.12,0.794,0.086,18,False,0.546,0.897,1,-5.875,1,0.0786,1.31e-05,0.00668,0.629,0.244,116.957,black-metal
The Great Pretender,Queen,0.9956,0.057,0.611,0.331,48,False,0.652,0.303,7,-8.573,1,0.0297,0.851,0.0,0.324,0.706,114.665,rock-n-roll
The Show Must Go On,Queen,0.9911,0.057,0.771,0.172,54,False,0.571,0.198,7,-16.919,1,0.0294,0.435,0.125,0.262,0.326,129.024,psych-rock
I Adore You,Queen Adreena,0.969,0.227,0.488,0.285,25,False,0.405,0.797,10,-4.318,1,0.0365,0.0089,0.0996,0.104,0.076,114.2,drum-and-bass
Ruby,Queen Adreena,-0.9776,0.251,0.648,0.101,19,False,0.361,0.31,9,-12.102,1,0.0398,0.802,0.687,0.128,0.408,177.659,afrobeat
Go With The Flow,Queens Of The Stone Age,0.9419,0.115,0.7,0.186,68,False,0.246,0.991,9,-3.903,1,0.087,0.00944,0.0753,0.867,0.415,159.39,blues
Make It Wit Chu,Queens Of The Stone Age,0.6956,0.0,0.972,0.028,63,False,0.708,0.828,9,-5.286,1,0.0286,0.413,0.000104,0.12,0.505,91.977,blues
Smooth Sailing,Queens Of The Stone Age,-0.9674,0.162,0.763,0.075,38,False,0.0,2.03e-05,2,-16.555,1,0.0,0.951,0.873,0.113,0.0,0.0,sleep
Almost Cut My Hair,Queensryche,0.9431,0.121,0.672,0.207,59,False,0.471,0.471,7,-10.483,1,0.0437,0.185,0.00927,0.164,0.575,136.829,psych-rock
Damaged,Queensryche,-0.9528,0.154,0.807,0.038,39,False,0.334,0.772,2,-4.095,1,0.046,0.238,0.0,0.16,0.265,150.272,dub
Speak,Queensryche,-0.9789,0.124,0.863,0.013,29,False,0.687,0.378,11,-13.338,1,0.0336,0.822,0.00981,0.109,0.584,96.077,bluegrass
Too Official,Quicksand,0.9166,0.098,0.739,0.163,25,False,0.499,0.875,2,-7.179,1,0.0398,1.25e-05,0.122,0.0869,0.467,142.49,grunge
Red Alert,Quiet Riot,0.9247,0.154,0.616,0.23,43,False,0.579,0.999,11,-0.784,1,0.129,0.018,0.521,0.319,0.427,144.047,dub
You Drive Me Crazy,Quiet Riot,0.9274,0.115,0.743,0.143,58,False,0.754,0.927,5,-2.597,1,0.0313,0.173,3.22e-06,0.307,0.975,119.494,rock-n-roll
Crawling In The Dark,Quietdrive,0.4696,0.013,0.955,0.032,66,False,0.588,0.927,6,-4.776,0,0.113,0.000305,3.83e-05,0.195,0.652,93.571,grunge
Motivation,Quietdrive,0.9873,0.052,0.789,0.159,38,False,0.469,0.95,9,-6.459,1,0.443,0.0264,0.00453,0.19,0.312,149.883,electronic
Sink Or Swim,Quietdrive,-0.9405,0.158,0.792,0.05,47,False,0.613,0.812,2,-3.524,1,0.0355,0.259,0.0,0.185,0.394,119.979,acoustic
My America,Quincy Punx,0.4003,0.046,0.886,0.068,27,False,0.528,0.749,1,-16.593,1,0.948,0.685,0.0,0.866,0.206,76.76,comedy
Gangsta,R. Kelly,-0.0,0.051,0.892,0.057,60,False,0.447,0.356,10,-11.193,0,0.0419,0.0958,0.0,0.318,0.174,121.864,dance
My Story,R. Kelly,-0.9639,0.097,0.828,0.075,26,False,0.652,0.706,11,-7.292,0,0.458,0.741,0.0,0.175,0.547,72.127,dancehall
Inside My Head,Radiohead,0.504,0.061,0.854,0.085,56,False,0.704,0.943,8,-6.758,1,0.0779,0.00422,0.881,0.119,0.0608,129.995,techno
Karma Police,Radiohead,-0.9789,0.229,0.735,0.036,76,False,0.36,0.501,7,-9.129,1,0.0258,0.0638,9.32e-05,0.172,0.324,74.807,alt-rock
Lift,Radiohead,0.8939,0.058,0.805,0.138,47,False,0.483,0.872,11,-5.088,1,0.0383,0.0171,0.00131,0.0851,0.733,153.986,metal
Lull,Radiohead,-0.9613,0.331,0.627,0.041,8,False,0.477,0.549,8,-12.729,1,0.114,0.969,0.915,0.147,0.0751,191.977,idm
Paranoid Android,Radiohead,0.9685,0.082,0.74,0.179,70,False,0.251,0.848,5,-6.501,1,0.0579,0.0377,0.00591,0.0545,0.207,163.709,alt-rock
Rabbit In Your Headlights,Radiohead,-0.9518,0.179,0.748,0.074,50,False,0.265,0.588,9,-9.036,1,0.05,0.0762,0.0113,0.128,0.171,112.396,trip-hop
This Mess We're In,Radiohead,-0.4291,0.104,0.806,0.091,59,False,0.541,0.572,0,-9.634,1,0.0277,0.0266,0.186,0.0925,0.406,126.302,piano
Brush Your Teeth,Raffi,0.7584,0.0,0.94,0.06,49,False,0.916,0.265,6,-11.198,0,0.0735,0.035,0.0,0.0907,0.688,132.058,children
Oh Me Oh My,Raffi,-0.9236,0.087,0.913,0.0,48,True,0.669,0.652,0,-4.245,1,0.0603,0.0314,0.0,0.158,0.0395,119.972,electronic
Shake My Sillies Out,Raffi,-0.918,0.214,0.713,0.073,55,False,0.732,0.347,2,-12.909,1,0.0737,0.699,0.0,0.0515,0.978,180.109,children
Six Little Ducks,Raffi,0.5574,0.0,0.977,0.023,26,False,0.958,0.545,2,-6.708,1,0.0883,0.577,1.99e-06,0.104,0.892,120.059,kids
Wheels On The Bus,Raffi,0.0,0.0,1.0,0.0,33,False,0.693,0.907,4,-3.379,1,0.0828,0.0601,0.00281,0.498,0.779,155.064,kids
Yellow Submarine,Raffi,0.7964,0.0,0.948,0.052,61,False,0.616,0.636,1,-7.055,1,0.0325,0.208,0.0,0.517,0.654,110.618,british
Bulls On Parade,Rage Against The Machine,-0.9588,0.104,0.861,0.035,75,True,0.412,0.919,5,-7.291,1,0.184,0.0124,0.0601,0.424,0.572,166.367,alt-rock
In My Eyes,Rage Against The Machine,0.6901,0.079,0.803,0.119,19,False,0.775,0.712,10,-4.267,0,0.0488,0.524,1.54e-05,0.118,0.922,112.979,kids
Kick Out The Jams,Rage Against The Machine,0.9784,0.03,0.82,0.151,0,False,0.467,0.973,10,-4.505,0,0.114,0.000213,4.64e-06,0.145,0.593,144.106,hard-rock
Killing In The Name,Rage Against The Machine,-0.9992,0.2,0.773,0.027,80,True,0.466,0.833,7,-4.215,1,0.304,0.0266,0.0,0.0327,0.661,88.785,alt-rock
Catch The Rainbow,Rainbow,0.9666,0.0,0.836,0.164,58,False,0.32,0.412,4,-12.75,0,0.0316,0.188,0.0339,0.0644,0.282,132.986,blues
Self Portrait,Rainbow,0.4678,0.068,0.839,0.092,46,False,0.583,0.798,2,-4.443,1,0.0289,0.0511,0.00744,0.123,0.652,152.109,punk
Since You Been Gone,Rainbow,-0.9478,0.07,0.913,0.017,68,False,0.733,0.726,7,-6.514,1,0.0371,0.379,2.58e-06,0.471,0.915,120.814,blues
Sweet Dream,Rainbow,0.9657,0.0,0.914,0.086,53,False,0.41,0.234,1,-15.236,1,0.0421,0.798,0.00304,0.108,0.19,93.72,acoustic
The Temple Of The King,Rainbow,0.9938,0.017,0.8,0.183,64,False,0.486,0.487,9,-11.633,0,0.0341,0.445,1.44e-05,0.0648,0.373,81.972,blues
Howling At The Moon,Ramones,0.2439,0.185,0.61,0.205,32,False,0.797,0.805,4,-6.508,0,0.0696,0.0287,0.00441,0.0596,0.839,123.384,blues
Blessed Assurance,Randy Travis,0.9942,0.015,0.648,0.338,44,False,0.536,0.563,4,-7.644,1,0.0285,0.272,0.0,0.0857,0.207,140.004,world-music
Four Walls,Randy Travis,0.9927,0.015,0.798,0.187,13,False,0.131,0.981,6,-6.633,1,0.173,2.18e-06,0.734,0.201,0.0396,180.801,grindcore
Better Now,Rascal Flatts,0.8996,0.129,0.69,0.181,52,False,0.714,0.684,6,-7.434,0,0.21,0.154,0.0,0.0759,0.422,111.038,deep-house
I Won't Let Go,Rascal Flatts,-0.97,0.158,0.768,0.074,52,False,0.557,0.406,4,-7.083,1,0.0278,0.742,0.0,0.113,0.222,131.96,country
Payback,Rascal Flatts,0.985,0.034,0.819,0.147,52,False,0.637,0.827,7,-5.153,0,0.0629,0.046,0.103,0.575,0.339,128.025,progressive-house
Play,Rascal Flatts,0.9992,0.024,0.525,0.451,70,False,0.52,0.798,6,-5.498,0,0.0391,0.101,0.0,0.0932,0.168,101.944,dance
Shine On,Rascal Flatts,0.9816,0.079,0.709,0.212,25,False,0.301,0.983,1,-4.329,1,0.132,0.000601,5.73e-06,0.0575,0.245,170.022,grunge
Behold,Ray Boltz,0.9657,0.033,0.803,0.165,40,False,0.44,0.566,11,-7.451,1,0.033,0.214,0.0,0.0657,0.338,146.97,world-music
Fifty Nifty United States,Ray Charles,0.9917,0.0,0.779,0.221,22,False,0.435,0.351,5,-6.153,1,0.0422,0.54,0.0,0.0912,0.511,72.984,kids
Mess Around,Ray Charles,-0.9914,0.258,0.698,0.044,0,False,0.565,0.962,8,-2.981,1,0.064,0.437,0.0,0.056,0.906,148.804,blues
So Help Me God,Ray Charles,0.9993,0.013,0.55,0.437,25,False,0.419,0.855,0,-4.782,1,0.0327,7.69e-05,0.0,0.272,0.261,154.098,acoustic
Sorry Seems To Be The Hardest Word,Ray Charles,-0.891,0.162,0.762,0.076,62,False,0.371,0.22,7,-12.797,0,0.0324,0.828,1.23e-06,0.195,0.112,118.464,piano
Stella By Starlight,Ray Charles,0.9444,0.07,0.725,0.204,1,False,0.469,0.199,5,-12.5,1,0.0316,0.889,0.0,0.115,0.21,112.185,blues
Gonna Love Ya,Reba Mcentire,0.9678,0.049,0.735,0.216,0,False,0.718,0.666,3,-6.624,0,0.0488,0.158,0.103,0.129,0.702,100.002,dance
It's Not Over,Reba Mcentire,0.9584,0.009,0.861,0.13,52,False,0.426,0.92,10,-3.243,0,0.0598,0.0559,0.0,0.245,0.296,145.946,grunge
I've Seen Better Days,Reba Mcentire,0.9929,0.013,0.67,0.317,10,False,0.515,0.18,2,-14.765,1,0.0284,0.5,5.63e-05,0.109,0.199,136.741,honky-tonk
A Teenager In Love,Red Hot Chili Peppers,0.9847,0.121,0.661,0.218,61,False,0.555,0.377,1,-9.123,1,0.0295,0.671,0.0,0.128,0.619,78.986,blues
Aeroplane,Red Hot Chili Peppers,-0.976,0.213,0.68,0.107,28,False,0.432,0.985,4,-3.443,1,0.0926,0.000162,3.98e-05,0.0939,0.612,155.25,garage
Californication,Red Hot Chili Peppers,0.5855,0.075,0.828,0.097,2,False,0.592,0.765,9,-2.788,0,0.027,0.0021,0.00154,0.127,0.327,96.483,alt-rock
Scar Tissue,Red Hot Chili Peppers,0.886,0.113,0.723,0.165,79,False,0.595,0.717,0,-4.803,1,0.0295,0.0779,0.00274,0.108,0.547,88.969,alt-rock
Believe It,Regine Velasquez,0.9698,0.0,0.891,0.109,22,False,0.487,0.742,4,-3.202,0,0.0365,0.00783,0.00025,0.146,0.414,118.389,goth
In Love With You,Regine Velasquez,0.9969,0.043,0.654,0.303,24,False,0.483,0.438,6,-7.071,1,0.0248,0.204,0.0,0.0863,0.154,71.003,cantopop
Be Not Afraid,Religious Music,-0.7779,0.18,0.66,0.16,18,False,0.482,0.0409,7,-24.309,1,0.0445,0.991,0.919,0.149,0.175,87.518,disney
Come Thou Fount,Religious Music,0.9954,0.033,0.615,0.351,21,False,0.122,0.307,11,-13.257,1,0.033,0.741,0.0827,0.12,0.0392,85.667,new-age
I Need Thee Every Hour,Religious Music,0.9623,0.07,0.744,0.186,25,False,0.385,0.0298,7,-19.777,1,0.0632,0.986,0.893,0.124,0.183,68.465,new-age
Body Count,Rem,-0.9568,0.142,0.763,0.095,48,False,0.604,0.833,7,-3.022,1,0.0851,0.00576,0.0471,0.0749,0.0981,72.54,dub
Back To Me,Richard Marx,0.5434,0.053,0.882,0.065,55,False,0.489,0.957,8,-2.697,1,0.0569,0.012,0.0768,0.197,0.0659,174.021,drum-and-bass
Children Of The Night,Richard Marx,0.4858,0.096,0.796,0.108,24,False,0.545,0.801,0,-2.898,1,0.0364,1.98e-05,0.053,0.0725,0.0775,118.989,goth
Right Here Waiting,Richard Marx,0.893,0.051,0.85,0.099,30,False,0.707,0.467,2,-7.511,1,0.0367,0.832,5.33e-06,0.114,0.478,110.096,acoustic
I'll Be Fine,Rick Astley,0.9914,0.064,0.738,0.198,46,False,0.663,0.644,4,-8.92,0,0.0375,0.0721,0.0,0.0736,0.372,123.968,country
She Wants To Dance With Me,Rick Astley,0.9861,0.006,0.836,0.157,51,False,0.654,0.83,6,-12.099,1,0.0513,0.0864,5.19e-05,0.268,0.938,118.031,synth-pop
Control Me,Rihanna,0.9866,0.0,0.887,0.113,41,False,0.651,0.939,7,-1.48,0,0.035,0.000701,0.782,0.108,0.185,120.003,drum-and-bass
Hallucination,Rihanna,-0.9386,0.091,0.876,0.033,74,True,0.687,0.788,6,-5.142,0,0.0352,0.0121,0.0,0.358,0.669,123.02,edm
Hard,Rihanna,0.9956,0.146,0.628,0.226,5,False,0.746,0.659,8,-9.219,0,0.045,0.765,0.00104,0.11,0.859,159.955,alternative
Let Me,Rihanna,0.9959,0.026,0.853,0.121,68,False,0.46,0.566,9,-5.637,1,0.0502,0.239,5.96e-06,0.0967,0.189,168.408,dance
Photographs,Rihanna,0.993,0.05,0.808,0.143,51,False,0.539,0.353,3,-10.191,1,0.0464,0.571,0.626,0.0877,0.321,54.571,acoustic
Rehab,Rihanna,0.9467,0.065,0.838,0.097,73,False,0.407,0.558,0,-13.609,1,0.0552,0.0541,1.51e-06,0.34,0.777,71.815,british
80's,Robbie Williams,0.8702,0.075,0.828,0.096,40,False,0.695,0.714,8,-5.989,1,0.0333,0.0345,0.0,0.0394,0.964,120.068,punk-rock
Back For Good,Robbie Williams,0.9884,0.065,0.714,0.221,54,False,0.591,0.175,6,-12.959,1,0.038,0.927,0.0,0.133,0.352,139.902,acoustic
Different,Robbie Williams,0.9449,0.099,0.738,0.163,48,False,0.493,0.966,4,-3.144,0,0.209,0.00041,0.00606,0.165,0.288,104.98,j-idol
Killing Me,Robbie Williams,-0.9972,0.346,0.558,0.096,20,False,0.495,0.961,10,-2.499,0,0.0745,0.000356,0.605,0.88,0.225,173.984,drum-and-bass
Lazy Days,Robbie Williams,0.9919,0.047,0.706,0.247,36,False,0.779,0.447,0,-8.793,1,0.0879,0.385,0.907,0.114,0.3,155.999,study
Can't Stop Me Now,Rod Stewart,0.9937,0.038,0.735,0.227,49,False,0.642,0.753,7,-5.064,1,0.0716,0.0269,2.76e-05,0.048,0.536,89.002,blues
Heading South,Roy Orbison,0.9118,0.046,0.818,0.137,0,True,0.617,0.378,4,-7.108,1,0.0662,0.808,2.33e-05,0.179,0.345,98.299,country
Kaw-Liga,Roy Orbison,-0.9881,0.185,0.786,0.029,13,False,0.632,0.291,11,-11.037,0,0.0344,0.841,0.0,0.191,0.715,111.284,honky-tonk
"Oh, Pretty Woman",Roy Orbison,0.9984,0.044,0.517,0.439,73,False,0.619,0.603,9,-9.481,1,0.0342,0.712,0.0,0.0721,0.958,127.433,r-n-b
Bravado,Rush,0.9274,0.139,0.661,0.201,31,False,0.563,0.696,6,-6.638,1,0.0316,0.517,0.186,0.346,0.0759,152.01,study
Circumstances,Rush,-0.4509,0.138,0.762,0.1,26,False,0.63,0.626,2,-7.124,0,0.278,0.29,1.54e-05,0.129,0.224,102.647,dancehall
Earthshine,Rush,0.9571,0.0,0.814,0.186,51,False,0.532,0.88,9,-8.751,0,0.0369,0.0207,0.919,0.0847,0.12,128.014,trance
Grace To Grace,Rush,0.985,0.112,0.648,0.24,53,False,0.478,0.57,5,-7.875,1,0.0348,0.0701,0.0,0.815,0.162,119.901,world-music
Losing It,Rush,-0.9777,0.201,0.749,0.05,25,False,0.383,0.49,6,-6.991,1,0.0318,0.007,0.00578,0.118,0.062,124.182,garage
Marathon,Rush,0.8107,0.049,0.878,0.073,36,False,0.398,0.347,4,-9.647,1,0.0351,0.595,0.00166,0.0858,0.344,129.891,dub
Superconductor,Rush,0.9825,0.024,0.778,0.197,34,False,0.504,0.937,1,-7.839,0,0.0455,4.58e-06,0.826,0.373,0.0657,140.045,breakbeat
The Spirit Of Radio,Rush,0.9797,0.0,0.772,0.228,0,False,0.362,0.95,9,-5.281,1,0.0567,0.0133,0.000107,0.371,0.611,135.818,hard-rock
The Twilight Zone,Rush,0.4215,0.145,0.711,0.144,1,False,0.563,0.719,6,-11.323,0,0.0276,0.242,0.146,0.288,0.488,113.657,rock-n-roll
Time Stands Still,Rush,0.9786,0.027,0.788,0.185,13,False,0.803,0.278,2,-13.841,0,0.0484,0.0207,0.875,0.12,0.473,130.001,study
Tom Sawyer,Rush,0.9331,0.019,0.882,0.099,73,False,0.536,0.901,9,-7.211,1,0.0374,0.00145,0.0186,0.06,0.666,87.559,hard-rock
I'm Not The Only One,Sam Smith,-0.9791,0.146,0.812,0.042,1,False,0.684,0.487,5,-5.887,1,0.0367,0.495,4.57e-06,0.0821,0.456,81.997,dance
Like I Can,Sam Smith,-0.9982,0.281,0.644,0.075,0,False,0.628,0.683,7,-5.565,0,0.0467,0.246,0.0,0.176,0.462,99.8,dance
Maria Maria,Santana,0.9899,0.049,0.807,0.144,54,False,0.653,0.876,9,-7.388,0,0.139,0.04,0.0922,0.296,0.16,128.064,progressive-house
Mirage,Santana,0.8765,0.0,0.915,0.085,65,False,0.683,0.468,9,-10.058,0,0.0743,0.87,0.673,0.108,0.47,117.095,chill
Praise,Santana,0.9899,0.022,0.742,0.235,17,False,0.779,0.543,11,-9.494,0,0.0369,0.00479,0.737,0.106,0.269,107.999,chicago-house
When I Look Into Your Eyes,Santana,0.9371,0.0,0.839,0.161,61,False,0.396,0.612,6,-8.039,1,0.0277,0.00288,4.71e-05,0.233,0.241,146.759,hard-rock
To The Moon And Back,Savage Garden,0.9855,0.055,0.769,0.176,46,False,0.802,0.651,5,-9.468,1,0.0495,0.000199,0.835,0.0949,0.332,125.011,minimal-techno
Universe,Savage Garden,0.9692,0.049,0.826,0.125,3,False,0.596,0.473,9,-9.381,0,0.218,0.0273,0.0,0.203,0.365,157.0,dance
Violet,Savage Garden,0.9217,0.106,0.753,0.141,63,False,0.287,0.78,7,-6.493,1,0.0469,0.049,3.71e-05,0.184,0.383,167.278,grunge
Arizona,Scorpions,0.8943,0.134,0.702,0.165,21,False,0.523,0.693,10,-14.302,0,0.843,0.846,0.0,0.662,0.417,90.896,comedy
Humanity,Scorpions,-0.9153,0.107,0.844,0.049,51,False,0.669,0.864,0,-3.611,1,0.0536,0.0742,0.667,0.0803,0.307,110.042,club
Inheritance,Scorpions,-0.9606,0.215,0.723,0.062,24,False,0.528,0.97,3,-8.419,0,0.892,0.523,0.0,0.896,0.0382,112.932,comedy
Lonely Nights,Scorpions,0.7324,0.112,0.738,0.149,61,False,0.463,0.256,10,-12.236,1,0.0487,0.821,0.613,0.153,0.272,123.954,sad
The Cross,Scorpions,-0.7664,0.108,0.797,0.095,16,False,0.469,0.958,2,-5.408,0,0.0593,0.00609,0.00106,0.245,0.403,83.997,black-metal
Under The Same Sun,Scorpions,0.9549,0.068,0.815,0.117,56,False,0.377,0.84,2,-6.022,1,0.1,0.0128,2.71e-05,0.102,0.311,150.349,german
Love You Like A Love Song,Selena Gomez,0.9987,0.024,0.546,0.43,81,False,0.858,0.678,1,-3.87,0,0.0469,0.0761,0.0,0.0741,0.922,117.009,dance
Undercover,Selena Gomez,0.9907,0.118,0.66,0.222,47,False,0.68,0.967,1,-2.38,1,0.084,0.00263,0.102,0.444,0.42,87.993,breakbeat
Clap Your Hands,Sia,0.9926,0.043,0.779,0.178,7,False,0.803,0.925,6,-6.146,0,0.0481,8.42e-05,0.889,0.0397,0.0387,123.972,chicago-house
Moon,Sia,0.34,0.016,0.955,0.029,54,False,0.708,0.764,7,-5.514,1,0.0624,0.0491,0.0057,0.316,0.294,115.978,deep-house
Reaper,Sia,-0.9297,0.172,0.697,0.132,23,True,0.726,0.927,6,-3.749,0,0.185,0.00141,0.0322,0.117,0.416,155.031,dubstep
Sunday,Sia,-0.872,0.117,0.841,0.042,50,False,0.151,0.211,10,-10.513,1,0.0345,0.68,0.0,0.133,0.186,78.806,show-tunes
I Hate You,Slayer,-0.9882,0.313,0.621,0.066,4,False,0.737,0.67,9,-6.448,1,0.0985,0.00474,0.0,0.0922,0.525,75.981,alternative
Killing Fields,Slayer,-0.9931,0.272,0.625,0.104,21,False,0.53,0.992,5,-4.755,1,0.0566,0.000437,0.395,0.341,0.578,141.995,industrial
Mind Control,Slayer,-0.9477,0.198,0.756,0.046,9,False,0.675,0.965,11,-6.082,1,0.0495,0.000148,0.626,0.245,0.537,133.983,breakbeat
New Faith,Slayer,0.678,0.163,0.637,0.2,29,True,0.25,0.992,6,-2.926,1,0.202,0.000878,0.000879,0.0948,0.158,88.336,death-metal
Reborn,Slayer,-0.986,0.2,0.744,0.056,19,False,0.315,0.948,8,-7.621,1,0.102,9.69e-05,0.198,0.326,0.318,113.139,black-metal
Sick Boy,Slayer,-0.9087,0.222,0.647,0.131,69,False,0.663,0.577,11,-7.518,0,0.0531,0.109,0.0,0.12,0.454,89.996,edm
Skeletons Of Society,Slayer,-0.9878,0.238,0.659,0.102,49,False,0.498,0.98,8,-4.083,0,0.129,0.000459,0.00142,0.111,0.302,106.859,death-metal
Threshold,Slayer,-0.9169,0.177,0.696,0.128,19,False,0.618,0.943,1,-4.629,0,0.0569,0.000128,0.834,0.183,0.935,164.819,detroit-techno
Unit 731,Slayer,-0.9964,0.292,0.619,0.089,14,False,0.313,0.892,8,-4.254,1,0.103,1.69e-05,0.845,0.312,0.269,109.071,grindcore
War Zone,Slayer,-0.9837,0.189,0.713,0.098,58,True,0.372,0.835,10,-4.049,0,0.264,0.156,0.000369,0.0973,0.463,80.014,edm
Witching Hour,Slayer,-0.9935,0.299,0.666,0.035,27,False,0.743,0.386,7,-11.106,1,0.229,0.781,0.858,0.0907,0.362,61.991,study
World Painted Blood,Slayer,-0.999,0.331,0.575,0.094,54,False,0.476,0.994,10,-3.19,0,0.175,0.000247,0.152,0.0793,0.126,92.865,death-metal
Hourglass,Snoop Dogg,-0.9922,0.165,0.703,0.132,66,False,0.431,0.00807,4,-29.783,0,0.0459,0.995,0.932,0.112,0.334,77.745,classical
I Wanna Rock,Snoop Dogg,-0.9903,0.111,0.84,0.05,73,False,0.504,0.911,2,-2.97,1,0.0738,0.00512,0.0123,0.355,0.671,106.244,hard-rock
Black Hole Sun,Soundgarden,-0.9757,0.132,0.809,0.059,0,False,0.351,0.827,6,-5.351,1,0.0412,0.000222,0.000118,0.0755,0.145,105.463,alt-rock
Blow Up The Outside World,Soundgarden,-0.8816,0.161,0.733,0.105,58,False,0.33,0.529,9,-10.043,1,0.0358,0.000807,0.214,0.126,0.148,140.156,grunge
Burden In My Hand,Soundgarden,0.7698,0.17,0.645,0.185,62,False,0.319,0.803,10,-8.928,1,0.0394,0.00534,0.0126,0.177,0.589,183.031,grunge
Fell On Black Days,Soundgarden,-0.7998,0.111,0.83,0.06,68,False,0.574,0.739,4,-5.745,0,0.0271,0.00152,0.000328,0.141,0.514,101.069,grunge
Heretic,Soundgarden,0.7634,0.092,0.754,0.154,39,False,0.225,0.227,4,-19.877,0,0.0444,0.745,0.87,0.109,0.109,83.377,club
Rowing,Soundgarden,-0.9151,0.055,0.924,0.021,49,False,0.597,0.268,7,-18.485,0,0.0564,0.954,0.961,0.132,0.0992,137.942,ambient
Musclebound,Spandau Ballet,0.926,0.024,0.91,0.066,25,False,0.661,0.676,4,-7.081,0,0.0378,0.0185,0.00944,0.132,0.92,101.268,synth-pop
Only When You Leave,Spandau Ballet,-0.8385,0.163,0.721,0.117,34,False,0.585,0.831,7,-6.206,0,0.0453,0.244,4.64e-06,0.0539,0.701,137.271,disco
Pharaoh,Spandau Ballet,-0.993,0.304,0.618,0.078,21,False,0.547,0.966,5,-4.139,0,0.128,0.17,0.0119,0.0886,0.2,149.895,hardstyle
True,Spandau Ballet,0.9948,0.018,0.766,0.216,28,False,0.716,0.525,3,-8.733,1,0.027,0.647,0.00868,0.0893,0.423,96.993,acoustic
Black Coffee In Bed,Squeeze,-0.0506,0.12,0.777,0.102,22,False,0.62,0.398,6,-13.625,0,0.0308,0.166,0.000337,0.08,0.775,108.596,power-pop
Cool For Cats,Squeeze,0.6174,0.077,0.829,0.094,24,False,0.788,0.645,0,-17.263,1,0.234,0.107,0.0153,0.0836,0.967,145.142,synth-pop
Is That Love?,Squeeze,0.9969,0.03,0.688,0.282,22,False,0.423,0.629,9,-13.874,0,0.0419,0.0451,0.0,0.162,0.597,160.347,power-pop
It's Not Cricket,Squeeze,0.8949,0.041,0.872,0.087,22,False,0.63,0.658,2,-11.523,1,0.0308,0.401,0.0,0.183,0.934,133.639,power-pop
Last Time Forever,Squeeze,0.9535,0.165,0.619,0.217,23,False,0.458,0.511,5,-13.411,1,0.0405,0.167,0.000147,0.0744,0.72,176.23,power-pop
Model,Squeeze,-0.8633,0.11,0.829,0.061,20,False,0.703,0.796,1,-7.446,1,0.326,0.482,0.0,0.11,0.427,89.227,j-dance
Piccadilly,Squeeze,0.8913,0.112,0.746,0.142,23,False,0.651,0.622,2,-14.889,1,0.0322,0.00935,0.0527,0.251,0.96,136.239,power-pop
Revue,Squeeze,0.7888,0.112,0.749,0.139,22,False,0.466,0.634,5,-14.155,1,0.0822,0.109,0.0,0.172,0.774,151.682,power-pop
Tempted,Squeeze,-0.6486,0.115,0.798,0.088,61,False,0.729,0.356,6,-13.743,0,0.0347,0.0916,0.0905,0.052,0.392,95.026,power-pop
The Call,Squeeze,-0.98,0.211,0.646,0.143,0,False,0.683,0.964,9,-4.819,1,0.0593,0.0957,0.526,0.272,0.177,119.976,electronic
Break The Rules,Status Quo,-0.879,0.138,0.798,0.064,39,False,0.766,0.893,4,-3.956,0,0.0916,0.53,0.000521,0.0565,0.508,127.961,folk
Breaking Away,Status Quo,0.9624,0.035,0.849,0.116,28,False,0.574,0.653,4,-7.36,0,0.0276,0.00599,9.08e-05,0.13,0.207,117.07,heavy-metal
Calling,Status Quo,0.5928,0.07,0.848,0.082,39,False,0.472,0.943,0,-4.431,0,0.0403,0.000232,0.0,0.266,0.552,74.967,metalcore
In The Army Now,Status Quo,0.6239,0.071,0.841,0.088,65,False,0.686,0.722,9,-7.094,0,0.0233,0.101,3.37e-06,0.11,0.904,104.665,blues
Aja,Steely Dan,0.506,0.042,0.888,0.07,17,False,0.79,0.464,0,-8.194,0,0.17,0.285,0.888,0.0939,0.225,118.097,detroit-techno
Any Major Dude Will Tell You,Steely Dan,0.5012,0.046,0.863,0.09,62,False,0.684,0.416,2,-15.367,1,0.0447,0.647,0.0,0.0822,0.549,80.204,psych-rock
Deacon Blues,Steely Dan,0.9851,0.081,0.718,0.201,29,False,0.751,0.545,0,-13.429,1,0.0394,0.49,0.000342,0.131,0.599,115.848,psych-rock
Rikki Don't Lose That Number,Steely Dan,0.9647,0.041,0.802,0.157,64,False,0.656,0.462,11,-14.072,0,0.0373,0.518,0.000137,0.091,0.642,116.049,psych-rock
Abracadabra,Steve Miller Band,0.8706,0.073,0.808,0.119,2,False,0.791,0.534,9,-13.261,0,0.0355,0.0749,1.99e-06,0.156,0.963,127.488,blues
Dance Dance Dance,Steve Miller Band,0.9972,0.021,0.725,0.253,39,False,0.585,0.921,10,-5.2,0,0.0457,0.000136,1.33e-05,0.174,0.695,121.736,j-pop
Fandango,Steve Miller Band,0.9254,0.0,0.817,0.183,47,False,0.576,0.33,7,-12.071,1,0.238,0.445,0.81,0.106,0.37,63.935,study
Fly Like An Eagle,Steve Miller Band,0.9876,0.01,0.775,0.215,67,False,0.561,0.754,9,-12.769,0,0.112,0.61,0.0194,0.328,0.642,100.08,psych-rock
Joker,Steve Miller Band,0.9969,0.072,0.626,0.302,18,False,0.661,0.86,10,-10.251,0,0.0396,0.00155,0.731,0.131,0.0948,125.005,minimal-techno
Sugar Babe,Steve Miller Band,0.9904,0.009,0.751,0.239,31,False,0.554,0.4,3,-11.806,1,0.0699,0.979,0.348,0.102,0.547,101.191,acoustic
Winter Time,Steve Miller Band,0.0,0.0,1.0,0.0,51,False,0.392,0.389,10,-17.604,0,0.0422,0.497,0.702,0.297,0.251,103.659,psych-rock
Isn't She Lovely,Stevie Wonder,-0.9808,0.332,0.531,0.137,28,False,0.71,0.646,3,-5.945,1,0.0313,0.789,3.75e-06,0.106,0.615,120.028,acoustic
Saturn,Stevie Wonder,0.2973,0.106,0.777,0.116,68,False,0.263,0.237,3,-13.738,1,0.0344,0.638,0.305,0.109,0.0461,73.024,ambient
Peacoat,Stone Temple Pilots,0.984,0.047,0.784,0.169,5,False,0.75,0.559,8,-7.627,1,0.423,0.683,0.42,0.113,0.449,71.043,study
Plush,Stone Temple Pilots,-0.5514,0.076,0.879,0.045,1,False,0.416,0.954,7,-3.157,0,0.0467,0.0021,0.0,0.177,0.498,144.724,alt-rock
Babe,Styx,0.9979,0.076,0.574,0.35,0,False,0.291,0.286,2,-9.854,1,0.0276,0.581,0.0,0.0876,0.081,83.094,hard-rock
Come Sail Away,Styx,0.9662,0.023,0.836,0.14,32,False,0.416,0.862,0,-8.314,1,0.0613,9.26e-05,0.00531,0.477,0.532,101.795,ska
Eddie,Styx,0.8453,0.04,0.889,0.071,66,False,0.515,0.809,9,-5.817,0,0.0512,0.00455,0.0723,0.0905,0.525,142.011,alt-rock
High Enough,Styx,-0.928,0.072,0.918,0.009,22,False,0.757,0.584,11,-6.238,0,0.0431,0.11,0.00043,0.353,0.255,119.94,club
Mademoiselle,Styx,0.9889,0.024,0.746,0.23,32,False,0.533,0.628,7,-6.199,1,0.12,0.578,0.0,0.268,0.577,169.447,french
This Old Man,Styx,0.836,0.013,0.875,0.112,53,False,0.85,0.071,7,-15.977,1,0.0805,0.976,9.42e-05,0.109,0.601,94.428,children
Doin' Time,Sublime,-0.8948,0.17,0.675,0.154,0,True,0.641,0.559,7,-11.132,0,0.0355,0.404,0.00402,0.0937,0.523,144.982,pop
Right Back,Sublime,0.9914,0.067,0.675,0.258,53,False,0.567,0.942,4,-7.217,0,0.0379,0.000957,0.0779,0.343,0.0396,125.043,progressive-house
What Happened,Sublime,-0.9478,0.172,0.731,0.097,57,False,0.409,0.991,8,-1.672,0,0.571,0.024,0.000746,0.549,0.0518,189.92,techno
What I Got,Sublime,0.9154,0.055,0.844,0.101,1,True,0.804,0.693,7,-7.47,1,0.0915,0.00876,0.000916,0.314,0.654,95.721,punk
Give A Little Bit,Supertramp,0.9788,0.017,0.78,0.203,1,False,0.531,0.818,2,-5.358,1,0.0452,0.0694,0.00949,0.263,0.471,90.767,piano
Times Have Changed,Supertramp,0.8415,0.111,0.747,0.142,23,True,0.528,0.74,1,-12.87,1,0.897,0.887,0.0,0.645,0.0614,87.109,comedy
Aerials,System Of A Down,0.9743,0.098,0.717,0.185,77,False,0.364,0.922,0,-4.217,0,0.0567,0.000915,0.0346,0.0697,0.227,79.342,alternative
Attack,System Of A Down,-0.9988,0.413,0.557,0.029,63,False,0.333,0.877,5,-1.894,0,0.0603,0.00332,0.00101,0.769,0.285,175.095,grunge
Bubbles,System Of A Down,-0.9963,0.261,0.707,0.032,44,False,0.855,0.66,9,-11.632,0,0.137,0.653,0.699,0.0676,0.924,123.036,idm
Fortress,System Of A Down,-0.9575,0.211,0.665,0.124,51,False,0.563,0.852,5,-4.928,1,0.058,0.194,0.000645,0.694,0.471,141.949,dub
Know,System Of A Down,-0.9884,0.119,0.875,0.005,40,False,0.478,0.712,0,-3.616,1,0.318,0.597,7.43e-05,0.134,0.372,172.252,dubstep
Needles,System Of A Down,-0.9955,0.191,0.753,0.057,1,True,0.501,0.989,2,-1.62,1,0.11,0.000715,2.81e-06,0.2,0.113,90.019,iranian
Shimmy,System Of A Down,0.4588,0.04,0.844,0.116,17,False,0.486,0.993,10,-1.77,0,0.0771,0.00449,0.88,0.29,0.368,174.014,drum-and-bass
Streamline,System Of A Down,0.9306,0.042,0.839,0.119,20,False,0.674,0.823,11,-9.032,0,0.0406,0.0106,0.193,0.0772,0.674,133.019,industrial
The Metro,System Of A Down,0.9153,0.094,0.745,0.161,30,False,0.53,0.922,7,-2.047,1,0.0393,0.00478,0.000594,0.0855,0.947,169.97,ska
Toxicity,System Of A Down,-0.988,0.197,0.803,0.0,81,False,0.413,0.873,8,-4.151,1,0.0536,0.000264,0.00249,0.204,0.48,116.68,alternative
X,System Of A Down,-0.98,0.159,0.841,0.0,63,True,0.936,0.678,4,-3.012,0,0.21,0.0795,0.0,0.0838,0.822,96.911,hardcore
Our House,Talking Heads,0.9432,0.032,0.895,0.073,68,False,0.592,0.205,9,-14.601,1,0.048,0.896,5.46e-05,0.119,0.378,140.282,blues
22,Taylor Swift,0.9976,0.068,0.677,0.256,43,False,0.351,0.794,0,-4.417,1,0.0355,0.0022,2.06e-06,0.0846,0.338,67.469,alt-rock
Forever And Always,Taylor Swift,-0.9384,0.086,0.873,0.041,57,False,0.657,0.716,2,-5.675,1,0.0301,0.014,0.0,0.0483,0.435,93.924,acoustic
Our Song,Taylor Swift,0.9652,0.033,0.872,0.095,1,False,0.572,0.759,2,-4.312,1,0.0506,0.127,0.0,0.224,0.519,80.95,dance
Break It Down Again,Tears For Fears,0.9841,0.087,0.755,0.158,60,False,0.681,0.742,5,-7.0,1,0.0249,0.0134,0.422,0.121,0.486,109.001,synth-pop
New Star,Tears For Fears,0.9954,0.084,0.664,0.252,56,False,0.683,0.488,2,-8.733,1,0.0266,0.605,0.0554,0.13,0.424,113.387,bluegrass
Sea Song,Tears For Fears,0.9746,0.045,0.745,0.21,29,False,0.36,0.883,0,-5.96,1,0.0585,0.0122,2.04e-05,0.0556,0.784,159.547,rockabilly
Sowing The Seeds Of Love,Tears For Fears,0.999,0.05,0.667,0.283,64,False,0.209,0.795,0,-7.241,1,0.0443,0.0109,5.63e-05,0.355,0.682,171.975,synth-pop
Suffer The Children,Tears For Fears,-0.6197,0.107,0.825,0.068,40,False,0.289,0.887,1,-14.387,1,0.0963,5.03e-06,0.861,0.293,0.478,148.655,grindcore
The Way You Are,Tears For Fears,-0.9003,0.091,0.882,0.026,23,False,0.547,0.572,10,-11.227,1,0.0312,0.0218,1.03e-06,0.231,0.411,66.257,synth-pop
Watch Me Bleed,Tears For Fears,-0.9912,0.239,0.7,0.061,44,False,0.49,0.866,0,-6.117,1,0.0297,0.0107,0.000636,0.106,0.624,159.057,synth-pop
Who You Are,Tears For Fears,-0.9067,0.17,0.775,0.055,8,False,0.735,0.496,6,-6.961,1,0.0512,0.0706,0.0,0.279,0.431,119.949,kids
Woman In Chains,Tears For Fears,0.9618,0.081,0.722,0.197,67,False,0.434,0.609,5,-8.295,1,0.0306,0.0232,0.00108,0.0557,0.372,159.994,synth-pop
Year Of The Knife,Tears For Fears,0.6908,0.143,0.698,0.159,23,False,0.524,0.951,4,-6.851,0,0.0559,0.00157,0.478,0.129,0.228,108.1,synth-pop
Everything For Christmas,The Temptations,0.9754,0.02,0.845,0.135,0,False,0.417,0.445,0,-11.347,1,0.0355,0.534,1.02e-06,0.103,0.233,160.044,funk
Take A Look Around,The Temptations,-0.9883,0.302,0.628,0.07,74,False,0.425,0.852,11,-5.607,1,0.046,0.0175,0.306,0.0935,0.512,101.968,alternative
Superheroes,The Script,-0.9958,0.159,0.812,0.028,75,False,0.49,0.885,3,-4.121,1,0.0396,0.00218,0.0,0.0741,0.64,166.996,rock
The Man Who Can't Be Moved,The Script,-0.2924,0.036,0.936,0.028,75,False,0.605,0.629,10,-5.051,1,0.0279,0.437,0.0,0.097,0.308,99.894,rock
Real Life,The Weeknd,0.9554,0.074,0.775,0.151,0,False,0.488,0.572,9,-7.29,0,0.0901,0.138,0.000235,0.27,0.415,132.45,dance
The Hills,The Weeknd,-0.9933,0.174,0.718,0.108,3,True,0.565,0.551,0,-7.007,0,0.0687,0.0845,0.0,0.139,0.125,112.98,pop
Bad Habits,Thin Lizzy,-0.9933,0.231,0.746,0.024,50,True,0.588,0.794,6,-4.306,1,0.0404,0.0121,4.8e-06,0.279,0.204,149.939,hardstyle
Dancing In The Moonlight,Thin Lizzy,0.6486,0.048,0.864,0.089,62,False,0.754,0.796,0,-5.731,0,0.0347,0.142,1.19e-06,0.213,0.717,121.916,deep-house
Didn't I,Thin Lizzy,-0.9723,0.165,0.758,0.077,0,False,0.611,0.61,4,-6.745,1,0.0314,0.0186,0.0,0.125,0.242,123.943,piano
Leave This Town,Thin Lizzy,0.96,0.113,0.725,0.162,26,False,0.348,0.21,1,-11.837,1,0.033,0.018,0.48,0.136,0.218,76.13,garage
Betty,Tiffany,0.9898,0.123,0.626,0.251,38,False,0.758,0.459,11,-13.758,0,0.124,0.593,0.631,0.356,0.169,107.993,club
I Think We're Alone Now,Tiffany,-0.7964,0.11,0.851,0.039,43,False,0.586,0.565,11,-8.55,1,0.0541,0.163,0.0,0.107,0.633,128.956,power-pop
Ride It,Tiffany,-0.7042,0.103,0.814,0.083,81,False,0.88,0.751,7,-4.258,0,0.0874,0.177,6.43e-05,0.106,0.884,117.948,edm
Once I Was,Tim Buckley,0.7351,0.061,0.833,0.106,49,False,0.34,0.427,1,-10.042,1,0.0312,0.11,0.615,0.122,0.404,120.646,psych-rock
So Lonely,Tim Buckley,0.1264,0.18,0.625,0.195,36,False,0.401,0.53,6,-13.369,0,0.0281,0.000218,0.000299,0.115,0.511,170.938,heavy-metal
Everybody Hates Me,Tim McGraw,-0.7935,0.144,0.745,0.111,59,False,0.475,0.752,11,-6.596,0,0.0467,0.00703,0.0,0.406,0.515,154.957,edm
Tiny Dancer,Tim McGraw,0.9073,0.045,0.84,0.115,78,False,0.414,0.428,0,-11.097,1,0.0278,0.382,0.000243,0.148,0.282,145.075,piano
In Your Wildest Dreams,Tina Turner,0.9944,0.027,0.716,0.257,27,False,0.613,0.544,5,-10.269,0,0.0307,0.0886,0.0,0.229,0.548,123.475,psych-rock
Love Thing,Tina Turner,0.9799,0.015,0.815,0.169,38,False,0.451,0.525,4,-7.509,1,0.0256,0.0028,0.824,0.121,0.319,170.814,guitar
Nutbush City Limits,Tina Turner,-0.7717,0.048,0.936,0.016,0,False,0.693,0.845,7,-8.657,1,0.0327,0.0455,0.0449,0.0341,0.921,77.181,rock-n-roll
Something Special,Tina Turner,0.999,0.034,0.566,0.4,23,False,0.747,0.876,0,-7.028,1,0.0358,0.155,0.0,0.309,0.935,123.47,trip-hop
The Hunter,Tina Turner,0.9976,0.052,0.669,0.279,59,False,0.527,0.762,4,-3.36,0,0.0778,0.222,0.000283,0.0765,0.564,82.464,alt-rock
Under My Thumb,Tina Turner,0.9751,0.007,0.876,0.117,65,False,0.732,0.494,6,-13.571,0,0.0406,0.299,0.205,0.0919,0.799,126.986,british
Whatever You Want,Tina Turner,0.9975,0.034,0.711,0.255,65,False,0.56,0.705,2,-6.761,1,0.0498,0.772,0.00259,0.264,0.501,122.456,blues
Sugar Daddy,Tom Jones,0.9589,0.052,0.837,0.112,64,True,0.953,0.453,10,-7.197,1,0.07,0.0605,0.000159,0.625,0.0368,126.009,alternative
Untrue,Tom Jones,0.859,0.165,0.635,0.2,43,False,0.68,0.869,4,-5.085,0,0.034,0.00326,0.818,0.261,0.403,121.028,groove
We Don't Talk Anymore,Tom Jones,0.9901,0.031,0.761,0.208,26,False,0.289,0.432,1,-6.091,0,0.037,0.771,0.0,0.215,0.225,85.504,acoustic
Without Love,Tom Jones,-0.925,0.208,0.664,0.127,33,False,0.696,0.822,0,-6.05,1,0.255,0.641,0.0,0.289,0.524,97.927,show-tunes
Another Town,Tom T. Hall,0.4368,0.062,0.871,0.068,23,False,0.57,0.85,10,-7.361,1,0.0311,0.087,3.71e-05,0.248,0.91,132.379,bluegrass
I'm Not Ready Yet,Tom T. Hall,0.9868,0.063,0.697,0.24,27,False,0.612,0.333,0,-14.111,1,0.0265,0.709,0.00914,0.122,0.419,95.42,honky-tonk
Letters,Tom T. Hall,0.128,0.015,0.959,0.026,34,False,0.261,0.0959,9,-23.699,1,0.042,0.992,0.868,0.103,0.369,182.65,piano
Bottom Of The World,Tom Waits,-0.9937,0.213,0.715,0.071,24,False,0.655,0.687,2,-9.366,1,0.0271,0.0767,0.0,0.0809,0.803,126.397,power-pop
November,Tom Waits,-0.9231,0.163,0.777,0.06,0,False,0.425,0.47,0,-10.452,1,0.0494,0.531,0.168,0.1,0.126,120.092,ambient
Eulogy,Tool,0.9909,0.064,0.741,0.195,28,False,0.284,0.108,7,-9.352,1,0.0473,0.674,4.65e-06,0.204,0.282,148.956,acoustic
Lateralus,Tool,0.9623,0.049,0.827,0.124,63,False,0.387,0.677,0,-8.399,1,0.084,0.00108,0.871,0.101,0.371,172.812,metal
Right In Two,Tool,-0.9811,0.16,0.77,0.07,59,False,0.44,0.568,7,-8.54,1,0.0293,0.00442,0.84,0.119,0.248,118.389,metal
Schism,Tool,0.6772,0.103,0.746,0.15,70,False,0.567,0.714,9,-8.512,0,0.0302,0.0012,0.417,0.186,0.191,107.441,alt-rock
The Pot,Tool,-0.9956,0.185,0.787,0.028,69,True,0.469,0.79,7,-6.889,1,0.0391,0.000148,0.372,0.282,0.466,107.45,alt-rock
Flicker,Tori Amos,-0.5901,0.148,0.714,0.139,63,False,0.656,0.761,10,-5.112,0,0.092,0.00647,3.35e-06,0.169,0.549,85.149,anime
Humpty Dumpty,Tori Amos,0.9246,0.009,0.895,0.096,47,False,0.881,0.453,9,-10.504,1,0.0675,0.55,0.00594,0.0881,0.974,115.004,children
Africa,Toto,0.974,0.076,0.784,0.14,21,True,0.564,0.925,9,-6.171,1,0.917,0.924,0.0,0.869,0.514,129.975,comedy
Could You Be Loved,Toto,0.9967,0.07,0.618,0.313,78,False,0.916,0.72,0,-8.548,1,0.1,0.36,0.00016,0.0958,0.76,103.312,reggae
Fahrenheit,Toto,0.6077,0.043,0.884,0.073,54,False,0.746,0.275,8,-13.619,1,0.0438,0.37,0.452,0.111,0.0542,115.04,soul
Hydra,Toto,0.685,0.055,0.84,0.105,46,False,0.444,0.961,9,-1.247,1,0.0427,0.000525,0.722,0.0769,0.234,174.021,drum-and-bass
Lea,Toto,0.9934,0.008,0.672,0.32,0,False,0.66,0.977,6,-2.232,0,0.0579,0.0278,0.0,0.337,0.771,140.013,party
Lion,Toto,-0.9037,0.113,0.835,0.053,24,True,0.702,0.539,7,-5.979,1,0.0719,0.675,0.0,0.458,0.65,134.825,comedy
Lovers In The Night,Toto,0.0772,0.097,0.784,0.119,61,False,0.776,0.785,9,-4.085,0,0.058,0.295,0.000807,0.169,0.5,98.036,k-pop
We Made It,Toto,0.9118,0.041,0.847,0.113,36,False,0.484,0.0701,6,-19.335,1,0.0586,0.961,0.516,0.0917,0.309,114.539,guitar
Baby Can I Hold You,Tracy Chapman,0.9431,0.134,0.651,0.215,74,False,0.692,0.422,2,-10.533,1,0.0333,0.0811,0.0,0.0848,0.468,74.375,folk
Fast Car,Tracy Chapman,0.8693,0.04,0.874,0.086,61,False,0.392,0.251,10,-9.845,1,0.0363,0.807,0.0,0.0797,0.508,204.961,acoustic
A Beautiful Thing,Tragically Hip,0.9967,0.014,0.697,0.289,28,False,0.328,0.168,5,-23.253,1,0.0555,0.995,0.904,0.08,0.0895,96.467,new-age
Morning Moon,Tragically Hip,0.9476,0.059,0.786,0.154,23,False,0.514,0.522,2,-9.903,0,0.0287,0.725,9.59e-06,0.0755,0.532,82.363,goth
Bruises,Train,0.9941,0.09,0.689,0.222,56,False,0.579,0.554,0,-7.08,1,0.0587,0.0175,0.0221,0.101,0.838,185.183,synth-pop
Idaho,Train,-0.0544,0.04,0.934,0.026,23,False,0.588,0.572,7,-7.853,1,0.0259,0.624,0.000661,0.0732,0.757,134.923,bluegrass
You Already Know,Train,0.9081,0.074,0.809,0.117,57,False,0.496,0.117,0,-12.884,1,0.0301,0.933,0.0,0.126,0.318,78.068,acoustic
Battleships,Travis,0.8148,0.122,0.745,0.132,54,False,0.49,0.746,1,-4.951,1,0.0405,0.0121,0.0,0.0624,0.331,81.848,grunge
Last Words,Travis,-0.9185,0.234,0.606,0.16,20,False,0.432,0.983,11,-2.469,0,0.1,8.04e-06,0.425,0.348,0.101,104.945,black-metal
Reminder,Travis,0.7831,0.054,0.846,0.1,50,False,0.6,0.469,9,-9.933,1,0.0677,0.0349,0.294,0.0919,0.117,159.957,minimal-techno
Slide Show,Travis,0.431,0.058,0.864,0.078,21,False,0.587,0.716,8,-7.943,1,0.0308,0.157,0.921,0.641,0.874,81.689,afrobeat
Somewhere Else,Travis,-0.3097,0.111,0.793,0.097,48,False,0.567,0.932,4,-5.573,0,0.131,0.263,0.478,0.0672,0.678,170.109,trip-hop
Cancer,Twenty One Pilots,0.6566,0.06,0.865,0.075,69,False,0.457,0.515,4,-4.31,1,0.0261,0.358,0.0,0.278,0.222,74.984,emo
Lovely,Twenty One Pilots,0.9814,0.041,0.786,0.173,55,False,0.523,0.563,4,-8.398,0,0.0439,0.235,4.01e-06,0.0876,0.323,115.1,hardcore
Exit,U2,0.9829,0.107,0.644,0.248,14,False,0.172,0.33,3,-24.273,0,0.0399,0.851,0.685,0.111,0.129,77.512,iranian
Jesus Christ,U2,0.9967,0.102,0.624,0.274,0,False,0.484,0.782,2,-4.656,1,0.0252,0.149,0.004,0.191,0.753,101.06,folk
Love Is Blindness,U2,0.9908,0.107,0.605,0.288,56,False,0.266,0.74,10,-7.972,0,0.0788,0.0513,0.00426,0.162,0.5,48.578,blues
Miracle Drug,U2,0.9975,0.049,0.631,0.32,22,False,0.463,0.904,4,-4.702,1,0.0428,0.0102,5.24e-06,0.315,0.886,175.031,power-pop
Party Girl,U2,0.9419,0.048,0.775,0.177,45,False,0.832,0.717,8,-5.349,1,0.0904,0.0214,0.0,0.0336,0.732,102.032,dancehall
The Fool,U2,-0.9739,0.176,0.734,0.09,44,False,0.469,0.99,6,-4.266,1,0.132,0.000178,0.00183,0.143,0.158,114.972,black-metal
Demonstrate,UB40,0.9897,0.048,0.813,0.139,56,True,0.586,0.786,10,-4.892,1,0.0686,0.0177,0.0,0.233,0.463,82.557,emo
Red Red Wine,UB40,0.8922,0.115,0.737,0.148,0,False,0.815,0.359,1,-15.663,1,0.0572,0.00645,0.000101,0.0931,0.85,89.155,reggae
Soul Rebel,UB40,-0.4912,0.204,0.659,0.137,0,False,0.68,0.217,7,-13.193,1,0.0529,0.821,0.000188,0.0782,0.395,73.998,british
Style,UB40,0.9938,0.048,0.833,0.119,15,False,0.692,0.511,0,-11.08,1,0.0354,0.0103,0.838,0.111,0.0506,121.996,breakbeat
Belladonna,Ufo,-0.1517,0.13,0.735,0.135,47,False,0.574,0.902,1,-4.046,1,0.0716,0.000844,0.8,0.35,0.174,200.06,club
Cherry,Ufo,0.9514,0.057,0.813,0.13,59,False,0.655,0.782,7,-6.388,0,0.0355,0.0336,0.228,0.175,0.812,108.245,electronic
Rise Again,Ufo,0.9792,0.108,0.695,0.197,0,False,0.519,0.913,7,-3.998,1,0.0975,5.31e-06,0.00334,0.235,0.396,134.973,iranian
Rescue,Uncle Kracker,-0.9443,0.227,0.597,0.176,69,False,0.293,0.237,6,-8.17,1,0.0284,0.78,0.0,0.11,0.108,92.935,alt-rock
John Hardy,Uncle Tupelo,0.2023,0.124,0.735,0.141,25,False,0.456,0.476,7,-15.652,1,0.0306,0.357,0.00308,0.302,0.963,146.198,bluegrass
I Need A Doctor,Underworld,0.0,0.0,1.0,0.0,72,True,0.594,0.946,3,-4.521,1,0.452,0.0869,0.0,0.306,0.397,155.826,funk
My Heart Bleeds No Longer,Unearth,-0.9324,0.202,0.73,0.068,21,False,0.133,0.884,0,-7.043,1,0.11,1.83e-05,0.153,0.333,0.238,81.486,death-metal
Overcome,Unearth,0.6553,0.052,0.857,0.091,58,False,0.328,0.926,9,-3.187,1,0.0756,0.00123,0.0,0.127,0.392,194.877,grunge
The Fallen,Unearth,-0.9614,0.244,0.648,0.107,21,False,0.581,0.929,10,-3.325,0,0.0994,0.00334,0.0,0.0393,0.618,132.102,industrial
Chaos,Unkle,-0.9937,0.248,0.723,0.03,0,True,0.652,0.66,1,-5.319,1,0.0364,0.000724,0.000963,0.134,0.255,104.991,hip-hop
Lonely Soul,Unkle,-0.9903,0.238,0.626,0.136,52,False,0.475,0.591,9,-7.854,0,0.0374,0.0776,0.0549,0.109,0.123,91.609,trip-hop
Harmonic,Unwritten Law,0.052,0.142,0.743,0.115,12,False,0.754,0.867,8,-6.718,0,0.0482,0.00225,0.535,0.0689,0.573,104.757,idm
Switch,Unwritten Law,0.743,0.0,0.918,0.082,14,False,0.82,0.923,11,-1.075,1,0.318,0.000181,0.0261,0.361,0.758,175.083,drum-and-bass
Between Two Worlds,Uriah Heep,0.6461,0.043,0.88,0.077,18,False,0.127,0.715,10,-7.886,1,0.0504,1.43e-05,0.807,0.0809,0.223,95.363,black-metal
Party Time,Uriah Heep,0.9984,0.082,0.571,0.347,46,False,0.635,0.878,0,-4.753,1,0.07,0.0103,0.538,0.338,0.414,125.002,trance
Red Lights,Uriah Heep,-0.8542,0.149,0.753,0.098,66,False,0.654,0.83,10,-4.801,1,0.0366,0.000629,1.13e-06,0.121,0.548,124.989,trance
Sell Your Soul,Uriah Heep,0.9723,0.028,0.861,0.111,24,False,0.528,0.963,2,-1.465,1,0.0568,0.000227,0.000136,0.46,0.574,107.921,rockabilly
All Falls Down,Usher,0.8253,0.103,0.772,0.125,45,False,0.699,0.189,1,-11.421,1,0.0469,0.944,0.0,0.103,0.328,129.794,acoustic
Climax,Usher,0.9785,0.08,0.744,0.176,13,False,0.493,0.948,4,-6.868,0,0.0753,0.000246,0.852,0.107,0.316,139.992,detroit-techno
Lifetime,Usher,0.994,0.022,0.801,0.177,64,False,0.413,0.684,8,-2.878,1,0.0348,0.0012,0.0,0.16,0.33,129.975,grunge
Lingerie,Usher,0.9964,0.056,0.729,0.215,4,False,0.644,0.637,9,-7.816,1,0.0489,0.0119,5.71e-05,0.0973,0.128,127.993,indie
About Me,Utada Hikaru,0.9124,0.106,0.748,0.147,53,False,0.517,0.943,8,-2.044,1,0.17,0.00216,0.0,0.0801,0.48,180.201,chill
Colors,Utada Hikaru,-0.9332,0.113,0.836,0.05,64,False,0.681,0.168,7,-13.397,1,0.0291,0.793,0.000134,0.109,0.29,128.615,acoustic
Deep River,Utada Hikaru,-0.8402,0.065,0.935,0.0,22,False,0.624,0.886,5,-3.857,1,0.03,0.204,1.16e-06,0.349,0.963,103.287,rockabilly
Me Muero,Utada Hikaru,0.9726,0.082,0.713,0.205,0,False,0.423,0.723,5,-3.741,1,0.036,0.14,0.0,0.236,0.623,170.022,latin
Love Alone,Utopia,0.997,0.044,0.601,0.355,53,False,0.632,0.454,7,-6.996,1,0.0505,0.51,2.68e-06,0.179,0.493,90.024,chill
Say Yeah,Utopia,0.8228,0.117,0.732,0.151,55,False,0.731,0.988,1,-5.174,1,0.122,0.00251,0.799,0.0883,0.155,125.993,deep-house
Trapped,Utopia,-0.9816,0.213,0.704,0.083,56,False,0.506,0.838,3,-3.723,0,0.0492,0.000504,3.32e-06,0.135,0.171,125.07,metalcore
Pleasure Dome,Van Halen,0.9765,0.146,0.633,0.22,8,False,0.817,0.929,6,-3.895,1,0.0668,0.00306,0.882,0.0405,0.81,131.49,chicago-house
Start Again,Vanessa Williams,0.9813,0.069,0.752,0.179,44,False,0.807,0.563,9,-6.07,0,0.0481,0.0209,0.152,0.0836,0.654,118.991,garage
I Hear You Now,Vangelis,0.9929,0.0,0.715,0.285,32,False,0.739,0.417,4,-13.345,1,0.031,0.276,0.0268,0.108,0.279,115.197,new-age
Play That Funky Music,Vanilla Ice,0.9952,0.124,0.695,0.181,71,False,0.814,0.672,9,-12.068,1,0.0619,0.0435,0.0,0.061,0.933,109.394,disco
Unbreakable,Vanilla Ice,0.7366,0.117,0.752,0.131,22,False,0.456,0.947,2,-2.983,1,0.0613,1.11e-05,0.166,0.364,0.286,115.043,black-metal
After Hours,Velvet Underground,0.9796,0.017,0.853,0.13,55,False,0.748,0.84,11,-4.537,0,0.054,0.0225,5.41e-06,0.139,0.68,123.974,deep-house
I'll Be Your Mirror,Velvet Underground,-0.6636,0.112,0.827,0.061,61,False,0.609,0.295,7,-14.933,1,0.0328,0.176,1.86e-06,0.0859,0.279,108.976,psych-rock
Stephanie Says,Velvet Underground,0.8094,0.039,0.88,0.081,55,False,0.558,0.204,0,-20.49,1,0.0333,0.851,0.000709,0.129,0.554,112.531,psych-rock
Assassin,Venom,-0.9898,0.337,0.575,0.087,53,False,0.637,0.687,11,-8.63,1,0.041,0.0587,0.704,0.0917,0.0878,119.995,electronic
Black Metal,Venom,-0.9697,0.151,0.775,0.074,10,False,0.265,0.756,1,-12.136,1,0.0571,0.000939,1.32e-05,0.201,0.444,80.076,black-metal
Crucified,Venom,0.5106,0.14,0.691,0.169,20,False,0.413,0.92,2,-3.391,1,0.0644,1.49e-05,0.0,0.306,0.196,132.062,heavy-metal
Mystique,Venom,-0.7954,0.102,0.791,0.107,61,False,0.415,0.048,1,-27.644,1,0.0395,0.983,0.942,0.108,0.137,165.912,piano
Venom,Venom,-0.7948,0.159,0.711,0.129,64,True,0.436,0.655,7,-8.153,1,0.159,0.425,0.0,0.393,0.523,139.712,alternative
25,Veruca Salt,0.6694,0.033,0.883,0.085,27,True,0.191,0.928,1,-3.051,1,0.0736,0.018,1.07e-05,0.16,0.601,156.139,garage
Bodies,Veruca Salt,-0.9873,0.222,0.751,0.027,56,True,0.758,0.694,4,-4.913,1,0.258,0.0619,0.0,0.4,0.672,87.954,blues
Yeah Man,Veruca Salt,0.992,0.113,0.68,0.207,23,True,0.913,0.778,9,-3.57,1,0.312,0.0977,0.0,0.428,0.838,91.029,j-dance
High Lonesome Sound,Vince Gill,-0.8225,0.167,0.752,0.081,24,False,0.63,0.644,9,-7.34,1,0.0306,0.402,0.00379,0.263,0.697,107.392,bluegrass
She Don't Know,Vince Gill,0.644,0.078,0.823,0.099,23,False,0.635,0.881,4,-8.751,0,0.0267,0.0178,0.00193,0.265,0.809,126.998,goth
The Reason Why,Vince Gill,0.936,0.099,0.706,0.195,32,True,0.638,0.757,8,-6.286,1,0.0386,0.00522,0.0,0.0794,0.311,81.552,sad
Way Back Home,Vince Gill,-0.865,0.114,0.833,0.053,52,False,0.521,0.493,1,-10.006,1,0.0479,0.595,0.166,0.127,0.0517,107.107,french
4 Seasons,Violent Femmes,-0.0387,0.063,0.898,0.039,8,False,0.938,0.449,8,-14.165,0,0.296,0.0185,0.000189,0.112,0.653,138.047,kids
Ugly,Violent Femmes,-0.9948,0.249,0.641,0.11,57,False,0.214,0.941,5,-2.983,0,0.0984,0.000441,0.0,0.0977,0.17,169.548,grunge
The Chosen Ones,Virgin Steele,-0.9977,0.244,0.714,0.041,54,False,0.563,0.734,7,-6.207,0,0.038,0.0123,0.0,0.102,0.231,115.983,heavy-metal
Clarks,Vybz Kartel,0.5464,0.12,0.777,0.103,56,False,0.631,0.802,8,-5.316,1,0.373,0.0886,0.0,0.103,0.772,101.803,j-dance
Jamaica,Vybz Kartel,0.3147,0.069,0.861,0.071,18,False,0.443,0.801,7,-7.058,1,0.529,0.311,0.0,0.107,0.611,77.906,j-dance
Mi Remember,Vybz Kartel,0.8347,0.095,0.8,0.105,25,False,0.704,0.678,2,-5.829,1,0.0581,0.0161,0.000131,0.101,0.166,99.993,dancehall
Jackson,Wanda Jackson,0.9694,0.06,0.777,0.163,29,False,0.572,0.863,5,-5.265,0,0.0465,0.00487,0.000243,0.248,0.811,141.999,psych-rock
Tongue Tied,Wanda Jackson,0.9883,0.018,0.727,0.255,79,False,0.56,0.936,3,-5.835,1,0.0439,0.00847,0.0,0.161,0.371,112.96,alt-rock
Walk Through This World With Me,Wanda Jackson,0.9545,0.0,0.833,0.167,46,False,0.435,0.295,7,-9.043,1,0.0276,0.449,0.000279,0.11,0.49,94.292,honky-tonk
Dance Hall Days,Wang Chung,0.9933,0.036,0.772,0.192,68,False,0.664,0.589,0,-14.415,1,0.0406,0.259,0.00587,0.221,0.54,102.74,synth-pop
Everybody Have Fun Tonight,Wang Chung,0.9944,0.025,0.736,0.239,59,False,0.728,0.619,9,-12.265,1,0.0379,0.0884,8.44e-05,0.039,0.747,128.845,synth-pop
Bad Karma,Warren Zevon,-0.9981,0.409,0.543,0.049,63,False,0.7,0.546,5,-7.705,0,0.109,0.0131,0.0305,0.172,0.302,80.004,edm
Veracruz,Warren Zevon,-0.8807,0.092,0.908,0.0,47,False,0.709,0.524,9,-5.838,0,0.035,0.255,0.0,0.0814,0.751,120.831,rock-n-roll
Wanted Dead Or Alive,Warren Zevon,0.7935,0.087,0.764,0.148,2,False,0.265,0.818,7,-3.553,1,0.0393,0.0774,0.024,0.323,0.251,150.332,metal
Maneater,W.A.S.P.,0.9509,0.136,0.673,0.192,1,False,0.799,0.721,6,-5.222,1,0.0508,0.0214,0.000341,0.335,0.66,132.763,latin
U,W.A.S.P.,-0.9935,0.38,0.553,0.067,38,False,0.655,0.649,7,-6.785,0,0.0291,0.0378,0.715,0.113,0.301,122.987,techno
Suffer,Waterboys,0.9627,0.059,0.796,0.145,18,False,0.718,0.748,9,-9.315,0,0.0367,0.0885,5.72e-05,0.0779,0.963,99.014,afrobeat
The Thrill Is Gone,Waterboys,0.8047,0.054,0.795,0.152,62,False,0.547,0.46,11,-8.759,0,0.0256,0.344,0.442,0.0983,0.543,90.768,blues
Grapes On The Vine,Waylon Jennings,0.7003,0.066,0.849,0.084,26,False,0.593,0.442,5,-14.764,1,0.0381,0.573,0.00156,0.0814,0.697,119.417,bluegrass
Even If You Don't,Ween,0.9875,0.034,0.735,0.231,51,False,0.681,0.794,3,-4.901,0,0.0343,0.576,0.000175,0.125,0.376,120.992,deep-house
Nicole,Ween,-0.9716,0.108,0.809,0.083,46,True,0.476,0.487,11,-12.065,0,0.495,0.344,0.0,0.105,0.243,89.343,brazil
Beverly Hills,Weezer,0.972,0.053,0.773,0.173,71,False,0.693,0.823,5,-3.761,1,0.0726,0.0932,0.0,0.328,0.741,87.904,power-pop
El Scorcho,Weezer,0.8537,0.109,0.748,0.143,56,False,0.479,0.707,1,-4.968,1,0.0659,0.0471,0.0,0.0932,0.661,148.092,power-pop
I Just Threw Out The Love Of My Dreams,Weezer,0.9798,0.045,0.809,0.146,66,False,0.413,0.967,6,-3.96,0,0.136,0.00176,1.09e-06,0.101,0.279,130.451,power-pop
Love Explosion,Weezer,0.9161,0.065,0.81,0.125,24,False,0.749,0.552,2,-8.689,1,0.0343,0.00387,0.032,0.113,0.706,121.996,dub
My Name Is Jonas,Weezer,0.874,0.041,0.866,0.093,1,False,0.261,0.947,11,-3.031,1,0.0487,0.000193,0.00326,0.31,0.552,185.942,alt-rock
Only In Dreams,Weezer,0.9643,0.03,0.797,0.172,57,False,0.507,0.535,1,-9.051,1,0.0261,0.00215,0.495,0.111,0.403,78.049,power-pop
Pink Triangle,Weezer,0.9372,0.075,0.742,0.183,58,False,0.282,0.894,6,-4.834,1,0.0822,0.0118,0.0,0.347,0.466,118.809,power-pop
Say It Ain't So,Weezer,0.9041,0.083,0.743,0.174,1,False,0.635,0.551,3,-7.136,1,0.0354,0.00743,1.82e-05,0.07,0.451,151.779,alt-rock
The Good Life,Weezer,0.9929,0.067,0.757,0.176,64,False,0.548,0.911,10,-3.701,1,0.0397,0.000345,0.0,0.23,0.654,128.036,grunge
Alimony,Weird Al Yankovic,0.1045,0.164,0.652,0.184,25,False,0.849,0.374,0,-12.059,1,0.0707,0.778,0.0,0.235,0.973,130.618,rockabilly
Gotta Boogie,Weird Al Yankovic,0.9453,0.014,0.864,0.122,25,False,0.57,0.592,9,-9.014,1,0.198,0.00819,0.000118,0.165,0.961,79.96,comedy
I'll Be Mellow When I'm Dead,Weird Al Yankovic,-0.9992,0.247,0.722,0.031,26,False,0.661,0.714,2,-10.688,1,0.0615,0.185,0.0,0.264,0.866,94.046,comedy
The Night Santa Went Crazy,Weird Al Yankovic,-0.9433,0.1,0.831,0.069,26,False,0.593,0.663,3,-7.396,1,0.0329,0.158,0.0,0.0887,0.426,120.372,comedy
Beautiful In White,Westlife,0.9993,0.022,0.608,0.369,50,False,0.619,0.278,4,-7.072,1,0.0267,0.836,0.0,0.121,0.233,129.948,acoustic
chances,Westlife,0.9603,0.137,0.674,0.189,67,False,0.748,0.472,3,-9.15,0,0.0557,0.0822,0.0,0.0525,0.605,141.93,chill
I Won't Let You Down,Westlife,-0.894,0.177,0.681,0.142,40,False,0.495,0.329,7,-11.661,1,0.0386,0.652,7.61e-05,0.0606,0.0919,72.992,acoustic
The Reason,Westlife,-0.9108,0.087,0.874,0.038,53,False,0.423,0.207,7,-8.811,1,0.0289,0.887,0.0,0.0948,0.209,149.664,acoustic
What About Now,Westlife,0.9939,0.047,0.793,0.159,53,False,0.387,0.862,9,-2.219,0,0.0457,0.107,0.0,0.103,0.337,161.984,grunge
If I Never See You Again,Wet Wet Wet,0.9893,0.063,0.747,0.191,0,False,0.489,0.612,2,-5.58,1,0.0262,0.51,0.0,0.126,0.384,159.998,r-n-b
With A Little Help From My Friends,Wet Wet Wet,0.9988,0.015,0.657,0.328,67,False,0.307,0.43,2,-11.333,1,0.0629,0.288,0.000994,0.0988,0.305,145.224,blues
Everything I Do,Whiskeytown,0.9595,0.105,0.743,0.152,15,False,0.485,0.925,7,-3.798,0,0.0441,0.000175,0.782,0.273,0.541,174.973,drum-and-bass
My Hometown,Whiskeytown,0.7269,0.042,0.878,0.08,21,False,0.662,0.507,4,-11.381,0,0.0579,0.613,0.701,0.109,0.481,101.916,bluegrass
Apple Blossom,The White Stripes,0.4288,0.115,0.771,0.114,54,False,0.537,0.454,9,-7.896,1,0.0551,0.65,0.000154,0.0852,0.626,128.193,garage
Astro,The White Stripes,0.0,0.0,1.0,0.0,38,False,0.698,0.935,0,-5.945,1,0.0478,0.00756,0.861,0.0764,0.272,128.989,minimal-techno
Don't Break My Heart Again,Whitesnake,0.7203,0.084,0.819,0.097,26,False,0.658,0.789,0,-7.53,1,0.0379,0.294,0.000155,0.228,0.565,107.047,bluegrass
Queen Of Hearts,Whitesnake,-0.9012,0.102,0.838,0.059,41,False,0.647,0.821,2,-11.312,1,0.0535,0.564,0.000629,0.235,0.969,169.131,country
You Were Loved,Whitney Houston,0.9959,0.046,0.684,0.27,0,False,0.636,0.69,10,-5.011,1,0.0484,0.0947,0.0,0.169,0.444,123.994,edm
Behind Blue Eyes,Who,-0.9401,0.266,0.524,0.21,74,False,0.595,0.489,7,-6.66,1,0.0271,0.497,0.0,0.119,0.0902,120.315,alternative
Jaguar,Who,0.9062,0.0,0.836,0.164,39,False,0.604,0.951,2,-5.959,0,0.0408,0.00513,0.821,0.1,0.689,137.642,detroit-techno
Pinball Wizard,Who,0.9741,0.13,0.628,0.243,68,False,0.543,0.715,2,-8.89,1,0.0356,0.0192,0.0,0.256,0.468,124.011,blues
"See Me, Feel Me",Who,0.9246,0.0,0.878,0.122,18,False,0.442,0.998,8,-5.247,1,0.062,0.00032,0.0195,0.0742,0.715,146.023,happy
Sensation,Who,0.9312,0.058,0.795,0.148,57,False,0.688,0.479,2,-9.419,1,0.0777,0.823,0.0,0.11,0.432,114.89,french
Better Off,Widespread Panic,0.9937,0.039,0.744,0.217,33,False,0.393,0.702,7,-5.158,1,0.0668,0.234,0.0,0.0948,0.448,151.927,dub
Conrad,Widespread Panic,-0.9211,0.092,0.853,0.054,56,False,0.574,0.322,9,-12.41,1,0.0264,0.91,0.519,0.0836,0.178,81.603,british
I'm Not Alone,Widespread Panic,0.9572,0.04,0.795,0.165,25,False,0.315,0.554,1,-9.072,0,0.0294,0.466,0.138,0.135,0.323,108.95,bluegrass
Second Skin,Widespread Panic,0.8573,0.084,0.802,0.114,15,False,0.413,0.94,1,-2.468,1,0.045,0.000327,0.192,0.152,0.173,174.997,drum-and-bass
Visiting Day,Widespread Panic,0.9412,0.072,0.763,0.166,28,False,0.561,0.93,1,-6.82,0,0.161,0.00145,2.63e-06,0.313,0.372,123.508,power-pop
Walkin',Widespread Panic,0.995,0.0,0.713,0.287,15,False,0.782,0.742,6,-9.627,1,0.0665,0.0753,0.0,0.0965,0.587,120.594,chicago-house
Wondering,Widespread Panic,-0.6486,0.077,0.868,0.055,29,False,0.338,0.353,0,-10.003,1,0.0333,0.814,4.96e-06,0.104,0.11,112.498,show-tunes
Always Late (With Your Kisses),Willie Nelson,0.9678,0.0,0.774,0.226,15,False,0.772,0.152,9,-14.132,1,0.0324,0.834,0.0,0.369,0.546,117.749,honky-tonk
Are You Sure,Willie Nelson,0.9746,0.09,0.667,0.244,14,False,0.454,0.201,6,-13.473,1,0.0318,0.919,2.55e-05,0.211,0.54,98.146,honky-tonk
Broken Promises,Willie Nelson,-0.891,0.223,0.593,0.184,57,False,0.446,0.947,1,-2.983,0,0.1,0.00487,1.38e-05,0.0385,0.653,173.625,industrial
Good Hearted Woman,Willie Nelson,0.9984,0.063,0.504,0.433,26,False,0.447,0.67,9,-9.552,1,0.0421,0.66,0.000407,0.862,0.816,141.999,bluegrass
Hello Walls,Willie Nelson,-0.1601,0.111,0.789,0.101,55,False,0.62,0.406,0,-10.421,1,0.0281,0.722,6.73e-06,0.114,0.695,101.489,honky-tonk
Comfort Zone,Wishbone Ash,-0.9542,0.211,0.753,0.036,25,False,0.558,0.782,1,-4.231,1,0.0369,0.000753,0.0,0.0734,0.905,132.642,garage
Enter,Within Temptation,-0.4404,0.087,0.842,0.071,13,False,0.674,0.708,1,-10.751,1,0.0664,0.0392,0.0068,0.181,0.688,110.437,detroit-techno
Final Destination,Within Temptation,-0.9403,0.117,0.838,0.045,17,False,0.693,0.952,5,-1.016,1,0.305,0.0268,0.171,0.0837,0.421,160.07,idm
Forgiven,Within Temptation,-0.7986,0.139,0.753,0.108,46,False,0.45,0.942,4,-3.059,0,0.0728,0.0561,0.0,0.15,0.304,160.065,hardstyle
Frozen,Within Temptation,-0.9821,0.172,0.774,0.054,76,False,0.706,0.633,1,-9.584,1,0.0419,0.267,0.0192,0.175,0.375,110.005,dance
Say My Name,Within Temptation,0.9524,0.015,0.874,0.111,0,False,0.703,0.66,10,-5.119,0,0.123,0.137,0.0,0.192,0.79,95.033,dance
Shot in the Dark,Within Temptation,-0.996,0.22,0.707,0.073,54,False,0.524,0.883,1,-4.148,1,0.0348,0.00413,0.000104,0.107,0.289,106.045,goth
Stand My Ground,Within Temptation,0.6787,0.107,0.773,0.12,54,False,0.271,0.866,5,-4.072,0,0.0578,0.0489,0.000762,0.116,0.127,175.665,goth
Fall Asleep,Wiz Khalifa,0.7776,0.039,0.908,0.054,31,False,0.768,0.728,8,-5.275,1,0.0362,0.106,0.839,0.179,0.096,107.965,club
MIA,Wiz Khalifa,-0.8207,0.103,0.808,0.089,0,False,0.817,0.539,6,-6.349,0,0.0621,0.0141,0.000496,0.099,0.158,97.061,latin
No Sleep,Wiz Khalifa,0.9984,0.091,0.657,0.252,21,True,0.632,0.756,11,-5.893,1,0.0419,0.52,0.000242,0.205,0.519,140.037,club
C.R.E.A.M.,Wu-Tang Clan,-0.9872,0.118,0.802,0.08,55,False,0.571,0.508,11,-8.118,0,0.0254,0.532,0.951,0.161,0.102,96.825,afrobeat
Ice Cream,Wu-Tang Clan,0.9981,0.104,0.671,0.225,8,False,0.701,0.588,7,-10.937,1,0.042,0.0489,0.0,0.0559,0.61,94.996,kids
Rules,Wu-Tang Clan,-0.9929,0.175,0.707,0.118,24,False,0.503,0.948,11,-5.406,0,0.0637,0.000347,0.0608,0.922,0.266,94.038,industrial
Shimmy Shimmy Ya,Wu-Tang Clan,0.9786,0.087,0.674,0.239,49,False,0.605,0.666,11,-5.77,1,0.0413,0.0234,0.647,0.0841,0.0865,100.138,afrobeat
Tearz,Wu-Tang Clan,0.9864,0.093,0.766,0.141,49,False,0.75,0.382,8,-8.466,1,0.0312,0.29,0.298,0.279,0.454,97.226,afrobeat
Apocalypse,Wyclef Jean,-0.9939,0.15,0.786,0.064,84,False,0.37,0.467,5,-9.013,1,0.0273,0.0205,0.572,0.109,0.182,94.485,ambient
Melancholy,X-Ray Spex,-0.93,0.177,0.731,0.092,53,False,0.48,0.0419,1,-29.08,1,0.0356,0.981,0.905,0.365,0.107,85.008,anime
Sophia,X-Ray Spex,-0.5106,0.195,0.647,0.159,22,False,0.324,0.955,1,-0.866,1,0.0461,3.95e-05,0.831,0.413,0.358,146.57,goth
Journey Song,Xavier Rudd,0.5183,0.08,0.801,0.118,56,False,0.657,0.652,10,-7.247,1,0.05,0.37,0.0,0.238,0.665,109.885,indian
Stargaze,Xavier Rudd,0.9545,0.023,0.808,0.169,36,False,0.343,0.0208,5,-30.632,1,0.048,0.995,0.941,0.0852,0.0778,129.594,classical
The Letter,Xavier Rudd,0.9799,0.0,0.914,0.086,22,False,0.768,0.502,5,-7.98,1,0.0557,0.362,0.0,0.266,0.963,83.99,j-dance
Ale,Xiu Xiu,-0.9506,0.13,0.862,0.008,49,False,0.661,0.9,8,-5.54,1,0.0347,0.00291,0.000794,0.272,0.677,134.015,indian
Dying,XTC,0.9593,0.081,0.743,0.176,18,False,0.364,0.859,9,-3.625,0,0.0442,2.73e-05,0.808,0.132,0.317,79.95,black-metal
Ten Feet Tall,XTC,0.9372,0.072,0.691,0.237,63,False,0.523,0.861,0,-3.447,1,0.0644,0.0336,0.0,0.144,0.346,127.049,house
Cold World,Xzibit,-0.9945,0.171,0.733,0.097,6,False,0.766,0.512,10,-17.133,0,0.0812,0.00517,0.299,0.341,0.862,120.88,chicago-house
Gangsta Gangsta,Xzibit,0.2408,0.12,0.751,0.13,64,True,0.894,0.698,6,-8.264,0,0.275,0.0279,3.56e-06,0.329,0.695,98.104,hardcore
Zero,Yeah Yeah Yeahs,0.8787,0.08,0.785,0.135,13,True,0.599,0.96,1,-2.958,1,0.0599,0.000226,0.0997,0.0521,0.193,139.985,breakbeat
Let's Roll,Yelawolf,0.9817,0.055,0.808,0.137,16,False,0.765,0.87,0,-4.674,0,0.0906,0.00318,0.607,0.0854,0.653,134.025,breakbeat
Domingo,Yello,-0.9575,0.169,0.764,0.066,0,False,0.617,0.771,7,-8.601,1,0.0328,0.00832,0.000115,0.301,0.881,140.211,brazil
Keeper,Yellowcard,0.9892,0.031,0.764,0.205,59,False,0.277,0.838,8,-7.233,1,0.168,0.0469,7.81e-06,0.152,0.227,133.863,blues
Ocean Avenue,Yellowcard,0.886,0.043,0.871,0.085,74,False,0.486,0.904,6,-3.751,0,0.0638,3.43e-05,2.83e-05,0.0947,0.786,173.734,punk
Telescope,Yellowcard,0.9956,0.03,0.785,0.186,65,False,0.589,0.481,0,-4.801,1,0.0285,0.273,1.33e-05,0.0986,0.176,93.568,blues
Ten,Yellowcard,0.9961,0.047,0.744,0.21,10,False,0.549,0.566,7,-11.218,1,0.0361,0.044,0.946,0.11,0.0367,160.002,idm
Madrigal,Yes,0.974,0.018,0.822,0.16,37,False,0.678,0.391,2,-9.638,1,0.031,0.826,1.92e-05,0.639,0.409,112.042,rock-n-roll
Parallels,Yes,0.9882,0.058,0.766,0.177,49,False,0.282,0.97,7,-4.086,1,0.18,6.35e-06,0.358,0.385,0.0391,200.005,metalcore
The Calling,Yes,0.9201,0.044,0.846,0.109,64,False,0.748,0.873,6,-6.301,1,0.0627,0.00867,0.151,0.244,0.348,124.995,deep-house
Drop,Ying Yang Twins,-0.9998,0.376,0.576,0.048,49,False,0.465,0.0342,2,-28.257,0,0.0401,0.992,0.939,0.103,0.059,152.054,ambient
Meant To Be,Yngwie Malmsteen,-0.6808,0.197,0.662,0.142,54,False,0.371,0.594,10,-5.908,0,0.041,0.0874,2.83e-05,0.238,0.234,104.215,edm
Today Is The Day,Yo La Tengo,-0.0516,0.022,0.958,0.02,42,False,0.527,0.929,2,-3.473,1,0.0451,0.0164,0.0,0.1,0.543,119.985,world-music
Growing Pain,Yoko Ono,0.9531,0.132,0.562,0.306,25,True,0.482,0.576,1,-15.788,1,0.876,0.87,0.0,0.955,0.245,100.29,comedy
Darling Girl,Yolanda Adams,0.998,0.007,0.757,0.236,28,False,0.473,0.1,9,-15.673,1,0.032,0.854,0.00499,0.105,0.366,166.337,bluegrass
Gone Gone Gone,You Am I,-0.9627,0.146,0.796,0.058,29,False,0.57,0.782,2,-5.601,1,0.0267,0.476,0.0321,0.126,0.668,105.4,bluegrass
Rumble,You Am I,-0.5673,0.071,0.876,0.053,42,False,0.581,0.72,2,-5.77,1,0.0407,0.0014,0.000193,0.235,0.109,126.017,blues
Stray,You Am I,-0.8903,0.134,0.785,0.081,50,False,0.185,0.779,0,-4.295,0,0.0541,0.00137,1.23e-06,0.0944,0.263,159.076,grunge
Lose My Mind,Young Buck,-0.089,0.105,0.788,0.107,27,False,0.423,0.963,9,-4.197,0,0.0835,0.0462,0.973,0.0835,0.386,130.059,garage
Welcome Back,Young Jeezy,0.9853,0.139,0.659,0.202,0,False,0.764,0.744,1,-2.34,1,0.181,0.0109,0.000122,0.318,0.511,88.426,hardcore
Life Story,Z-Ro,-0.9976,0.215,0.663,0.122,0,True,0.44,0.956,7,-3.214,0,0.0695,0.00783,4.1e-05,0.331,0.372,144.987,iranian
Real,Z-Ro,0.9847,0.048,0.812,0.14,45,False,0.754,0.827,7,-4.613,1,0.0702,0.0689,5.27e-06,0.0949,0.67,111.957,latino
Bright,Zayn Malik,0.9976,0.008,0.708,0.284,0,False,0.646,0.431,6,-8.517,1,0.0262,0.637,6.99e-06,0.113,0.292,90.034,indie-pop
Feel This Way,Zebrahead,0.9817,0.039,0.801,0.161,65,False,0.757,0.405,10,-13.709,1,0.117,0.528,0.126,0.1,0.0537,124.014,french
Ignite,Zebrahead,-0.9735,0.102,0.864,0.034,71,False,0.681,0.864,8,-4.3,0,0.116,0.0208,3.98e-06,0.192,0.479,90.008,electro
The Setup,Zebrahead,-0.8622,0.091,0.857,0.051,61,True,0.908,0.738,1,-4.933,1,0.271,0.143,0.0,0.0829,0.79,95.954,hardcore
Generation,Ziggy Marley,-0.9539,0.177,0.721,0.102,15,True,0.789,0.661,5,-2.798,0,0.283,0.0888,1.87e-05,0.0645,0.65,124.964,breakbeat
